event,player_months,share_covered,median_max_games_per_day,kept
Resolution ch-VIE w 2014,50,0.000,1,False
Karpov vs Morovic m,2,0.000,1,False
Hampshire Open 2015,10,0.000,2,False
Yangzhou China WGM Basque,10,0.000,4,False
Navara vs Movsesian Simul,2,0.000,12,False
Pere Noel Open 2016,35,0.000,1,False
ch-NED Qualifier 2017,4,0.000,3,False
Memorial Day Classic 2017,12,0.000,1,False
Platja d'Aro Legends TB,2,0.000,2,False
North Queensland Open,8,0.000,2,False
195th MGU Open 2017,10,0.000,3,False
196th MGU Open 2017,8,0.000,3,False
197th MGU Open 2017,10,0.000,3,False
198th MGU Open 2017,7,0.000,3,False
200th MGU Open 2017,15,0.000,3,False
201st MGU Open 2018,8,0.000,3,False
203rd MGU Open 2018,4,0.000,3,False
204th MGU Open 2018,5,0.000,2,False
Hou vs Karpov Match 2018,2,0.000,3,False
205th MGU Open 2018,8,0.000,3,False
206th MGU Open 2018,4,0.000,2,False
207th MGU Open 2018,9,0.000,3,False
208th MGU Open 2018,3,0.000,2,False
210th MGU Open 2018,6,0.000,2,False
11th Hristo Gerenski Mem,31,0.000,1,False
212th MGU Open 2018,4,0.000,1,False
16th Red River Shoot,6,0.000,2,False
Kupreichik Mem GM 2018,13,0.000,5,False
10th London Classic 2018,4,0.000,6,False
Maribor-RUS Friendly,6,0.000,6,False
11th London Classic 2019,4,0.000,8,False
30th World Ch Corr. Final,13,0.000,12,False
Giri-Jorden van Foreest m,2,0.000,4,False
Pepe Cuenca Invitational,8,0.000,13,False
Carlsen Inv Prelim,8,0.000,5,False
Giri-Vidit Training Match,2,0.000,4,False
Molodezhka vs ITA 2020,14,0.000,6,False
Molodezhka vs ISR 2020,14,0.000,8,False
Carlsen Inv Final 4,4,0.000,6,False
Molodezhka vs CRO 2020,14,0.000,8,False
Molodezhka vs CUB 2020,14,0.000,8,False
Isolated Queens Swiss II,65,0.000,7,False
1st OEISM Zwischenrunde,104,0.000,13,False
Oleg Kalinin Memorial Sim,7,0.000,1,False
ch-GER Internet 2020,14,0.000,13,False
ITA vs ISR Team Battle,12,0.000,9,False
Molodezhka vs POL 2020,14,0.000,7,False
FIDE Steinitz Mem Open,10,0.000,6,False
FIDE Steinitz Mem Women,10,0.000,6,False
FIDE Steinitz Women TB,2,0.000,1,False
Play for Russia Prelim,8,0.000,7,False
Play for Russia Final,4,0.000,5,False
Chessbrah Inv May 2020,6,0.000,8,False
Gladiators May 5th 2020,6,0.000,10,False
Gladiators May 14th 2020,6,0.000,10,False
Ramadan Masters 2020,26,0.000,4,False
Lindores Abbey Prelim,12,0.000,4,False
Lindores Abbey Final 8,10,0.000,5,False
Chebanenko Memorial,10,0.000,5,False
Gladiators May 18th-22nd,6,0.000,14,False
Clutch Champions Showdown,4,0.000,6,False
PNWCC Masters 2020,101,0.000,3,False
Gladiators May 27th-28th,6,0.000,9,False
RUS-BLR U-16 Team Battle,10,0.000,8,False
RUS-BLR U16 Team Battle 2,12,0.000,9,False
New York vs. Singapore,56,0.000,2,False
Clutch Chess Showdown Int,8,0.000,6,False
C'Chartres Showmatch 1,2,0.000,8,False
C'Chartres Showmatch 2,2,0.000,8,False
C'Chartres Showmatch 3,2,0.000,8,False
Gladiators June 4th 2020,2,0.000,9,False
Gladiators FR June 4 2020,2,0.000,6,False
RUS-KAZ U-16 Team Battle,10,0.000,8,False
BLR-UKR U16 Team Battle,12,0.000,8,False
MrDodgy Invitational 2020,8,0.000,12,False
Mahfoud Boudiba Mem Inv,16,0.000,15,False
Microsoft Leogaming Final,4,0.000,4,False
Iberoamericano Chess24,66,0.000,6,False
ISR-UKR U-17 Team Battle,14,0.000,10,False
AZE-UKR U16 Team Battle,12,0.000,9,False
Sarajevo-Sloboda Tuzla m,16,0.000,1,False
Chessable Masters GpA,6,0.000,5,False
Chessable Masters GpB,6,0.000,5,False
PNWCC Super Match 2020,2,0.000,1,False
ch-Lviv CC Quarantine,9,0.000,2,False
Russia Jun - Gurukul Team,14,0.000,9,False
BRA-RUS Team Battle,14,0.000,8,False
RUS-AZE U16 Team Battle,12,0.000,9,False
Chessable Masters Final 8,12,0.000,7,False
1st Ismagambetov Mem 2020,62,0.000,6,False
SM Maisuradze-Hejazipour,2,0.000,8,False
UKR-ITA U20 Team Battle,26,0.000,13,False
RUS-AUS U16 Team Battle,10,0.000,8,False
PNWCC Super SOS,4,0.000,1,False
PNWCC Super Rising Stars,4,0.000,1,False
Grandmaster Battle 2 2020,2,0.000,4,False
Fiona's Fight Night 3,2,0.000,14,False
Gladiators July 3rd 2020,2,0.000,10,False
Gladiators July 8th 2020,2,0.000,10,False
AZE-TUR U16 Team Battle,12,0.000,9,False
AZE-BLR U16 Team Battle,14,0.000,9,False
Legends of Chess Prelim,10,0.000,5,False
Reines de Brest 2020,8,0.000,14,False
Legends of Chess Final,8,0.000,7,False
Carlsen Tour Final 2020,4,0.000,7,False
Friendship Match AZE-TUR,17,0.000,2,False
Fiona's Fight Night 4,2,0.000,10,False
AZE-KAZ U16 Team Battle,20,0.000,11,False
ch-USA Cadet 2020,8,0.000,3,False
UKR-LBN Solidarity Match,11,0.000,7,False
Yerevan Cup 2020,8,0.000,10,False
ch-USA Junior Girls 2020,10,0.000,3,False
Nguyen-Short Match 2020,2,0.000,4,False
Monte Carlo Women's Cup,4,0.000,6,False
ch-USA Senior 2020,10,0.000,3,False
ch-USA Women 2020,12,0.000,3,False
ch-USA 2020,12,0.000,3,False
Yuri Razuvaev Mem Final,2,0.000,2,False
Gaprindashvili Cup Open 2,37,0.000,3,False
Gaprindashvili Cup Women,36,0.000,3,False
Skilling Open Prelim,16,0.000,5,False
Ayelen Invitational 2020,8,0.000,6,False
Gaprindashvili Cup KO 3,16,0.000,6,False
Gaprindashvili Cup w KO 3,16,0.000,8,False
Infoszach Masters 2020,8,0.000,10,False
Skilling Open KO 2020,8,0.000,6,False
PNWCC Thanksgiving U2200,6,0.000,1,False
11th Hainan Danzhou GM,8,0.000,3,False
Super Juniors CB IND KO,4,0.000,6,False
ch-CHN 2020,12,0.000,1,False
ch-CHN Women 2020,12,0.000,1,False
Sebinhoo Invitational TB,3,0.000,2,False
Rilton Winners Cup Qual 2020,2,0.000,2,False
Rilton Winners Cup 2020,18,0.000,3,False
Rilton Masters vs Juniors,9,0.000,4,False
TCh-FRA Top 16 Philidor,16,0.000,12,False
PNWCC Super G60 Jan Gp2,15,0.000,3,False
Schools Friendly U17 2021,46,0.000,9,False
WA State High School Ind,11,0.000,1,False
Eesti Masters 2021,8,0.000,4,False
Bogdanovich Mem Final TB,2,0.000,3,False
World Corporate East E,74,0.000,2,False
Magnus-Alireza 27th Feb,2,0.000,33,False
ch-URU Women Hybrid 2021,7,0.000,2,False
Magnus Carlsen Inv Prelim,16,0.000,5,False
Magnus Carlsen Inv Qual,4,0.000,6,False
Insignis Women's Day 2021,8,0.000,8,False
Levitov Ivanchuk-Gelfand,2,0.000,8,False
Magnus Carlsen Inv KO,8,0.000,4,False
ch-URU Women TB 2021,2,0.000,1,False
Hobbits Invitational 2021,23,0.000,25,False
Levitov Match March 24th,2,0.000,14,False
Crestbook Shipov-Bareev,2,0.000,20,False
Levitov Esipenko-Bortnik,2,0.000,14,False
NIC Classic Prelim 2021,16,0.000,5,False
Euro Small Nations Hybrid,10,0.000,1,False
DM Carlsen-Artemiev 2021,2,0.000,18,False
DM Carlsen-Dubov 2021,2,0.000,14,False
Meltwater Indian Qualfier,16,0.000,4,False
MrDodgy Invitational 2,16,0.000,11,False
2nd Chartres Match 3 2021,2,0.000,1,False
FTX Crypto Cup Prelim,16,0.000,5,False
Am. World Cup QGp6,14,0.000,1,False
Am. World Cup QGp7,14,0.000,1,False
Am. World Cup QGp8,14,0.000,1,False
AICF World Cup Qualifier,17,0.000,4,False
Levitov Kramnik-Grischuk,2,0.000,10,False
NC World Masters 2021,2,0.000,1,False
Levitov Zhigalko-Shimanov,2,0.000,14,False
LCL Shimanov-Lintchevski,2,0.000,12,False
7th Gashimov Mem TB,2,0.000,1,False
Kazan Mayor's Cup 2022,10,0.000,5,False
Siberian Tiger Cup TB,2,0.000,2,False
Eesti Masters 2022,8,0.000,4,False
18th Moscow Stars Prelim,4,0.000,2,False
18th Moscow Stars Final,2,0.000,3,False
18th Moscow Stars 3rd-4th,2,0.000,3,False
FTX Crypto Cup 2022,8,0.000,6,False
Meltwater Tour Final 2022,8,0.000,7,False
Region Group Cup 2022,10,0.000,3,False
Dronavalli-Zhu Classical,2,0.000,1,False
University Challenge,2,0.000,4,False
Yinzhou Cup Women 2022,4,0.000,3,False
I'M Not A GM Final KO,4,0.000,25,False
Region Group Cup 2023,8,0.000,5,False
Bolton Easter 2024,12,0.000,2,False
Clash of Claims 2024,2,0.000,10,False
Clash of Blames 2024,2,0.000,12,False
Battle of Generations Bli,2,0.000,12,False
Region Group Cup TB 2024,2,0.000,2,False
Champions Showdown Kings,6,0.000,3,False
Niemann-Dubov Levitov m,2,0.000,9,False
Clash of Generations 2025,2,0.000,2,False
Niemann-Dubov Raketa m,2,0.000,11,False
Niemann-Giri Rematch 2025,2,0.000,18,False
ACF World Cup Qual Phase1,3,0.000,16,False
Niemann-Giri Rerematch,2,0.000,13,False
Las Vegas PlayIn KO 5-8,4,0.000,7,False
Ibarra-Oro ICC Match 2025,2,0.000,12,False
Clutch Chess: The Legends,2,0.000,4,False
Clutch Chess: Champions,4,0.000,6,False
Dyulgerov-Oro ICC Match,2,0.000,12,False
Zhu-Andreikin Classical,2,0.000,1,False
ch-BUL 2025,10,0.000,2,False
16th Hainan Danzhou GM B,4,0.000,3,False
Hainan Danzhou KO Lower,4,0.000,4,False
Jerusalem Masters KO 2025,4,0.000,6,False
Essex Championship 2026,11,0.000,3,False
Naroditsky Mem Creator,10,0.000,9,False
Niemann-Giri Match 2026,2,0.000,13,False
WSCC 2026,2,0.000,21,False
GCT Finals 2026,4,0.000,6,False
XX Rio Grande Domingo Int,509,0.004,7,False
Abierto ArcelorMittal,205,0.005,7,False
KCF University Cup 2021,301,0.023,4,False
World Corporate East A,81,0.025,2,False
World Corporate West A,40,0.025,2,False
World Corporate East F,77,0.026,2,False
Asian Nations Finals 2020,37,0.027,2,False
BUCA 2018,36,0.028,3,False
BUCA 2020,36,0.028,3,False
World Corporate East B,71,0.028,2,False
Schools Friendly U11 2021,35,0.029,7,False
44th Zurich Christmas,34,0.029,2,False
Checkmate Covid Rematch,65,0.031,13,False
PNWCC Masters WOO 2020,120,0.033,3,False
1st Anfield Cup 2022,29,0.034,2,False
11th Sharjah Women Prelim,315,0.035,10,False
RBI Open Qualifier 3 2020,84,0.036,8,False
Women's Day Play Magnus,26,0.038,6,False
Am. World Cup Q Prelim,102,0.039,5,False
World Corporate East D,68,0.044,2,False
Asian University Boys,42,0.048,3,False
Asian Zonal 3.1 2021,21,0.048,1,False
ch-POL Academic Men 2020,62,0.048,3,False
UKR-KAZ U16 Team Battle,20,0.050,11,False
Meltwater Tour Final 2021,20,0.050,7,False
PNWCC Super G60 Mar Gp2,18,0.056,3,False
RBI Open Qualifier 2 2020,88,0.057,9,False
FISU World University,331,0.057,3,False
TCh-FRA 16 La Bourdonnais,17,0.059,12,False
Memorial Day Classic 2016,16,0.062,1,False
UT-RGV vs Kozminski Uni,16,0.062,8,False
BLR-ARM Team Battle,16,0.062,11,False
Chess24 Banter Final 2020,16,0.062,9,False
PNWCC PDT Section 1 2021,16,0.062,3,False
World Corporate Final,32,0.062,2,False
Goldmoney Asian Prelim,16,0.062,5,False
MrDodgy Inv 3 GpA,16,0.062,15,False
Region Group Cup 2024,16,0.062,5,False
61st Parana Teams Women,15,0.067,2,False
FIDE World Corporate GpA,44,0.068,5,False
Resolution ch-VIE 2014,57,0.070,1,False
ch-PHI w 2016,14,0.071,2,False
Russia Jun-Gurukul Team 2,14,0.071,10,False
TUR-UKR Friendship U20,28,0.071,2,False
Am. World Cup QGp2,14,0.071,1,False
Am. World Cup QGp3,14,0.071,3,False
PNWCC Super G60 Mar Gp1,27,0.074,3,False
FIDE World Corporate GpB,40,0.075,4,False
48th Annual World Open,119,0.076,3,False
PNWCC Super G60 Apr Gp2,26,0.077,3,False
Ugra vs Mongolia Men,13,0.077,3,False
ch-FRA Jeunes U20 2020,50,0.080,9,False
Yialos Open 2023,25,0.080,1,False
Asian Nat Cup Women Final,37,0.081,2,False
90th ch-St Petersburg,12,0.083,1,False
2nd IMSA Basque w 2017,12,0.083,6,False
RUS-ITA U-16 Team Battle,12,0.083,10,False
Bogdanovich Mem Final,131,0.084,13,False
World Corporate West B,46,0.087,2,False
World Corporate East C,79,0.089,2,False
202nd MGU Open 2018,11,0.091,3,False
College Final Four 2021,22,0.091,3,False
105th ch-IRL 2026,55,0.091,1,False
PNWCC Thanksgiving Open,54,0.093,3,False
BUCA 2017,42,0.095,2,False
ch-VIE Masters 2017,21,0.095,2,False
ch-VIE Masters Women 2017,21,0.095,2,False
CCCSA Charlotte Feb Open,42,0.095,3,False
199th MGU Open 2017,10,0.100,3,False
RUS-AUS U16 Team Battle 2,10,0.100,8,False
World City of Silla 2020,10,0.100,4,False
ch-USA Junior 2020,10,0.100,3,False
Tajfun Challenge Men 2020,10,0.100,9,False
Tajfun Challenge Women,10,0.100,9,False
30th North American Open,50,0.100,2,False
Gelfand Challenge 2021,20,0.100,5,False
Asian University Women,30,0.100,3,False
Maria Firescu-Nadejde Mem,10,0.100,9,False
Ganira Pashayeva Mem Bli,10,0.100,18,False
ch-VIE 2019,38,0.105,2,False
VIE Team Pairs 2015,9,0.111,1,False
ch-POL Academic Team 2020,79,0.114,3,False
3rd Buturina Mem 2023,35,0.114,1,False
104th ch-Marshall CC 2020,17,0.118,2,False
CCCSA Charlotte Open 2021,75,0.120,3,False
51st National Congress,41,0.122,3,False
VIE Team Men 2015,56,0.125,1,False
209th MGU Open 2018,8,0.125,3,False
Turning Torso Chess 2019,8,0.125,14,False
Mark Dvoretsky Mem 2019,8,0.125,7,False
80th Noteboom 4 Player Gp,8,0.125,3,False
Chess24 Banter QualC 2020,8,0.125,7,False
Shenzhen Nanshan Men 2023,8,0.125,4,False
Montreal Christmas Open,23,0.130,1,False
RBI Open Qualifier 1 2020,113,0.133,6,False
Worldwide Chessteam Apr,45,0.133,10,False
Am. World Cup QGp1,15,0.133,1,False
Panticapaeum Cup 2021,15,0.133,1,False
PNWCC Super G60 Feb Gp2,22,0.136,3,False
PRO League KO Stage 2020,73,0.137,4,False
11th Dziedzica Mem 2021,58,0.138,2,False
11th Sharjah Women Final,36,0.139,5,False
Harikrishna vs Novy Bor,7,0.143,1,False
Gareyev Blindfold Simul,7,0.143,1,False
61st Parana Teams 2018,21,0.143,2,False
Achim Soltau Mem Corr 2016-20,7,0.143,6,False
Chessable Qualifier 2020,7,0.143,3,False
Am. World Cup QGp5,14,0.143,1,False
Siberian Tiger Cup 2022,7,0.143,3,False
ch-NED Qualification 2026,14,0.143,7,False
Levitov Christmas Q3,89,0.146,3,False
RBI Open Final 2020,27,0.148,3,False
PNWCC Super G60 Feb Gp1,27,0.148,3,False
10th Blondes vs Brunettes,20,0.150,6,False
14th Blondes vs Brunettes,20,0.150,10,False
PNWCC PDT Section 2 2021,13,0.154,2,False
ch-POL Academic Team 2021,117,0.154,2,False
Riyadh Calendar Chess,91,0.154,5,False
ch-NED Qualification 2024,13,0.154,7,False
26th Arnold Denker 2020,32,0.156,3,False
ECF Charity Marathon UKR,51,0.157,9,False
2nd Buturina Mem 2022,49,0.163,3,False
Kasparov Simul Pula 2015,6,0.167,1,False
ACP Masters GpB 2015,6,0.167,3,False
Kasparov Simul 2016,6,0.167,1,False
15th Red River Shootout,6,0.167,2,False
2nd IMSA Basque 2017,12,0.167,6,False
17th Red River Shoot,6,0.167,2,False
Levitov Christmas Q2,90,0.167,3,False
Nizami Ganjavi-880 U17,138,0.167,3,False
NIC Classic KO 2021,12,0.167,4,False
27th Abu Dhabi Masters,24,0.167,3,False
MrDodgy Inv 3 Finals,18,0.167,11,False
Final ROU GP GpD,12,0.167,6,False
Gaudium Chess Masters A,6,0.167,10,False
1st Clasico-Bogota 2025,6,0.167,2,False
V Menorca Cerrado 2026,6,0.167,2,False
African Games Teams 2019,65,0.169,4,False
ch-POL Academic Men 2021,108,0.176,2,False
Yialos Open 2022,17,0.176,1,False
D.S. Shcherbin Mem 2024,45,0.178,1,False
Manny Pacquiao Open 2026,56,0.179,2,False
ch-POL Academic Women,139,0.180,2,False
Bunratty Masters 2015,44,0.182,3,False
9th Hercilio Ermel Mem,11,0.182,1,False
Ugra vs Mongolia Women,11,0.182,3,False
FishPartners Open 2026,33,0.182,3,False
PNWCC Super G60 2020,43,0.186,3,False
Trophee Roza Lallemand,220,0.186,7,False
SWVG Arnold Classic 2019,32,0.188,5,False
Salamanca Uni Masters,16,0.188,2,False
FIDE World Corporate KO,32,0.188,4,False
WSCC 2025,16,0.188,13,False
Levitov Christmas Q4,74,0.189,3,False
PNWCC Super G60 Jan Gp1,42,0.190,3,False
Levitov Christmas Q1,73,0.192,3,False
II Zujar - Villa Termal,164,0.195,6,False
Bogdanovich Mem Qual 2,97,0.196,6,False
SWE-DEN Match 2020,10,0.200,5,False
Russia-Latvia U-16 Team,10,0.200,9,False
Bogdanovich Mem Qual 3,75,0.200,5,False
Sabrina Invitational 2021,10,0.200,9,False
Baer Polgar Challenge,20,0.200,5,False
I Blechzin Memorial 2021,10,0.200,5,False
Turning Torso Chess 2021,10,0.200,9,False
MrDodgy Inv 3 GpB,15,0.200,14,False
Asia-Oceania Uni 2022,30,0.200,3,False
50th ch-LBN 2025,49,0.204,1,False
Final Disabilities Olym,39,0.205,1,False
Kyiv Chess Express 2024,34,0.206,3,False
ch-BUL 2023,24,0.208,2,False
IT Chess Cup Agentlocator,24,0.208,4,False
BUCA 2016,38,0.211,2,False
Levitov Christmas Q5,71,0.211,3,False
SWE-DEN Women's Match,14,0.214,5,False
UKR-MDA U18 Team Battle,14,0.214,9,False
Friendly Match UKR-SWE,14,0.214,10,False
Airthings Masters Prelim,28,0.214,4,False
VIE Team Women 2015,37,0.216,1,False
Southeast Dec Open 2014,9,0.222,1,False
EACU Open 2015,27,0.222,3,False
Pere Noel Open 2019,36,0.222,1,False
Asian University Men,45,0.222,3,False
Bogdanovich Mem Qual 1,124,0.226,6,False
3rd Stage Morshyn GP 2023,22,0.227,5,False
Ptuj Open 2015,52,0.231,2,False
Kurt Richter Mem 2025,30,0.233,1,False
ch-POL Academic Team 2018,132,0.235,2,False
Lidkoping Open 2019,68,0.235,3,False
III Pullman Riga Old Town,34,0.235,2,False
Kupreichik Mem Open 2018,97,0.237,4,False
Bunratty Masters 2016,46,0.239,3,False
34th Geraardsbergen Open,33,0.242,1,False
Asian Individual Hybrid,78,0.244,1,False
Swiss Queens Wed #6 2024,57,0.246,11,False
3rd Gran Canaria Menchik,73,0.247,8,False
US Chess League Wildcard 2014,16,0.250,1,False
1st Neoclassical Masters,8,0.250,7,False
ch-NED Qual 2015,4,0.250,3,False
Highlander Cup 2015,4,0.250,6,False
ACP Masters KO 2015,4,0.250,5,False
ch-NED Qualifier 2016,4,0.250,3,False
5th Karpov Trophy Prelim,8,0.250,2,False
Memorial Day Classic 2018,12,0.250,1,False
ch-Texas Women 2018,4,0.250,2,False
PRO League KO Stage TB 2020,8,0.250,1,False
Mahfoud Boudiba Mem Final,4,0.250,5,False
Pardubice Legends 2020,4,0.250,6,False
Chess24 Banter QualG 2020,8,0.250,8,False
Chess24 Banter QualH 2020,8,0.250,8,False
Vladimir Eljanov Mem 2020,108,0.250,5,False
KAZ-ROU Youth Friendly,24,0.250,2,False
RBI Open Wildcard 2020,4,0.250,3,False
Airthings Masters KO 2020,12,0.250,7,False
PNWCC WOW Open,76,0.250,3,False
Collegiate RUS-USA Women,8,0.250,4,False
10th Konjic International,20,0.250,2,False
Girls Between Us 2021,8,0.250,9,False
1st FIDE World Uni Final,8,0.250,7,False
Hybrid Berlin-Wien Classical,8,0.250,1,False
Vienna-Lisbon Hybrid m,8,0.250,1,False
FTX Crypto Cup KO 2021,8,0.250,6,False
Am. World Cup Q Final,8,0.250,7,False
Chessable Masters KO,8,0.250,7,False
Kramnik Challenge 2021,16,0.250,4,False
Kerkinitida Cup 2021,12,0.250,1,False
Sheikh Hamdan bin Rashid,24,0.250,3,False
4th Salamanca Masters,8,0.250,2,False
Rig 4 Nations Cup 2022,8,0.250,4,False
Hybrid Match ECU-Berlin,8,0.250,1,False
Airthings Masters KO 2022,8,0.250,4,False
Charity Cup Prelim,16,0.250,4,False
Final ROU GP GpA,12,0.250,6,False
51st UAE National Day,20,0.250,5,False
Final ROM GP KO,40,0.250,8,False
Yinzhou Cup Men 2022,4,0.250,3,False
19th Moscow Stars Prelim,4,0.250,3,False
19th Moscow Stars Final,4,0.250,3,False
AI Cup Div 1 W,8,0.250,5,False
I'M Not A GM GpA 2023,4,0.250,20,False
I'M Not A GM GpB 2023,4,0.250,15,False
I'M Not A GM GpC 2023,4,0.250,18,False
I'M Not A GM GpD 2023,4,0.250,16,False
Zakovat Gambit Final 2023,8,0.250,7,False
Chestnut Horse Open Final,12,0.250,11,False
16th Hainan Danzhou GM KO,4,0.250,5,False
Shenzhen Nanshan 2025,12,0.250,6,False
39th Leon GM 2026,4,0.250,6,False
TCh-EUR Senior +65 2026,68,0.250,1,False
KASPERSKY OPEN U16 2021,156,0.256,7,False
MatSK Weekender 2019,27,0.259,3,False
Aluston Open 2022,27,0.259,1,False
Swiss Queens Wed #4 2024,72,0.264,10,False
137th ch-New York State,26,0.269,1,False
ECTCC Open 2023,89,0.270,8,False
Swiss Queens Wed #45 2024,48,0.271,10,False
ch-POL Academic Men 2018,81,0.272,2,False
25th Bunratty Masters,55,0.273,3,False
FISU World University KO,66,0.273,1,False
47th Blackpool Conference,33,0.273,2,False
Swiss Queens Wed #2 2024,77,0.273,11,False
Sevastopol Waltz 2021,29,0.276,1,False
TCh-NED Cup 2016,18,0.278,2,False
European Hybrid Swiss TB,36,0.278,9,False
Swiss Queens Wed #46 2024,43,0.279,10,False
TCh-EUR Senior +50 2026,57,0.281,1,False
FishPartners Open 2022,32,0.281,3,False
Swiss Queens Wed #1 2024,85,0.282,10,False
136th Varsity Match 2018,14,0.286,1,False
Am. World Cup QGp4,14,0.286,1,False
Youth World Cup U18 Prel,127,0.291,2,False
32nd Teteven Open 2018,65,0.292,1,False
TCh-NED Cup 2015,17,0.294,2,False
FishPartners Open 2025,34,0.294,3,False
Swiss Queens Wed #3 2024,78,0.295,10,False
43rd ch-IND w Challengers,105,0.295,2,False
Scerbin D.S. Mem 2021,44,0.295,2,False
Swiss Queens Wed #44 2024,54,0.296,10,False
PNWCC Master Artist Point,118,0.297,3,False
China Women's Chess Open,77,0.299,4,False
Akim Cup Pavlodar 2015,10,0.300,3,False
4th Starodubtsev Mem 2018,10,0.300,6,False
China vs World Team 2018,10,0.300,6,False
Mark Dvoretsky Mem 2018,10,0.300,5,False
RSHSH Master Cup Oct 2018,10,0.300,1,False
5th Starodubtsev Mem 2019,10,0.300,5,False
Chess Stars Match 2019,10,0.300,10,False
SWE-DEN Match Dec 2020,10,0.300,4,False
Botvinnik Cup 2020,30,0.300,1,False
Mark Dvoretsky Mem 2021,10,0.300,5,False
Rotary ISR-GEO Final 2021,10,0.300,10,False
American Cup Champ,40,0.300,6,False
1st Kasimdzhanov Masters,10,0.300,5,False
5th SCO Teams 2023,30,0.300,5,False
BICAPAWN Xacobeo GP B4,83,0.301,4,False
Paul Keres Memorial 2017,53,0.302,3,False
Slovak Hybrid Teams 2021,33,0.303,2,False
27th Schwert von Luelsdorf 2016,36,0.306,2,False
MSU Cup 2024,36,0.306,3,False
Swiss Queens Wed #5 2024,75,0.307,10,False
ch-BUL w 2023,13,0.308,1,False
TCh-Paulista 2018,42,0.310,2,False
Vadim Malakhatko Mem 2023,168,0.310,7,False
Swiss Queens Wed #9 2024,61,0.311,10,False
SportAccord Basque 2014,16,0.312,6,False
MatSK Weekender 2020,32,0.312,3,False
ch-COL Amateur U2300 2020,16,0.312,2,False
Vidit Tour KO 2021,16,0.312,3,False
Youth World Cup U16 KO,16,0.312,2,False
FTX Road to Miami Prelim,16,0.312,4,False
Russian Cup Final 2022,16,0.312,3,False
Airthings Masters Div 2 W,16,0.312,4,False
Chessable Masters Div 1 W,16,0.312,5,False
Evgeny Sveshnikov Mem,236,0.314,8,False
2nd Pleven Open 2015,19,0.316,1,False
2nd European Corporate,38,0.316,4,False
Bronstein Memorial 2017,47,0.319,2,False
El Ksiba Open 2019,50,0.320,1,False
138th ch-New York State,28,0.321,1,False
46th Blackpool Conference,28,0.321,2,False
Aluston Open 2023,40,0.325,1,False
42nd Eastman Open 2019,89,0.326,1,False
Rodos Palace Open A 2026,52,0.327,1,False
40th Eastman Open 2017,79,0.329,1,False
41st Eastern Open 2014,24,0.333,1,False
Durham Open 2016,18,0.333,2,False
7th Stiljan Strugov Mem,9,0.333,1,False
43rd OKU 2016,39,0.333,1,False
Champions Showdown G5,6,0.333,12,False
Pere Noel Open 2018,30,0.333,1,False
ch-VIE w 2019,30,0.333,2,False
Hampshire Open 2019,12,0.333,2,False
Zenit vs Spartak Fans,12,0.333,2,False
Texas Shining Chess Jewel,6,0.333,3,False
Collegiate RUS-USA 2021,12,0.333,4,False
PNWCC Super G60 Apr Gp1,30,0.333,3,False
Loeberitz Honorary Award,6,0.333,3,False
GP Stage 5 Braila 2022,111,0.333,6,False
Final ROU GP GpB,12,0.333,6,False
Final ROU GP GpC,12,0.333,6,False
Airthings Masters Div 2 L,15,0.333,3,False
Gaudium Chess Masters B,6,0.333,10,False
1st China Chess King 2024,12,0.333,5,False
GRENKE Chess Classic 2024,6,0.333,2,False
XXXVI Dos Hermanas Active,48,0.333,1,False
ch-BUL 2024,21,0.333,2,False
Swiss Queens Wed #34 2024,36,0.333,10,False
Swiss Queens Wed #40 2024,51,0.333,10,False
126th US Open 2026,104,0.337,1,False
TCh-CAT Gp1 2015,273,0.337,1,False
Swiss Queens Wed #8 2024,68,0.338,10,False
4th Bournemouth Open 2015,41,0.341,2,False
FishPartners Open 2023,41,0.341,2,False
Pia Cramling Ladies Inv,32,0.344,3,False
TCh-Madrid 2014-15,331,0.344,1,False
Women's World Team Pool A,29,0.345,2,False
Priit Leito Memorial 2023,29,0.345,2,False
Eastern Economic Forum,26,0.346,5,False
Botvinnik Cup 2016,46,0.348,2,False
Carlsen vs. Challengers,23,0.348,1,False
4th Chinese new vigorous,20,0.350,2,False
Swiss Queens Wed #47 2024,57,0.351,11,False
Sevastopol Waltz Open,54,0.352,1,False
PGNiG Polish Cup Elblag,71,0.352,1,False
Hou Yifan Challenge 2021,17,0.353,5,False
15th Nat PRC RR Teams,48,0.354,4,False
ECTCC Women 2023,45,0.356,8,False
43rd ATS Ghent Open 2022,73,0.356,1,False
41st Eastman Open 2018,87,0.356,1,False
3rd China Mind Team KO,14,0.357,1,False
6th POL-HUN Open 2018,98,0.357,2,False
Chiburdanidze Cup Women,14,0.357,2,False
TCh-CAT Gp2 2018,277,0.357,1,False
ch-POL Academic Team 2016,120,0.358,2,False
E G Zudov Memorial 2023,53,0.358,1,False
32nd Untergrombach Open,47,0.362,1,False
4th POL-HUN Open 2016,94,0.362,1,False
Pere Noel Open 2022,41,0.366,2,False
US Chess League Wildcard 2015,30,0.367,1,False
Stavropol Cup 2019,19,0.368,2,False
39th Eastman Open 2016,84,0.369,1,False
PRO League Atlantic 2017,135,0.370,4,False
4th Karpov Trophy Prelim,8,0.375,2,False
5th Tilve Mem 2016,24,0.375,2,False
135th Varsity Match 2017,16,0.375,1,False
29th ch-Southern California,8,0.375,2,False
Adolf Anderssen Mem Final,8,0.375,7,False
30th ch-Southern Cal,8,0.375,2,False
Bistro Stella Limhamn,8,0.375,7,False
ch-GBR KO Prelim 2019,16,0.375,9,False
Chess24 Banter QualA 2020,8,0.375,8,False
Chess24 Banter QualE 2020,8,0.375,8,False
Chess24 Banter QualF 2020,8,0.375,8,False
Yuri Razuvaev Mem 2020,8,0.375,7,False
Sebinhoo Invitational,8,0.375,7,False
Hello Sakk Cup Capablanca,8,0.375,4,False
Hello Sakk Cup Smyslov,8,0.375,4,False
San Fermin Masters Final,8,0.375,8,False
12th Hainan Danzhou GM,8,0.375,3,False
2nd Paterna Int GpA 2021,8,0.375,7,False
MPL Indian Chess Tour #3,16,0.375,4,False
Julius Baer GenCup Prelim,16,0.375,4,False
Airthings Masters Div 1 W,8,0.375,5,False
6th Salamanca Masters,8,0.375,2,False
Final ROM GP KO 9-16,8,0.375,7,False
Weissenhaus Play-In KO,16,0.375,5,False
Las Vegas Play-In KO,16,0.375,4,False
Shenzhen Nanshan Men 2024,8,0.375,4,False
15th Nat Games Tm Prelim,53,0.377,3,False
38th Dos Hermanas Active,45,0.378,2,False
Botvinnik Cup 2026,45,0.378,2,False
Airthings Masters Div 3 L,29,0.379,3,False
Swiss Queens Wed #48 2024,50,0.380,10,False
Grand Prix Bucharest 2026,200,0.380,1,False
13th ROC Nova College,21,0.381,1,False
II Emilio Sanchez Jerez,63,0.381,1,False
Svenska Cup 2018,47,0.383,1,False
TCh-CAT Gp1 2018,279,0.384,1,False
38th Eastman Open 2015,86,0.384,1,False
MSU Interuniversity Cup,39,0.385,3,False
TCh-CAT Gp2 2015,274,0.387,1,False
18th Chefchaouen Op 2019,36,0.389,1,False
Chess Super League 2021,36,0.389,1,False
54th ch-IND Challengers,95,0.389,1,False
TCh-POL 2nd League 2026,385,0.392,1,False
1st Peter Poobalasingam,33,0.394,1,False
Swiss Queens Wed #7 2024,71,0.394,11,False
Swiss Queens Wed #36 2024,48,0.396,10,False
ch-Antalya 2014,25,0.400,2,False
Edmonton Invitational 2015,10,0.400,3,False
FishPartners Open 2019,35,0.400,3,False
35th Geraardsbergen Open,35,0.400,1,False
ITT Mendoza IM 2020,10,0.400,2,False
Moma Vucicevic Mem 2019,62,0.403,2,False
RM Kura Mem 2021,57,0.404,2,False
33rd Nikaia Open 2026,32,0.406,1,False
BICAPAWN Xacobeo GP B3,71,0.408,5,False
Swiss Queens Wed #25 2024,44,0.409,9,False
Swiss Queens Wed #37 2024,39,0.410,10,False
Swiss Queens Wed #43 2024,56,0.411,11,False
Airthings Masters Play-In,146,0.411,9,False
12th Blondes vs Brunettes,17,0.412,8,False
TCh-NED Cup 2026,17,0.412,3,False
Artem Sachuk Mem 2024,29,0.414,4,False
US Chess League 2014,216,0.417,1,False
AZE-GEO U16 Team Battle,12,0.417,9,False
Julius Baer WSCC 2024,24,0.417,18,False
NK Snelschaken Final 2025,12,0.417,11,False
39th Blackpool Conference,31,0.419,2,False
Airthings Masters Div 3 W,31,0.419,3,False
TCh-CAT Gp1 2016,276,0.420,1,False
Lidkoping Open 2018,19,0.421,1,False
ECTCC Youth 2023,38,0.421,7,False
BICAPAWN Xacobeo GP B1,90,0.422,3,False
Botvinnik Cup 2024,45,0.422,2,False
12th Dziedzica Mem 2022,52,0.423,2,False
15th Nat Games Ind Prelim,26,0.423,3,False
Swiss Queens Wed #18 2024,47,0.426,10,False
US Chess League KO TB 2014,7,0.429,1,False
BICAPAWN Xacobeo GP B2,70,0.429,4,False
35th Augsburg Inv Masters,14,0.429,1,False
Kilkenny Masters 2023,14,0.429,2,False
Swiss Queens Wed #32 2024,49,0.429,10,False
TCh-CAT Gp2 2016,281,0.431,1,False
42nd Blackpool Conference,37,0.432,2,False
FishPartners Open 2024,37,0.432,2,False
3rd Del Valles IM 2015,30,0.433,1,False
SportAccord Basque w 2014,16,0.438,6,False
IMSA Basque 2016,16,0.438,6,False
TCh-NED Cup 2018,16,0.438,2,False
Dvoretsky Mem Classical,16,0.438,2,False
13th Blondes vs Brunettes,16,0.438,8,False
China-Africa Friendship,16,0.438,4,False
144th Varsity Match 2026,16,0.438,1,False
10th OGD Prinsenstad 2017,27,0.444,2,False
Swiss Queens Wed #13 2024,54,0.444,10,False
Bronstein Memorial 2025,83,0.446,1,False
8th Dziedzica Mem 2018,56,0.446,1,False
42nd OKU 2015,58,0.448,1,False
5th Basamro Int 2017,29,0.448,2,False
Chessable Masters Play-In,523,0.451,9,False
43rd Blackpool Conference,31,0.452,2,False
TCh-CAT Gp2 2017,281,0.452,1,False
1st All-Ukrainian Morshyn,42,0.452,2,False
116th US Open 2015,132,0.455,1,False
Liepajas Rokade Open 2017,22,0.455,2,False
Ennis Congress 2018,11,0.455,1,False
5th Hercilio Ermel Mem,11,0.455,1,False
Irish New Year IM 2022,11,0.455,2,False
Asian Zonal zt 3.2 2021,35,0.457,1,False
Chessable Masters Prelim,48,0.458,5,False
Swiss Queens Wed #26 2024,48,0.458,10,False
Jerusalem Masters 2025,24,0.458,4,False
Swiss Queens Wed #42 2024,50,0.460,10,False
6th Boardwalk Open 2015,13,0.462,1,False
Swiss Queens Wed #38 2024,39,0.462,10,False
Grand Prix Bucharest 2025,166,0.464,1,False
Atlantis Open 2015,28,0.464,2,False
Swiss Queens Wed #19 2024,43,0.465,10,False
7th SCO Int Team 2025,43,0.465,4,False
TCh-CAT Gp2 2019,281,0.466,1,False
TCh-NED Cup 2024,15,0.467,2,False
Shanghai Haiwan Cup 2024,15,0.467,4,False
Lysenko Mem 2026,30,0.467,4,False
Swiss Queens Wed #14 2024,47,0.468,10,False
Swiss Queens Wed #41 2024,49,0.469,10,False
41st Blackpool Conference,34,0.471,2,False
Bronstein 100 Mem Open,68,0.471,2,False
ISF Gymnasiade Bahrain b,17,0.471,1,False
TCh-NED Cup 2025,17,0.471,2,False
2nd Swindon Open 2026,51,0.471,2,False
TCh-CAT Gp1 2017,271,0.472,1,False
18th Oscaro.com Open 2014,38,0.474,1,False
Polish Independence 2024,59,0.475,2,False
Adolf Anderssen Mem 2026,153,0.477,7,False
PRO League Eastern 2017,136,0.478,4,False
100th Ann. Silesian Chess,182,0.478,2,False
TCh-CAT Gp1 2019,276,0.478,1,False
Chess Slovak Open 2026,46,0.478,1,False
Swiss Queens Wed #31 2024,48,0.479,10,False
Swiss Queens Wed #20 2024,50,0.480,10,False
1st Patagonia Open 2015,52,0.481,1,False
Jan-Krzysztof Duda Cup,52,0.481,3,False
National Junior High K9,27,0.481,1,False
121st US Open 2021,91,0.484,1,False
8th Olkhovsky Mem 2021,37,0.486,3,False
9th OGD Prinsenstad 2016,41,0.488,2,False
Swiss Queens Wed #39 2024,47,0.489,10,False
Swiss Queens Wed #15 2024,51,0.490,10,False
ch-POL Academic Men 2015,165,0.491,2,False
Swiss Queens Wed #23 2024,55,0.491,10,False
Weissenhaus Play-In Swiss,246,0.492,5,False
Tkachiev Simul in Acton,2,0.500,1,False
133rd Varsity Match 2015,16,0.500,1,False
3rd Maksym Yusupov Mem,10,0.500,3,False
FSFMA May 2015,10,0.500,1,False
ch-NED Qual TB 2015,2,0.500,3,False
27th ch-Southern Cal,8,0.500,2,False
Leko-Li Chao Match 2015,2,0.500,1,False
1st ch-EUR University w,14,0.500,1,False
4th Karpov Trophy 2015,4,0.500,5,False
Showdown Basque 2 2015,2,0.500,2,False
ACP Masters GpA 2015,6,0.500,3,False
5th Zurich CC Match,2,0.500,2,False
ch-CUB Final 2016,4,0.500,2,False
IMSA Basque w 2016,16,0.500,6,False
EGC Chess Go Match 2016,2,0.500,2,False
6th Dziedzica Mem 2016,60,0.500,2,False
Play Live Challenge 2016,6,0.500,1,False
Short-Hou Yifan m,2,0.500,1,False
Millionaire KO U2400,4,0.500,8,False
Hampshire Open 2016,8,0.500,2,False
Magnus Inv Simul 2017,2,0.500,1,False
Jurmala Festival Match,2,0.500,3,False
5th POL-HUN Open 2017,146,0.500,2,False
Cez Trophy 2017,2,0.500,4,False
30th Leon GM 2017,4,0.500,6,False
Paehtz-Kosteniuk Match,4,0.500,1,False
TX Armed Forces 2017,6,0.500,1,False
Scarborough Congress 2017,2,0.500,1,False
194th MGU Open 2017,8,0.500,3,False
6th Karpov Trophy Match,2,0.500,1,False
Carlsen-Ding Showdown G5,2,0.500,12,False
ch-GBR KO 2017,8,0.500,4,False
Matches of Chess Stars,2,0.500,2,False
Beliavsky-Sveshnikov Basque,2,0.500,4,False
Cez Trophy 2018,2,0.500,3,False
4th Gideon Japhet Mem Cup,6,0.500,2,False
31st Leon GM 2018,4,0.500,6,False
6th Kings Place Open 2017,14,0.500,1,False
RUS-CHN Junior GM Match,2,0.500,4,False
North Carolina Closed,22,0.500,2,False
Holuj-Radzikowska Basque,10,0.500,10,False
CCCSA Spring IM 2019,10,0.500,2,False
Nguyen-Timman Match 2019,2,0.500,4,False
ch-GBR KO 2019,8,0.500,6,False
Jerusalem FIDE Grand Prix,16,0.500,2,False
Yinzhou Cup Men 2019,4,0.500,4,False
Yinzhou Cup Men TB 2019,2,0.500,1,False
138th Varsity Match 2020,16,0.500,1,False
ch-UZB 2020,18,0.500,1,False
ch-UZB Women 2020,20,0.500,1,False
Showmatch Delorme-Dardha,2,0.500,8,False
SM Lagarde-Maurizzi 2020,2,0.500,8,False
SM Lagarde-Guliyev 2020,2,0.500,8,False
ch-POL 2020,16,0.500,3,False
Chess24 Banter QualD 2020,8,0.500,7,False
SM Cornette-Stephan 2020,2,0.500,8,False
SM Mamedov-Lagarde 2020,2,0.500,8,False
SM Maurizzi-Medvegy 2020,2,0.500,8,False
ch-USA Junior TB 2020,2,0.500,3,False
Vl Eljanov Mem Final 2020,8,0.500,4,False
73rd ch-RUS 2020,12,0.500,1,False
Levitov Kramnik-Dubov m,2,0.500,10,False
44th Moscow-St Petersburg,12,0.500,2,False
SM Maurizzi-Edouard 2021,2,0.500,8,False
Hello Sakk Cup Botvinnik,8,0.500,4,False
1st FIDE World Uni Women,8,0.500,7,False
Sveshnikov-Gabrielyan m,2,0.500,6,False
34th Leon Young Talents,4,0.500,4,False
Levitov Mamedov-Oparin,2,0.500,11,False
Levitov Bortnik-Rasulov,2,0.500,11,False
Youth World Cup U14 KO,16,0.500,2,False
Levitov Matlakov-Bluebaum,2,0.500,11,False
Maia Chiburdanidze Cup,12,0.500,2,False
Levitov Bluebaum-Rasulov,2,0.500,13,False
Levitov Zhigalko-Svane,2,0.500,11,False
Levitov Bortnyk-Mamedov,2,0.500,11,False
2nd Paterna Int GpB 2021,8,0.500,7,False
139th Varsity Match 2021,16,0.500,1,False
Karpov Trophy Final 2021,4,0.500,4,False
1st Resovia Chess Masters,16,0.500,2,False
13th Lublin GM 2021,4,0.500,3,False
249th YMCA Autumn B 2021,48,0.500,1,False
Confronto de Geracoes,6,0.500,2,False
Levitov Chess 50k 2022,8,0.500,7,False
140th Varsity Match 2022,16,0.500,1,False
Millennium Hybrid Masters,40,0.500,1,False
TBMM Cup Gp 1 2022,6,0.500,2,False
PGNiG POL Cup Elblag KO,16,0.500,4,False
Ivanchuk vs Maurizzi 2022,2,0.500,8,False
35th Leon GM 2022,4,0.500,7,False
Duda-Ivanchuk Help UKR m,2,0.500,8,False
Charity Match Lviv-Berlin,8,0.500,2,False
13th Hainan Danzhou GM,8,0.500,3,False
Baer Challenge Final,2,0.500,3,False
Final ROM GP GpD TB,2,0.500,1,False
Final ROM GP GpB TB,2,0.500,1,False
Talent Match,2,0.500,4,False
50th Rilton Cup Match,2,0.500,2,False
Airthings Play-In Match,76,0.500,2,False
141st Varsity Match 2023,14,0.500,1,False
Chessable Masters Div 1 L,14,0.500,3,False
Grand Prix Bucharest 2023,178,0.500,2,False
ch-CZE Women 2023,12,0.500,3,False
MNE World Cup Qual 2023,8,0.500,6,False
Cez Trophy 2023,2,0.500,4,False
Malakhatko 40Day Mem 2023,10,0.500,9,False
Asian Games Women 2023,30,0.500,3,False
Shenzhen Nanshan Women,16,0.500,4,False
Che CUB vs Kerala Classic,8,0.500,1,False
EBRD Charity for UKR 2023,2,0.500,4,False
Bridgeopolis Thanksgiving,12,0.500,2,False
142nd Varsity Match 2024,16,0.500,1,False
ch-UZB Women 2024,18,0.500,2,False
U25 Olympiad Training,10,0.500,3,False
37th Leon GM 2024,4,0.500,4,False
CEZ Trophy CZE-ISR 2024,4,0.500,4,False
ch-BUL Women 2024,12,0.500,2,False
ch-BUL Women TB 2024,2,0.500,2,False
97th ch-FRA 2024,16,0.500,4,False
Julius Baer Gen Cup D1 W,10,0.500,4,False
Superfinal of LDUFK Chess,10,0.500,9,False
ch-AZE Women 2025,16,0.500,2,False
143rd Varsity Match 2025,16,0.500,1,False
Ju Wenjun vs Gurel Match,2,0.500,8,False
Karpov Cup - 50 years,10,0.500,3,False
ChessKid Youth U16 GpB,6,0.500,10,False
ChessKid Youth U16 KO,4,0.500,9,False
38th Leon GM 2025,4,0.500,6,False
III Turkic Universiade,20,0.500,1,False
15th Nat PRC RR Men,12,0.500,5,False
15th Nat PRC KO Men,4,0.500,3,False
8th Salamanca Masters,6,0.500,3,False
Kavutskiy-Oro ICC Match,2,0.500,10,False
Niepodleglosci 2025,60,0.500,2,False
Woodward-Oro ICC Match,2,0.500,12,False
16th Hainan Danzhou GM A,4,0.500,3,False
Usov-Shogjiev Match Cl,2,0.500,2,False
ch-CAT 2026,16,0.500,3,False
4th China Chess King Stg3,8,0.500,5,False
126th US Open TB 2026,2,0.500,1,False
Yuriy Rastryopin Mem 2026,10,0.500,2,False
Gudrat Ismayilov Mem GM,10,0.500,2,False
Gudrat Ismayilov Mem IM,10,0.500,2,False
ch-POR 2026,10,0.500,2,False
Lindores Abbey Tal Mem,119,0.504,18,False
Jerusalem Open 2024,69,0.507,1,False
Swiss Queens Wed #35 2024,51,0.510,10,False
Goteborg Open 2022,39,0.513,3,False
Chessable Masters Div 3 W,64,0.516,5,False
Swiss Queens Wed #16 2024,64,0.516,10,False
World Chess Woman Summit,60,0.517,5,False
13th World Teams Pool A,29,0.517,2,False
V I Zilberstein Mem 2021,110,0.518,3,False
1st ch-EUR University,27,0.519,2,False
PRO League Group Stage,2080,0.519,4,False
PRO League Central 2017,127,0.520,4,False
US Chess League 2015,377,0.520,1,False
Chess Rumble 2017,25,0.520,8,False
Swiss Queens Wed #30 2024,48,0.521,10,False
PRO League Prelim 2023,188,0.521,4,False
CGC KO 2022,88,0.523,4,False
V I Zilberstein Mem 2024,44,0.523,2,False
6th SCO Int Team 2024-25,44,0.523,4,False
Chessable Play-In Match,86,0.523,2,False
Swiss Queens Wed #28 2024,42,0.524,10,False
US Chess League KO 2014,40,0.525,1,False
ch-HKG 2019,59,0.525,1,False
1st ChessBomb Open 2015,17,0.529,1,False
9th Santiago Tejero Laman,34,0.529,2,False
Svidler vs. Challengers,17,0.529,1,False
13th World Teams Pool B,34,0.529,2,False
Asian Games Men 2023,34,0.529,3,False
Apolonii Litwinskiej KO,32,0.531,6,False
AI Cup Div 3 W,32,0.531,4,False
CrunchLab Masters Div 3 W,32,0.531,6,False
European Corporate 2025,47,0.532,2,False
AI Cup Play-In 2023,171,0.532,9,False
PGNiG TERMIKA Polish Cup,103,0.534,2,False
17th Vila de Canovelles,28,0.536,2,False
Montreal CC Championship,26,0.538,1,False
Virginia Senior Open 2021,13,0.538,2,False
Swiss Queens Wed #17 2024,52,0.538,10,False
Swiss Queens Wed #24 2024,48,0.542,10,False
American Cup Elim,35,0.543,6,False
GM Morshyn Cup 2025,35,0.543,2,False
PRO League KO Stage 2018,88,0.545,4,False
1st University Chess Cup,33,0.545,2,False
Smyslov Region Group Cup,22,0.545,14,False
ch-CHN Personal GpB m,240,0.546,2,False
49th OKU 2024,64,0.547,1,False
European Hybrid Qual 2021,263,0.548,1,False
16th ROC Nova College,20,0.550,1,False
Gaudium Masters Final,20,0.550,6,False
19th Kalamaria Open 2026,49,0.551,1,False
Swiss Queens Wed #29 2024,38,0.553,9,False
Swiss Queens Wed #33 2024,47,0.553,10,False
PRO League Pacific 2017,157,0.554,4,False
3rd Kings Place Open 2015,27,0.556,2,False
40th Blackpool Conference,36,0.556,2,False
193rd MGU Open 2017,9,0.556,2,False
FishPartners Open 2018,27,0.556,2,False
Runavik Open 2018,27,0.556,2,False
Chessable Play-In Match D2,18,0.556,4,False
Swiss Queens Wed #27 2024,45,0.556,10,False
Escala Emporium Chess Open,18,0.556,1,False
51st Ilmar Raud Olympic,25,0.560,4,False
8th OGD Prinsenstad 2014,32,0.562,2,False
134th Varsity Match 2016,16,0.562,1,False
Bunratty Masters 2017,16,0.562,1,False
PRO League All Stars St1,16,0.562,12,False
137th Varsity Match 2019,16,0.562,1,False
11th Blondes vs Brunettes,16,0.562,8,False
Ding vs. Challengers,16,0.562,1,False
PGNiG TERMIKA POL Cup KO,16,0.562,3,False
Anatoly Karpov Trophy,16,0.562,3,False
Trophee Capechecs Qual,16,0.562,3,False
CrunchLab Masters Div 2 W,16,0.562,5,False
ch-EST 2024,16,0.562,3,False
Russian Cup Final 2024,16,0.562,3,False
Paris Play-In KO,16,0.562,5,False
ch-EST 2025,16,0.562,3,False
Adolf Anderssen Mem 2021,103,0.563,7,False
119th US Open 2018,62,0.565,1,False
Chessable Masters Div 3 L,62,0.565,3,False
ch-CHN Personal GpB w,147,0.565,2,False
Scarborough Congress 2014,23,0.565,1,False
Doug Eckert Classic 2026,23,0.565,3,False
7th POL-HUN Open 2019,113,0.566,1,False
Coop Saaremaa EST-LAT-LTU,30,0.567,1,False
80th ch-AZE 2026,30,0.567,2,False
TCh-LTU 2016,308,0.568,2,False
VI Vendrell Open 2026,58,0.569,2,False
Adolf Anderssen Mem 2025,181,0.569,8,False
ch-USA High School K12,65,0.569,1,False
6th Josep Lorente Mem,28,0.571,1,False
Hello Sakk Cup Tal,7,0.571,3,False
Charity Match POL-UKR,14,0.571,2,False
266th YMCA Autumn A 2022,21,0.571,11,False
Airthings Masters Div 1 L,7,0.571,3,False
Goteborg Open 2023,35,0.571,4,False
AI Cup Div 1 L,7,0.571,2,False
ACF Botvinnik Mem Cup,115,0.574,2,False
Liepajas Rokade Open 2018,33,0.576,1,False
Swiss Queens Wed #21 2024,59,0.576,10,False
AI Cup Div 3 L,31,0.581,3,False
ch-GBR KO 2018,12,0.583,5,False
15th Nat PRC RR Women,12,0.583,5,False
Istanbul Open 2026,65,0.585,2,False
Vastgota Open 2022,41,0.585,3,False
Jana Maciei Mem 2026,116,0.586,8,False
ch-UZB 2024,46,0.587,2,False
37th Dos Hermanas Active,46,0.587,2,False
Adolf Anderssen Mem 2018,97,0.588,3,False
European Corporate 2024,51,0.588,2,False
42nd ch-LBN 2016,22,0.591,1,False
Svenska Cup 2017,44,0.591,1,False
248th YMCA Autumn A 2021,22,0.591,1,False
5th Dziedzica Mem 2015,71,0.592,1,False
4th Kings Place Open 2016,27,0.593,1,False
44th OKU 2017,54,0.593,1,False
Chessable Masters Div 2 W,32,0.594,4,False
1st European Corporate,67,0.597,2,False
Moscow Cup 2014,10,0.600,1,True
6th LCC Pro-Biz Cup 2014,5,0.600,1,True
US Chess League KO 2015,45,0.600,1,True
Lorenzo Racero Mem 2016,10,0.600,2,True
ch-Cearense 2017,10,0.600,1,True
Barcelona CC IM 2018,20,0.600,1,True
Narcis 1 IM 2018,10,0.600,2,True
Ramat Gan Nov GM 2020,20,0.600,2,True
34th Leon GM 2021,5,0.600,6,False
Botvinnik Cup 2021,10,0.600,2,True
Kyiv Independence Cup IM,10,0.600,1,True
ch-Quebec 2021,10,0.600,2,True
Benidorm Open A 2022,65,0.600,1,True
Chessable Play-In Match D3,40,0.600,4,False
Kallai Gabor Mem 2024,10,0.600,3,False
15th Nat Games Ind Prel w,20,0.600,3,False
Chess Slovak Women Master,10,0.600,1,True
Scherer Masters 2026,10,0.600,1,True
Mega Big Norms Summer IMA,10,0.600,2,True
PRO League KO Stage 2017,143,0.601,4,False
Hong Kong Open 2016,63,0.603,1,True
27th TCh-SLO 2017,215,0.605,1,True
5th ch-Francophonie 2017,76,0.605,1,True
45th OKU 2018,38,0.605,1,True
238th YMCA Autumn A 2020,38,0.605,1,True
Castling in the Castle,61,0.607,1,True
174th YMCA Autumn A 2016,56,0.607,1,True
35th TCh-SLO 2025,146,0.610,1,True
College Final Four 2015,18,0.611,2,True
100th ch-IRL 2021,72,0.611,1,True
TCh-ESP Div 1 2026,54,0.611,1,True
Mayor Cup Yerevan 2014,13,0.615,4,False
Pyramides Handicap,13,0.615,4,False
51st Ilmar Raud Mem 2017,13,0.615,2,True
79th Noteboom Open,65,0.615,1,True
11th Josep Lorente Mem,26,0.615,1,True
Schach im Turm 2025,34,0.618,5,False
Grand Prix Bucharest 2024,194,0.619,2,True
I Emilio Sanchez Jerez,63,0.619,1,True
Asnieres-sur-Seine Trophy,29,0.621,1,True
190th YMCA Autumn A 2017,45,0.622,1,True
75th Noteboom Open,77,0.623,2,True
Luc Winants Mem 2026,77,0.623,2,True
Corsican Circuit Final 2014,16,0.625,4,False
10th UTD vs UB match 2015,32,0.625,1,True
Russian Cup Final Women,8,0.625,3,False
50th Begonia Open 2016,24,0.625,1,True
14th ROC Nova College,24,0.625,1,True
117th US Open 2016,120,0.625,1,True
8th Salamanca Uni Masters,8,0.625,2,True
Moscow FIDE Grand Prix,16,0.625,2,True
Motiva Cup 2019,32,0.625,5,False
Karpov Trophy 2019,8,0.625,3,False
9th Salamanca Uni Masters,8,0.625,2,True
ch-HUN Women 2019,8,0.625,3,False
Hello Sakk Cup Alekhine,8,0.625,4,False
Icelandic Cup 2021,8,0.625,2,True
Hello Sakk Cup Fischer,8,0.625,4,False
Charity Cup KO 2022,8,0.625,4,False
Chessable Masters KO 2022,8,0.625,4,False
FTX Road to Miami KO 2022,8,0.625,6,False
Baer Challenge 2022,16,0.625,8,False
Julius Baer GenCup KO,8,0.625,4,False
CapExpress Poule A 2022,8,0.625,7,False
Djerba Masters 2023,8,0.625,3,False
ChessKid Cup Div 2 W,16,0.625,4,False
Russian Cup Final 2023,16,0.625,4,False
15th Hainan Danzhou GM,8,0.625,3,False
Chessable Masters Winners,16,0.625,6,False
Paris Play-In Swiss,200,0.625,6,False
ch-CAT 2025,16,0.625,3,False
125th US Open 2025,152,0.625,1,True
Russian Cup Final 2025,16,0.625,3,False
ch-AZE Women 2026,16,0.625,1,True
99th ch-FRA 2026,8,0.625,3,False
CrunchLabs Masters PlayIn,118,0.627,9,False
TCh-SVK 2014-15,540,0.630,1,True
II Apolonii Litwinskiej,27,0.630,6,False
Deltalift Open 2016,90,0.633,2,True
5th Kings Place Open 2017,30,0.633,1,True
27th Sants Open 2026,145,0.634,1,True
TCh-CAT Gp1 2020,217,0.636,1,True
1st Ilkley Chess Festival,11,0.636,1,True
Women's World Team Final,58,0.638,2,True
Bronstein Memorial 2020,47,0.638,2,True
3rd POL-HUN Friendship,72,0.639,1,True
Heldur Valgmae Mem 2023,36,0.639,1,True
Adolf Anderssen Mem 2020,50,0.640,9,False
Las Vegas Play-In Swiss,142,0.641,5,False
Paul Keres Memorial 2018,53,0.642,2,True
220th YMCA Autumn A 2019,56,0.643,1,True
267th YMCA Golden Autumn,28,0.643,12,False
2nd Caparica Open 2017,45,0.644,2,True
123nd US Open 2023,135,0.644,1,True
CrunchLab Masters Div 3 L,31,0.645,3,False
Liepajas Rokade Super,34,0.647,6,False
Adolf Anderssen Mem 2022,119,0.647,7,False
Jana Maciei Mem 2025,94,0.649,11,False
2nd ChessBomb Open 2015,20,0.650,1,True
Ptuj Open 2018,20,0.650,1,True
Petah Tikva Autumn 1 2019,20,0.650,1,True
Vladimir Petrov Mem 2015,49,0.653,2,True
Narcis 5 Open 2018,26,0.654,1,True
120th US Open 2019,84,0.655,1,True
MPL Indian Chess Tour #1,32,0.656,4,False
MPL Indian Chess Tour #4,32,0.656,4,False
Julius Baer Play-In 2023,166,0.657,9,False
American Cup Elim w,35,0.657,5,False
13th World Teams Play-off,38,0.658,2,True
122nd US Open 2022,128,0.664,1,True
Remco Heite Open 2014,15,0.667,3,False
127th MGU Open 2014,9,0.667,1,True
81st ch-BLR Men 2015,12,0.667,1,True
FSFMA March 2015,6,0.667,1,True
Kings Gambit Radom 2015,9,0.667,1,True
Manchester Nov WGM,6,0.667,2,True
FSFM December 2015,6,0.667,1,True
ch-ISR QF GpB 2015,18,0.667,1,True
Paul Keres Memorial 2015,60,0.667,1,True
Circuito Nacional Final,6,0.667,2,True
Champions Showdown G30,6,0.667,4,False
Champions Showdown G20,6,0.667,6,False
Champions Showdown G10,6,0.667,8,False
Eliseev Memorial Pt2 2017,6,0.667,1,True
Adolf Anderssen Mem 2017,36,0.667,5,False
Portugal-Galicia Match,12,0.667,1,True
RUS-CHN Junior Match 2018,15,0.667,4,False
Third Sat 111 IM 2019,12,0.667,2,True
ch-CZE Junior 2020,12,0.667,2,True
3rd Mutxamel IM 2021,6,0.667,2,True
PGNiG Polish Bydgoszcz Pr,120,0.667,2,True
Apolonii Litwinskiej MemB,6,0.667,5,False
252nd YMCA Autumn A2 2021,18,0.667,2,True
XXXIV Dos Hermanas Active,39,0.667,2,True
Magnus Academy Challenge,15,0.667,7,False
ChessKid Cup Div 2 L,15,0.667,3,False
La Giostra della Rocca,18,0.667,8,False
AI Cup Div 2 L,15,0.667,3,False
Is Bank Chess Cup Beyaz,6,0.667,2,True
ARG Youth vs Martirosyan,6,0.667,1,True
Chessable Play-In Match D1,15,0.667,4,False
GRENKE Chess Classic 4-6,3,0.667,3,False
Crunchlabs Play-In Match D1,15,0.667,4,False
Crunchlabs Play-In Match D2,18,0.667,4,False
2nd China Chess King 2024,12,0.667,4,False
ch-CZE Women 2026,12,0.667,3,False
4th China Chess King Stg1,9,0.667,8,False
Jana Maciei Mem 2024,178,0.669,7,False
25th NATO Chess 2014,61,0.672,2,True
14th Quenza Open 2025,61,0.672,2,True
76th Noteboom Open,58,0.672,1,True
221st YMCA Autumn B 2019,55,0.673,1,True
Russian Cup Women's Final,52,0.673,3,False
American Cup Champ w,40,0.675,3,False
Heldur Valgmae Mem 2022,31,0.677,2,True
Liepajas Rokade Open 2015,28,0.679,2,True
National Junior High K8,28,0.679,1,True
SCO Teams 2019,28,0.679,3,False
191st YMCA Autumn B 2017,53,0.679,1,True
Julius Baer Gen Cup Pl/In,184,0.679,9,False
15th ROC Nova College,25,0.680,1,True
TCh-FAI 2018-19,144,0.681,1,True
ChessKid Cup Play-In,144,0.681,9,False
Adolf Anderssen Mem 2024,144,0.681,7,False
3rd China Mind Team,60,0.683,2,True
237th YMCA Autumn B 2020,35,0.686,1,True
Swiss Queens Wed #22 2024,51,0.686,9,False
32nd TCh-SLO 2022,147,0.687,1,True
84th ch-BRA 2018,16,0.688,1,True
9th Blondes vs. Brunettes,16,0.688,8,False
Youth World Cup U18 KO,16,0.688,2,True
95th ch-FRA 2022,16,0.688,3,False
ch-FRA w 2022,16,0.688,3,False
96th ch-FRA 2023,16,0.688,5,False
AI Cup Div 2 W,16,0.688,4,False
ch-FRA w 2026,16,0.688,3,False
48th OKU 2023,45,0.689,1,True
Montserrat Open 2026,29,0.690,1,True
Texas Collegiate Finals,84,0.690,2,True
Pankrac Cup 2015,78,0.692,1,True
Lidkoping Open 2016,13,0.692,1,True
UKR-KGZ Match 2021,26,0.692,2,True
Grand Prix Anfield Final,26,0.692,3,False
ch-TUR 2025,26,0.692,2,True
TCh-CAT Gp2 2020,215,0.693,1,True
Jana Maciei Mem 2023,189,0.693,7,False
124th US Open 2024,183,0.694,1,True
Vladimir Petrov Mem 2016,56,0.696,2,True
WCh Women 2018,66,0.697,2,True
1st BRICS Masters 2017,10,0.700,3,False
Roza Lallemand Trophy,20,0.700,2,True
Kibizov Memorial A 2018,10,0.700,2,True
Narcis 7 GM 2018,20,0.700,1,True
TCh-LTU 2020,80,0.700,1,True
FSIM March 2021,10,0.700,1,True
Tolstoy Mem 2021,10,0.700,5,False
Solidarity ISR-UKR Match,10,0.700,2,True
Chessable Masters Div 2 L,30,0.700,3,False
2nd Kasimdzhanov Cup 2024,10,0.700,5,False
Crunchlabs Play-In Match D3,40,0.700,4,False
Jerusalem Masters 2024,10,0.700,5,False
Vastgota Open 2023,57,0.702,2,True
PGNiG Polish Cup Lodz,115,0.704,2,True
Apogee Open A 2026,44,0.705,1,True
4th Haralampi Vanev Mem,61,0.705,2,True
169th MGU Open 2016,17,0.706,2,True
TCh-NED Cup 2022,17,0.706,2,True
TCh-NED Cup 2023,17,0.706,2,True
Pardubice Test 2020,41,0.707,1,True
II Neoclassical Open 2016,31,0.710,2,True
ChessKid Cup Div 3 L,31,0.710,3,False
168th MGU Open 2016,7,0.714,2,True
Goteborg Open 2018,35,0.714,2,True
Greek Hybrid World Cup Q,7,0.714,1,True
AimChess Play-In Match,70,0.714,2,True
CrunchLab Masters Div 1 L,7,0.714,2,True
Grodzisk GM 2024,7,0.714,6,False
Julius Baer Gen Cup D1 L,7,0.714,2,True
DFSEM 2024,14,0.714,2,True
PRO League KO Stage 2019,99,0.717,4,False
183rd YMCA Spring A 2017,39,0.718,1,True
FIDE World Cup 2025,206,0.718,2,True
ChessKid Cup Div 3 W,32,0.719,4,False
Women's World Teams PoolB,32,0.719,2,True
New Zagreb Classic 2025,32,0.719,2,True
29th Belgrade Trophy 2015,143,0.720,1,True
Pankrac Cup 2014,72,0.722,1,True
162nd YMCA Masters 2015,18,0.722,1,True
180th YMCA Winter B 2017,36,0.722,1,True
52nd Ilmar Raud Olympic,18,0.722,2,True
AI Cup Play-In Match 2023,72,0.722,2,True
8th SCO Int Team GpB 2026,18,0.722,3,False
Jana Maciei Mem 2022,148,0.723,4,False
26th Bunratty Masters,29,0.724,1,True
205th YMCA Autumn A 2018,40,0.725,1,True
47th OKU 2022,51,0.725,1,True
53rd Ilmar Raud Mem 2019,11,0.727,2,True
GM ASK 12 2022,11,0.727,2,True
exe Slovakia Open 2022,143,0.727,4,False
6th Maurice David 2025,33,0.727,4,False
TCh-CZE Extraliga 2014-15,441,0.728,1,True
Hiiumaa Brewery Open 2024,26,0.731,2,True
TCh-CAT Gp1 2022,379,0.731,1,True
1st open World VIP Club,15,0.733,1,True
Lidkoping Open 2015,15,0.733,1,True
CrunchLab Masters Div 2 L,15,0.733,3,False
Julius Baer Gen Cup D2 L,15,0.733,3,False
Kilkenny Masters 2025,15,0.733,1,True
Castle Chess GP 2016,19,0.737,2,True
Lidkoping Open 2017,19,0.737,1,True
210th YMCA Winter B 2019,42,0.738,1,True
Deltalift Open 2015,120,0.742,2,True
Women's World Teams PoolA,31,0.742,2,True
13th Quenza Open 2024,62,0.742,2,True
Julius Baer Gen Cup D3 L,31,0.742,3,False
TCh-LTU 2019,280,0.743,1,True
225th YMCA Winter B 2020,39,0.744,1,True
TCh-CAT Gp2 2022,402,0.744,1,True
Svenska Cup 2016,43,0.744,2,True
Deltalift Open 2018,98,0.745,2,True
Goteborg Open 2019,59,0.746,2,True
Millionaire Chess KO 2014,4,0.750,8,False
75th Noteboom vierkamp,4,0.750,1,True
ch-CAT 2015,16,0.750,2,True
Kemp & Lauritzen City m,4,0.750,1,True
28th Leon GM 2015,4,0.750,4,False
British ch-KO 2015,8,0.750,5,False
Chess Supersite Launch,4,0.750,4,False
ICC Open Final 2016,8,0.750,7,False
29th Leon GM 2016,4,0.750,4,False
Maharashtra TCh-IND League KO,24,0.750,2,True
SRB-World (WFCC) Match,8,0.750,2,True
Russian Cup Final w 2016,8,0.750,3,False
British ch-KO 2016,8,0.750,4,False
Societat Coral Colon IM,20,0.750,1,True
Zurich Korchnoi CC 2017,8,0.750,2,True
62nd ch-BLR w 2018,12,0.750,1,True
Russian Cup Final 2018,16,0.750,3,False
Russian Cup Final w 2018,8,0.750,1,True
78th ch-GEO 2019,16,0.750,2,True
Lindores Abbey Stars,4,0.750,3,False
Hamburg FIDE Grand Prix,16,0.750,2,True
Cristina Foisor Super 8,8,0.750,4,False
Shirov-Kozak Match 2020,4,0.750,2,True
Pardubice Challenge Bli,4,0.750,4,False
I Chess in a Rook 2020,4,0.750,4,False
ch-UKR Women Bitz 2020,24,0.750,9,False
78th ch-POL 2021,24,0.750,3,False
Heldur Valgmae Mem 2021,32,0.750,2,True
PGNiG POL Cup Lodz KO,16,0.750,4,False
Challengers Tour Final,8,0.750,6,False
TBMM Cup Final 2022,4,0.750,6,False
Solidarity SWE-UKR Match,12,0.750,2,True
Solidarity NOR-UKR Match,8,0.750,4,False
Third Saturday GM Mix 246,12,0.750,2,True
3rd Chess in a Rook 2022,4,0.750,3,False
NC World Masters 2022,4,0.750,1,True
Trophee Capechecs KO,4,0.750,6,False
CapExpress Finales 2022,4,0.750,6,False
Women Candidates Pool B,8,0.750,4,False
Gligoric Trophy Gp A 2023,4,0.750,6,False
Gligoric Trophy Gp B 2023,4,0.750,6,False
Gligoric Trophy Gp D 2023,4,0.750,6,False
Gligoric Trophy KO 2023,8,0.750,4,False
80th PGNig ch-POL 2023,16,0.750,4,False
ChessKid Cup Div 1 W,8,0.750,4,False
NC World Masters 2023,8,0.750,1,True
ch-NED w 2023,4,0.750,2,True
ch-FRA w 2023,16,0.750,2,True
ch-ISL 2024,12,0.750,1,True
Casablanca Chess 2024,4,0.750,3,False
7th Salamanca Masters,8,0.750,2,True
CrunchLab Masters Div 1 W,8,0.750,5,False
124th US Open TB 2024,4,0.750,1,True
DSEM 2024,20,0.750,2,True
Paris Play-In KO 5th-8th,4,0.750,7,False
TCh-NED Cup TB 2025,8,0.750,1,True
German Team  Cup 2025,16,0.750,4,False
98th ch-FRA 2025,16,0.750,3,False
ch-CZE Women 2025,12,0.750,3,False
75th ch-RUS w 2025,12,0.750,1,True
ch-EST Women 2025,8,0.750,1,True
8th SCO Int Team Final,12,0.750,5,False
75th Ann. Karpov 2026,8,0.750,3,False
ch-NED KO 2026,16,0.750,3,False
TCh-LTU 2017,309,0.751,2,True
Pacific Meridian 2015,45,0.756,2,True
FIDE World Cup 2017,128,0.758,2,True
10th Josep Lorente Mem,29,0.759,1,True
Women's World Team Pool B,29,0.759,2,True
Canadian Open 2016,46,0.761,3,False
Sahel Chess Festival 2025,21,0.762,2,True
FIDE World Cup 2021,204,0.765,2,True
Julius Baer Gen Cup D3 W,34,0.765,7,False
Pioneer Youth Elite Cup,17,0.765,1,True
46th OKU 2019,64,0.766,2,True
Elitzur IMA Summer 2020,30,0.767,1,True
Elitzur IMC Summer 2020,30,0.767,1,True
ch-POR Women 2016,13,0.769,2,True
52nd Ilmar Raud Mem 2018,13,0.769,3,False
ch-NED KO 2023,13,0.769,3,False
ch-USA Women Senior 2023,13,0.769,2,True
79th ch-AZE 2025,26,0.769,2,True
Januariturneringen 2020,35,0.771,2,True
FIDE World Cup Women 2021,105,0.771,1,True
Robert Spangbergs Mem,31,0.774,1,True
Deltalift Open 2017,98,0.776,2,True
FIDE Women's World Cup,107,0.776,2,True
Toronto Closed 2022,27,0.778,1,True
ChessKid Play-In Match,72,0.778,2,True
1000GM Thanksgiving GM,18,0.778,2,True
Julius Baer Gen Cup D2 W,18,0.778,4,False
Julius Baer Gen Cup P/I m D2,18,0.778,4,False
Bastia Open 2023,41,0.780,2,True
TCh-CHN League B 2023,114,0.781,2,True
FIDE World Cup 2015,130,0.785,2,True
3rd ChessBomb Open 2016,14,0.786,2,True
7th Josep Lorente Mem,28,0.786,2,True
WCh Women 2015,66,0.788,2,True
179th YMCA Winter A 2017,33,0.788,1,True
26th TCh-SLO 2016,208,0.788,1,True
194th YMCA Winter A 2018,24,0.792,1,True
Shavout Ramat Gan 2019,29,0.793,1,True
240th YMCA Spring A 2021,29,0.793,1,True
TCh-LTU 2015,278,0.795,1,True
TCh-POR Div1 Final 2020,54,0.796,2,True
TCh-POL 1st League 2017,69,0.797,1,True
123rd MGU Open 2014,10,0.800,2,True
74th ch-UKR w 2014,10,0.800,1,True
FSFMB November 2014,10,0.800,1,True
FSFM April 2015,10,0.800,1,True
SS Manhem IM 2015,10,0.800,2,True
ch-ISR QF GpA 2015,15,0.800,1,True
II Neoclassical Masters,5,0.800,4,False
ch-FRA w 2016,10,0.800,1,True
ch-PAR 2016,10,0.800,2,True
Orsha Masters 2017,10,0.800,2,True
WCh Women 2017,65,0.800,1,True
XXVII Paz de Ziganda 2017,20,0.800,1,True
33rd Mukachevo Rating IM,10,0.800,2,True
26th Eastern Class 2017,5,0.800,1,True
ch-PAR 2017,10,0.800,2,True
FSIM March 2018,10,0.800,1,True
198th YMCA Spring A 2018,30,0.800,1,True
Third Sat 106 IM 2019,10,0.800,2,True
Open Space IM 2019,10,0.800,2,True
213th YMCA Spring A 2019,30,0.800,1,True
53rd Ilmar Raud Olympic,20,0.800,4,False
Petah Tikva Autumn 2 2019,20,0.800,1,True
86th ch-BRA 2020,15,0.800,4,False
RADNICKICHESS GM 2020,10,0.800,1,True
Elitzur IMB Summer 2020,30,0.800,1,True
FSGM March 2021,10,0.800,1,True
ch-TUN 2021,10,0.800,2,True
Polish World Cup Qual,10,0.800,9,False
241st YMCA Spring B 2021,30,0.800,1,True
Zakovat-Gambit A Final,10,0.800,5,False
ch-EST 2021,10,0.800,1,True
77th ch-ARM w HL 2022,10,0.800,1,True
55th Capablanca Mem Prem,10,0.800,1,True
MPL Indian Chess Tour #2,15,0.800,4,False
Third Saturday IM Mix 275,10,0.800,2,True
ch-EST 2022,10,0.800,1,True
19th Vasylyshyn GM,10,0.800,2,True
83rd ch-ARM HL 2023,10,0.800,1,True
Julius Baer Play-In Match,60,0.800,2,True
RSHSH Masters Cup 2023,10,0.800,2,True
Barbary Kurtyki Mem 2023,10,0.800,5,False
Copenhagen CC IM 2024,10,0.800,2,True
BSB GM Norm 2024,10,0.800,2,True
Julius Baer Gen Cup P/I m D1,15,0.800,3,False
1000GM Oct GpB,10,0.800,2,True
84th ch-GEO 2025,10,0.800,1,True
Chessable Masters Losers,15,0.800,3,False
Chess sin Fronteras IM,10,0.800,2,True
Malaysian Masters 2025,10,0.800,2,True
Checkmate: USA vs India,10,0.800,1,True
Vega de San Mateo Activo,45,0.800,9,False
SITTU Barbados Open Champ,10,0.800,2,True
1st Albin Planinc Mem,122,0.803,7,False
48th TCh-GRE Final 4 2021,41,0.805,2,True
Kvibergspelen Open 2024,77,0.805,2,True
74th ch-GEO 2015,16,0.812,2,True
75th ch-GEO 2016,16,0.812,1,True
Russian Cup Final 2016,16,0.812,1,True
8th Blondes vs. Brunettes,16,0.812,8,False
Riga FIDE Grand Prix 2019,16,0.812,2,True
236th YMCA Winter A 2020,32,0.812,1,True
237th YMCA Winter B 2021,32,0.812,1,True
ch-TUR 2024,16,0.812,2,True
RUS-CHN Junior Match 2025,16,0.812,4,False
118th US Open 2017,43,0.814,1,True
Maharashtra TChIND League,38,0.816,3,False
Maharashtra TCh-IND League,38,0.816,2,True
XXVI Paz de Ziganda 2016,22,0.818,1,True
Pankrac Cup 2017,44,0.818,1,True
82nd Noteboom Open,33,0.818,1,True
New York Fall GMA 2024,11,0.818,2,True
County Championship Final,304,0.819,1,True
Deltalift Open 2023,50,0.820,1,True
167th YMCA Spring A 2016,39,0.821,1,True
Women's World Teams Final,39,0.821,2,True
Januariturneringen 2019,28,0.821,2,True
O losinskeho kapra 2019,45,0.822,2,True
162nd MGU Open 2016,17,0.824,3,False
84th Noteboom Open,34,0.824,1,True
Canadian Open 2026,85,0.824,2,True
ch-SRB semi-final 2016,120,0.825,1,True
Julius Baer Gen Cup P/I m D3,40,0.825,3,False
1st Gazi Open A 2026,40,0.825,2,True
1st Al Ain Junior U20,127,0.827,1,True
Mokumse Meesters 2019,29,0.828,1,True
ch-HKG 2018,111,0.829,1,True
Canadian Int Open 2019,53,0.830,2,True
29th TCh-SLO National,203,0.833,1,True
5th Remco Heite GM 2014,6,0.833,2,True
FSFMA November 2014,6,0.833,1,True
FSFMB August 2015,6,0.833,1,True
5th Zurich CC 2016,6,0.833,2,True
FSFM May 2016,6,0.833,1,True
51st Capablanca Mem Elite,6,0.833,1,True
FSFM March 2017,6,0.833,1,True
ch-CAT 2017,24,0.833,1,True
184th YMCA Spring B 2017,36,0.833,1,True
FSFM October 2017,6,0.833,1,True
Eliseev Memorial Pt1 2017,6,0.833,1,True
ch-RSA 2017,12,0.833,1,True
Vastgota Open 2018,18,0.833,1,True
ch-KAZ 2018,12,0.833,1,True
Open ch-Odessa Region,12,0.833,1,True
Panchenko Mem A 2018,6,0.833,2,True
2nd Esbjerg Autumn,30,0.833,2,True
COL Tierra de Atletas-A,12,0.833,2,True
Malmo Open 2021,60,0.833,1,True
82nd ch-ARM HL 2022,12,0.833,1,True
TBMM Cup Gp 2 2022,6,0.833,2,True
CHN Team Asian Games Prel,6,0.833,1,True
LOTTO ch-POL Loser Final,6,0.833,5,False
47th OKU Masters 2022,30,0.833,2,True
Women Candidates Pool A,6,0.833,4,False
SonFlow Cup Master 1 2023,6,0.833,2,True
Is Bank Chess Cup Kirmizi,6,0.833,2,True
ch-NED w 2024,12,0.833,2,True
50th OKU 2025,84,0.833,1,True
ChessKid Youth U16 GpA,6,0.833,10,False
3rd China Chess King 2025,12,0.833,6,False
ch-NED w 2026,12,0.833,2,True
Deltalift Open 2024,49,0.837,1,True
Corsican Circuit Final,80,0.838,4,False
M Shelest Memorial 2023,25,0.840,1,True
FIDE World Uni Teams B,19,0.842,2,True
48th Guernsey Open 2024,32,0.844,1,True
124th MGU Open 2014,13,0.846,2,True
Zonal 3.1 2015,13,0.846,2,True
Mersin Open 2016,65,0.846,2,True
Goteborg Open 2017,39,0.846,2,True
3rd Espalion Open 2018,52,0.846,2,True
ch-UZB 2021,13,0.846,1,True
Greek Team Cup Final 2021,26,0.846,1,True
10th Velez Int Open 2023,39,0.846,2,True
CellaVision Cup 2019,85,0.847,1,True
TCh-SWE Elitserien 2015-16,290,0.848,1,True
11th OGD Prinsenstad 2018,60,0.850,2,True
Northwest Cup Final B,20,0.850,1,True
12th Sabadell Open 2019,40,0.850,1,True
Mill Hill Congress U2200,40,0.850,3,False
ch-CZE Women 2024,20,0.850,3,False
8th SCO Int Team GpA 2026,20,0.850,3,False
Pan-Am Intercollegiate,1017,0.853,1,True
4NCL 2014-15,697,0.854,2,True
XXI Foment Martinenc Open,172,0.855,1,True
126th MGU Open 2014,7,0.857,3,False
ch-CAN w 2016,7,0.857,2,True
Kilkenny Masters,14,0.857,2,True
83rd Tata Steel Masters,14,0.857,1,True
1st Euro Hybrid Cities,21,0.857,2,True
80th ch-ITA U20 2021,7,0.857,1,True
84th Tata Steel Masters,14,0.857,1,True
262nd YMCA Summer B 2022,21,0.857,2,True
Milton Keynes Open 2026,14,0.857,3,False
7th Chamartin Open 2018,85,0.859,2,True
FIDE World Cup Women 2023,149,0.859,2,True
209th YMCA Winter A 2019,36,0.861,1,True
ch-AZE First League 2025,36,0.861,1,True
Lichtenberger Sommer 2015,224,0.862,1,True
Frome Congress 2017,29,0.862,2,True
Electrica Baleares Spring,29,0.862,1,True
World Youth U16 Olympiad,2235,0.863,2,True
5th Asian Indoor Women,37,0.865,2,True
Jana Maciei Mem 2021,111,0.865,5,False
FIDE World Cup 2023,304,0.865,2,True
Liga Nacional Superior,1115,0.866,1,True
Satka Autumn 2018,30,0.867,1,True
ch-Moscow Final 2020,15,0.867,1,True
244th YMCA Summer A 2021,15,0.867,1,True
224th YMCA Winter A 2020,38,0.868,1,True
TCh-EUR Senior +50 2025,38,0.868,1,True
Stockholm Open 2017,23,0.870,1,True
13th Llinars del Valles,181,0.873,1,True
Russian Cup Final w 2014,8,0.875,3,False
1st China Chess Queen,8,0.875,1,True
Nutcracker Classical 2015,8,0.875,1,True
Mayors Cup Yerevan KO,16,0.875,5,False
Russian Cup Final 2017,16,0.875,1,True
Malmo Open 2017,48,0.875,1,True
Gilbert Cup 2019,16,0.875,2,True
Shanghai Haiwan Cup 2019,8,0.875,1,True
ch-HUN Women Prelim 2019,8,0.875,1,True
Russian Cup Final 2019,16,0.875,1,True
Pardubice Challenge Cl,8,0.875,1,True
ch-BLR U20 2021,8,0.875,1,True
Israeli Gifted Players A,8,0.875,1,True
ch-NED KO 2021,24,0.875,1,True
Russian Cup Final 2021,24,0.875,2,True
79th LOTTO ch-POL 2022,16,0.875,3,False
Solidarity FRA-UKR Match,8,0.875,2,True
CapExpress Poule B 2022,8,0.875,7,False
ch-NED 2022,16,0.875,1,True
14th Hainan Danzhou GM,8,0.875,2,True
82nd ch-ITA U20 2023,8,0.875,1,True
ch-NED KO 2024,16,0.875,1,True
WR Chess Masters 2024,16,0.875,3,False
Cap D'Agde Express Pool A,8,0.875,7,False
Cap D'Agde Express Pool B,8,0.875,7,False
Shymbulak Chess Summer,8,0.875,14,False
ch-FRA w 2025,16,0.875,1,True
15th Nat PRC KO Teams,16,0.875,2,True
Grand Prix CCF 2026,16,0.875,2,True
ASEAN E-Sports Final 2026,8,0.875,6,False
4th China Chess King Stg2,8,0.875,2,True
99th ch-FRA 2025,16,0.875,3,False
27th Poznan Open 2019,97,0.876,2,True
Vasteras Open 2015,81,0.877,1,True
Kyiv Spring 2023,140,0.879,2,True
FIDE World Cup 2019,132,0.879,2,True
Vasteras Open 2018,75,0.880,1,True
Deltalift Open 2022,50,0.880,1,True
101st ch-IRL 2022,25,0.880,1,True
24th TCh-CRO Div 1a 2015,67,0.881,1,True
Goteborg Open 2015,42,0.881,2,True
27th TCh-CRO Women 2018,42,0.881,2,True
ch-Tatarstan 2016,59,0.881,1,True
Coupe de France 2019,17,0.882,1,True
27th Bunratty Masters,17,0.882,1,True
TCh-FRA Top 12 w Finals,17,0.882,1,True
14th Calgary Int 2023,17,0.882,2,True
44th White Tower Open A,34,0.882,2,True
ch-Moscow Youth U19 2019,26,0.885,1,True
PRO League KO 2023,35,0.886,4,False
83rd Noteboom Open,35,0.886,1,True
CellaVision Cup 2018,79,0.886,1,True
TCh-SRB Premier 2021,88,0.886,2,True
Achilles Gadelha Mem 2019,53,0.887,2,True
Kvibergspelen Open 2023,89,0.888,2,True
African Zonal 4.2 2015,18,0.889,2,True
RGSU Open 2016,18,0.889,1,True
ch-SRB SF Women 2019,9,0.889,2,True
Asian Zonal 3.1 Women,9,0.889,2,True
7th Gulf Coast New Year,18,0.889,1,True
1000GM Bay Area Apr IM,36,0.889,2,True
272nd YMCA Spring A 2023,36,0.889,2,True
WWT Qualifier AZE-UZB,9,0.889,2,True
Silves Open 2026,63,0.889,2,True
Harry Lamb Mem 2026,45,0.889,2,True
ch-Central Serbia 2015,55,0.891,2,True
Pere Noel Open 2023,55,0.891,2,True
306th YMCA Autumn A 2025,46,0.891,1,True
Mersin Open 2017,37,0.892,2,True
TCh-SRB Premier w 2015,56,0.893,1,True
Laos Open 2018,56,0.893,2,True
17th Moscow Open A 2020,160,0.894,1,True
38th Cardinal Open 2015,19,0.895,1,True
Brno Chess Open 2015,57,0.895,2,True
29th Paz de Ziganda 2019,19,0.895,1,True
Mexican World Cup w Qual,19,0.895,2,True
Sligo Championship 2024,38,0.895,2,True
Mexican World Cup Qual,48,0.896,2,True
27th EY BU12 2017,58,0.897,2,True
3rd Hersonissos Open 2019,29,0.897,1,True
44th Sparkassen Open,68,0.897,1,True
Halmstad Open 2025,59,0.898,1,True
FSFMA October 2014,10,0.900,1,True
FSFMA December 2014,10,0.900,1,True
14th Marienbad GM 2015,10,0.900,2,True
Mediterranean Flower,10,0.900,2,True
Mateu Chalmeta Mem 2015,30,0.900,1,True
Miljo Vujovic GM 2015,10,0.900,2,True
Kecskemet IM July 2015,10,0.900,1,True
FSGM September 2015,10,0.900,1,True
15th Marienbad IM1 2016,10,0.900,2,True
ITT CXG Duchamp Mem 2016,10,0.900,2,True
FSFM February 2016,10,0.900,1,True
Panevezys IM 2016,10,0.900,2,True
FSIM August 2016,10,0.900,1,True
4th Mollet del Valles IM,30,0.900,1,True
66th ch-GRE 2017,10,0.900,1,True
FSIM March 2017,10,0.900,1,True
Mateu Chalmeta Mem 2017,30,0.900,1,True
FSGM June 2017,10,0.900,1,True
2nd Fischer GM 2017,10,0.900,1,True
Milje Vujovica Mem 2017,10,0.900,2,True
Lozovatsky Mem B 2018,10,0.900,1,True
Boardwalk Pearson IM 2018,10,0.900,2,True
Third Saturday 75 GM 2018,10,0.900,2,True
Third Saturday 76 IM 2018,10,0.900,2,True
ch-UZB w 2018,10,0.900,1,True
North Eastern Masters GM,10,0.900,2,True
FSIM May 2018,10,0.900,1,True
RSHSH Masters Cup 2018,10,0.900,1,True
Lela and Bela Cup 2018,10,0.900,3,False
3rd Sat Djenovici Oct IM,30,0.900,1,True
Narcis 4 GM 2018,10,0.900,2,True
ch-PAR 2018,10,0.900,2,True
Lidums AUS YM IM 2018,10,0.900,2,True
FSGM December 2018,10,0.900,1,True
ch-Sarajevo 2019,10,0.900,2,True
3rd Juvisy IM 2019,20,0.900,1,True
Glorney Cup Norm 2019,10,0.900,2,True
9th Marmaris Karya IM,10,0.900,2,True
St Louis Fall B 2019,10,0.900,1,True
Sant Andreu Centenari IM,30,0.900,1,True
Kazakhstan Cup Final 2019,10,0.900,2,True
Orbis 5 IM 2019,10,0.900,2,True
19th Marienbad GMA 2020,10,0.900,2,True
FSIM March 2020,10,0.900,1,True
Orbis July IM 2020,10,0.900,2,True
Carnevale Master Elite,10,0.900,2,True
Montenegro IM Mar 2021,10,0.900,2,True
2nd Kumania GM 2021,10,0.900,2,True
Barcelona IM 11 15 Mar,10,0.900,1,True
Rujna Zora-2 ASK IM 2021,10,0.900,2,True
FSIM April 2021,10,0.900,1,True
80th ch-GEO 2021,10,0.900,1,True
Rujna Zora-4 IM 2021,10,0.900,2,True
I Fenamac Efideporte GpA,10,0.900,2,True
ch-SWE Master Elite 2021,10,0.900,1,True
German Masters 2021,10,0.900,1,True
III Fenamac GpA 2021,10,0.900,2,True
8th Vezerkepzo GM 2021,10,0.900,1,True
70th ch-GRE 2021,10,0.900,1,True
ASK IM 3 2021,10,0.900,2,True
New York Winter IMC 2022,10,0.900,2,True
12th Marmaris Karya IM,10,0.900,2,True
FSIM March 2022,10,0.900,1,True
RUDAR 2 IM April 2022,10,0.900,2,True
Charlotte May IMD 2022,10,0.900,2,True
Skagerrak Kragero RR 2022,10,0.900,2,True
Third Saturday IM Mix 272,10,0.900,2,True
FSGM July 2022,10,0.900,1,True
49th NRW Women's Cup 2022,10,0.900,1,True
New York Fall GMB 2022,10,0.900,2,True
Orsha 2022-2 Gross,10,0.900,2,True
Orsha 2022-2 Masters,10,0.900,2,True
77th ch-AZE Prelim 2023,20,0.900,1,True
Smuk Skak GM 2023,10,0.900,1,True
1000GM Sunnyvale Oct 2023,10,0.900,2,True
9th Fischer Memorial 2023,10,0.900,1,True
Caissa Hotel Portakal Gp,10,0.900,2,True
Caissa Hotel Mango Gp,10,0.900,2,True
1000GM Mar Schev Gp1,10,0.900,3,False
78th ch-AZE Prelim 2024,20,0.900,1,True
1000GM Spring Break 1B,10,0.900,2,True
Wuerttemberg Masters 2024,10,0.900,2,True
ch-Malopolska 2025,50,0.900,2,True
ch-Quebec 2025,10,0.900,2,True
Avenyn Open 2025,100,0.900,1,True
Legends and Prodigies,10,0.900,1,True
Chess Slovak Masters 2026,10,0.900,1,True
Mega Big Norms Summer IMB,10,0.900,2,True
8th Sueca Open 2024,61,0.902,1,True
26th TCh-MKD 2017,51,0.902,1,True
68th ch-Warsaw 2019,31,0.903,2,True
Ustron Open Masters 2026,32,0.906,2,True
Goteborg Open 2016,43,0.907,2,True
TCh-EUR Senior +50 2018,54,0.907,1,True
Quebec Open 2026,65,0.908,2,True
South West Chess Lagos,76,0.908,1,True
FSFMA August 2015,11,0.909,1,True
Stockholm Open 2015,33,0.909,1,True
3rd Annual Southeastern,22,0.909,2,True
ch-PHI 2017,11,0.909,2,True
GM ASK 11 2022,11,0.909,2,True
21st ch-Euro Seniors +50,22,0.909,1,True
TCh-Euro Small Nations,289,0.910,2,True
1st Liga Central SRB 2020,78,0.910,2,True
TCh-LIB InterClubs 2016,67,0.910,1,True
Kvibergspelen 2018,79,0.911,2,True
ch-ROU w 2016,23,0.913,1,True
Malmo Open 2018,46,0.913,1,True
Irish International Open,92,0.913,2,True
47th Sparkassen Open,92,0.913,1,True
Bergen Spillfestival 2026,23,0.913,2,True
TCh-SRB Premier w 2017,58,0.914,1,True
Hasselbacken Open 2018,58,0.914,1,True
Kvibergspelen Sept 2019,82,0.915,2,True
IV Aguascalientes Int,47,0.915,2,True
Pankrac Cup 2016,71,0.915,1,True
Trinidad & Tobago Open,83,0.916,2,True
ch-ISL 2015,12,0.917,1,True
Maharashtra TChIND KO,12,0.917,1,True
Kecskemet GM Feb 2016,12,0.917,2,True
Stockholm Open 2016,24,0.917,1,True
83rd ch-BLR 2017,12,0.917,1,True
72nd ch-AZE 2017,24,0.917,1,True
ch-KAZ 2017,12,0.917,1,True
IV Azores Open 2017,36,0.917,2,True
84th ch-BLR 2018,12,0.917,1,True
ch-Sarajevo 2018,12,0.917,2,True
Portuguese Div 2 2018,12,0.917,1,True
ch-Basque 2019,24,0.917,1,True
79th ch-GEO 2020,24,0.917,2,True
Third Sat 129 IM 2020,12,0.917,2,True
LOTTO ch-POL Loser,12,0.917,3,False
CFSL Golden Jubilee 2022,12,0.917,2,True
Orsha Christmas Masters,12,0.917,2,True
ch-NED w 2025,12,0.917,2,True
ch-PER 2026,12,0.917,2,True
Asian Juniors 2026,85,0.918,2,True
Panchenko Mem Open B 2020,61,0.918,1,True
TCh-FIN 2022-23,647,0.920,1,True
ch-CZE U20 Girls 2014,25,0.920,2,True
77th Noteboom Open,25,0.920,1,True
O losinskeho kapra 2018,25,0.920,1,True
Druga liga SRB Vojvodina,88,0.920,2,True
Montreal Open 2015,38,0.921,2,True
17th Moscow Open Women,76,0.921,1,True
Stockholm Open 2025,38,0.921,1,True
73rd ch-RUS HL 2020,51,0.922,1,True
Lichtenberger Sommer 2018,206,0.922,1,True
Steinthor Baldursson Mem,26,0.923,2,True
ch-NOR 2019,26,0.923,1,True
ch-UZB 2019,13,0.923,1,True
Lichtenberger Sommer 2019,184,0.924,1,True
CellaVision Cup 2015,80,0.925,1,True
Rishon Lezion Winter IM,40,0.925,1,True
TCh-MNE Premier 2025,80,0.925,2,True
Sligo Open 2026,40,0.925,2,True
42nd Olympiad 2016,823,0.926,1,True
28th Heraklion Open 2020,27,0.926,2,True
Satka Autumn 2021,68,0.926,1,True
24th ch-EUR Indiv w 2024,177,0.927,1,True
Banjaluka Chess Open B,41,0.927,2,True
Zonal 3.4 w 2015,14,0.929,1,True
5th GP Pyramides,14,0.929,2,True
ch-Georgia State 2017,14,0.929,1,True
ch-UZB 2018,14,0.929,1,True
ch-Malopolska 2022,28,0.929,2,True
Zenica Open 2026,42,0.929,2,True
III Aguascalientes Int,71,0.930,2,True
Malmo Open 2015,57,0.930,1,True
I ch-MEX & Int Open 2025,57,0.930,2,True
5th ChessAmateur Belgrade,115,0.930,2,True
Satka Autumn 2017,29,0.931,1,True
11th Sabadell Open 2018,29,0.931,1,True
TCh-NOR Elite 2014-15,423,0.931,1,True
307th YMCA Autumn B 2025,44,0.932,1,True
TCh-SWE Superettan,426,0.932,1,True
TCh-ARG Superior 2015,206,0.932,1,True
ch-PER 2017,103,0.932,2,True
46th Guernsey Open 2022,103,0.932,1,True
Chigorin Memorial 2015,370,0.932,1,True
Deltalift Open 2019,149,0.933,2,True
69th ch-BUL w 2020,15,0.933,1,True
Petah Tikva Winter IMB,30,0.933,1,True
North American Youth U18,30,0.933,2,True
President's Cup of TJK A,76,0.934,3,False
Rubinstein Mem Open B,92,0.935,1,True
23rd Space Coast Open,31,0.935,2,True
Ganja Open 2025,78,0.936,2,True
American Continental 2014,188,0.936,2,True
Quebec Open 2019,47,0.936,2,True
9th Mersin Open 2025,47,0.936,2,True
14th Premier League BIH,63,0.937,1,True
Russian Cup Final 2014,16,0.938,4,False
Russian Cup Final 2015,16,0.938,3,False
ch-CAT 2016,32,0.938,1,True
77th ch-GEO 2018,16,0.938,2,True
PRO League All Stars St2,16,0.938,2,True
67th ch-Warsaw 2018,32,0.938,2,True
ch-Quebec 2019,16,0.938,2,True
68th ch-HUN Prelim 2019,16,0.938,3,False
Budva GM Mix 2021,16,0.938,2,True
ch-TUR w 2021,32,0.938,1,True
265th YMCA Autumn B 2022,48,0.938,1,True
ch-CAT 2024,16,0.938,1,True
ch-FRA w 2024,16,0.938,2,True
Kazakhstan Cup Final 2024,16,0.938,3,False
ch-NED KO 2025,16,0.938,4,False
300th YMCA Spring A 2025,32,0.938,1,True
301st YMCA Spring B 2025,32,0.938,1,True
Liaocheng Dongchangfu KO,16,0.938,4,False
9th Beirut Open 2017,115,0.939,2,True
Panevezys Open 2015,33,0.939,2,True
8th Mediteran 2017 Open,33,0.939,2,True
Scandic Ariadne Masters,50,0.940,1,True
Skopje Open 2022,100,0.940,2,True
Marburger Schachtage B,100,0.940,2,True
XVII Profigaia Open 2017,67,0.940,2,True
Marburger Schachtage 2025,151,0.940,2,True
Queima das Fitas Open,386,0.940,1,True
ch-AUS 2018,34,0.941,2,True
16th Sea Festival B 2019,34,0.941,1,True
80th Noteboom Open,34,0.941,1,True
Gold Coast Open 2022,34,0.941,2,True
ch-POL Semifinal w 2023,17,0.941,1,True
4NCL Bradford U1700,34,0.941,2,True
Sheki Open A 2026,68,0.941,2,True
Saris Open 2020,103,0.942,1,True
Hasselbacken Open 2017,52,0.942,1,True
19th Heraklion Open 2017,35,0.943,2,True
9th Dolomiti Open 2018,35,0.943,2,True
257th YMCA Spring A 2022,35,0.943,1,True
282nd YMCA Winter A 2024,35,0.943,1,True
Polar Capital Jersey Open,176,0.943,2,True
CellaVision Cup 2016,88,0.943,1,True
ECU Senior +50 2026,88,0.943,1,True
Corum Open 2016,53,0.943,2,True
Canadian Open 2018,53,0.943,2,True
TCh-ISL Div 2 2015-16,125,0.944,2,True
2nd Marcel Duchamp Cup,143,0.944,2,True
ch-CZE U20 SF 2014,54,0.944,2,True
12th Highlands Open 2018,36,0.944,2,True
ch-AZE w 2019,18,0.944,1,True
Kyiv Spring 2021,162,0.944,2,True
28th Poznan Open 2021,90,0.944,1,True
273rd YMCA Spring B 2023,36,0.944,1,True
1000GM Thanksgiving IM1,18,0.944,2,True
1000GM Winter GM 1 2023,18,0.944,2,True
286th YMCA Spring A 2024,36,0.944,1,True
297th YMCA Winter B 2025,36,0.944,1,True
2nd Yerevan Open 2017,145,0.945,1,True
Collado Villalba Open B,73,0.945,1,True
22nd Voronezh FIDE Open,146,0.945,1,True
TCh-SWE Elitserien,2474,0.945,1,True
Canadian Closed Women,92,0.946,2,True
32nd Schlosspark Open,166,0.946,2,True
11th Philadelphia Int,74,0.946,3,False
70th ch-RUS HL w 2020,37,0.946,1,True
35th Carlos Torre Mem,56,0.946,2,True
Lichtenberger Sommer 2016,188,0.947,1,True
TCh-FRA Top 12 w Final,113,0.947,1,True
Elite Hotels Vaxjo Open,925,0.947,2,True
134th MGU Open 2015,19,0.947,2,True
54th American Open 2018,38,0.947,1,True
ch-East Asia Women 2019,38,0.947,1,True
Skopje Open 2024,95,0.947,2,True
34th Carlos Torre Mem,38,0.947,2,True
33rd Carlos Torre Mem,77,0.948,2,True
XVIII Rhein-Main-Open,116,0.948,2,True
Scottish Int Open 2024,58,0.948,2,True
CellaVision Cup 2017,78,0.949,1,True
ch-ISR Semifinal 2022,78,0.949,1,True
56th Groningen Open 2018,59,0.949,2,True
TCh-ISR 2020,257,0.949,1,True
59th Biel ATO 2026,99,0.949,1,True
Aarhus Chess House IM,20,0.950,2,True
3rd Sat Djenovici Dec IM,20,0.950,2,True
ch-GRE Junior Women 2019,20,0.950,1,True
ch-IRL 2019,40,0.950,1,True
Canadian Open 2019,40,0.950,2,True
Akva Gold 3 GM 2021,20,0.950,2,True
Third Saturday IM Mix 267,20,0.950,2,True
261st YMCA Summer A 2022,20,0.950,1,True
RUDAR 17 IM 2023,20,0.950,2,True
75th ch-ARG w 2024,20,0.950,1,True
Riga Christmas WIM,20,0.950,2,True
Zonal 3.1 Women 2025,20,0.950,2,True
Gilbert Cup 2026,20,0.950,2,True
59th Mislata Open 2026,20,0.950,2,True
TCh-CZE 1 Liga Zapad,8618,0.950,1,True
8th Figueira da Foz Open,41,0.951,2,True
3rd President ALG Open,41,0.951,2,True
ch-SRB Semi-Final 2019,41,0.951,2,True
Elite Hotels Stockholm GP,82,0.951,1,True
TCh-EUR Senior +65 2025,41,0.951,1,True
5th Bella Italia Master,41,0.951,2,True
31st ECC Open 2015,350,0.951,1,True
62nd Rubinstein Mem Open,83,0.952,1,True
81st ch-BUL 2017,21,0.952,1,True
Lichtenberger Sommer 2017,210,0.952,1,True
28th Paz de Ziganda 2018,21,0.952,1,True
26th Space Coast Open,21,0.952,1,True
ACTJCL Sunday Summer 2021,42,0.952,1,True
8th Gulf Coast New Year,21,0.952,1,True
3rd Int Women 2025,42,0.952,1,True
TCh-CZE 1 Liga Vychod,8262,0.953,1,True
19th ch-Euro Seniors +65,64,0.953,1,True
Malmo Open 2024,64,0.953,1,True
1st Sao Martinho do Porto,43,0.953,2,True
8th Vellmar Open 2016,108,0.954,2,True
Zonal 3.4 2025,87,0.954,2,True
Spring Open Women 2015,22,0.955,1,True
24th Space Coast Open,22,0.955,1,True
13th Ugra Governor's Cup,22,0.955,1,True
CD Meyer Gedenkturnier,22,0.955,1,True
4NCL Easter Congress 2022,110,0.955,2,True
TCh-EUR Senior +50 2023,44,0.955,1,True
17th Poti Open 2024,44,0.955,1,True
Zonal 3.4 Women 2025,44,0.955,2,True
8th Oviedo Open 2022,133,0.955,2,True
19th Rhein-Main-Open 2016,111,0.955,2,True
TCh-ISL Div 1 2019-20,200,0.955,2,True
25th TCh-CRO Div 1b 2016,67,0.955,1,True
9th Korbach Open 2017,67,0.955,2,True
1st Colossus Cup 2015,45,0.956,1,True
11th Ugra Governor's Cup,45,0.956,1,True
2nd Longtou Cup 2019,45,0.956,1,True
Najdorf Mem Open A 2022,90,0.956,1,True
TCh-TUR 1st League 2018,205,0.956,2,True
Reykjavik Open 2026,389,0.956,2,True
ch-Moscow Women 2017,23,0.957,1,True
78th Noteboom Open,23,0.957,1,True
ch-ISR Youth U18 2019,23,0.957,1,True
TCh-POL 1st League 2019,69,0.957,1,True
EY U20 2021,23,0.957,2,True
Milton Keynes Open 2025,23,0.957,1,True
TCh-MNE Premier 2020,93,0.957,2,True
1st Marcel Duchamp Cup,117,0.957,2,True
36th Zalakaros Open 2017,117,0.957,1,True
67th ch-RUS HL w 2017,47,0.957,1,True
33rd EY Open U8 2025,47,0.957,1,True
13th American Continental,165,0.958,2,True
TCh-POL 1st League 2018,71,0.958,1,True
Marburger Schachtage 2024,119,0.958,2,True
TCh-SUI 2015,503,0.958,1,True
5th Gebze Open 2014,72,0.958,2,True
2nd Gligoric Cup 2014,48,0.958,1,True
34th Untergrombach Open,48,0.958,1,True
Baltic Zonal Liepaja 2017,24,0.958,2,True
Baltic zt III Stage 2018,24,0.958,2,True
Quebec Open 2018,48,0.958,2,True
20th 4NCL Congress 2018,48,0.958,2,True
Third Saturday 94 IM 2018,24,0.958,2,True
ch-LTU w 2019,24,0.958,1,True
25th 4NCL Congress 2021,48,0.958,2,True
1st BICA Pawn Open 2021,120,0.958,2,True
21st IPCA WCh 2022,24,0.958,2,True
Kazakhstan Cup Final 2023,24,0.958,3,False
7th Baskent University Op,24,0.958,2,True
ch-TTO 2025,24,0.958,2,True
TCh-TUR 1st League 2022,145,0.959,2,True
Srdja Dragasevic Mem 2024,49,0.959,2,True
ch-TUR w 2018,74,0.959,2,True
Olympiad Women 2024,717,0.960,1,True
40th World Junior Girls,99,0.960,1,True
46th Arco Open 2024,174,0.960,1,True
Bundesliga 2015-16,821,0.960,1,True
Montreal Open 2016,50,0.960,2,True
Paskturneringen Open 2025,50,0.960,1,True
Wroclaw Open B 2025,75,0.960,2,True
ch-Arab Indiv Women 2025,25,0.960,1,True
TCh-TUR 1st League 2026,177,0.960,2,True
Basel Masters 2018,51,0.961,2,True
ch-SRB semi-final 2018,51,0.961,2,True
30th TCh-SLO 2020,51,0.961,1,True
8th Korbach Open 2016,77,0.961,2,True
Panevezys Elite Open 2018,52,0.962,2,True
XVIII Profigaia Open 2018,156,0.962,2,True
ch-GER Youth U18 2020,26,0.962,2,True
Harry Lamb Mem 2025,26,0.962,2,True
32nd Abu Dhabi Masters,104,0.962,1,True
Mont-Royal Open 2017,27,0.963,1,True
28th EY Open U14 2018,54,0.963,1,True
Wells Chess Congress 2026,27,0.963,2,True
2nd Bundesliga Ost 23-24,354,0.963,1,True
14th ch-IBCA Blind 2019,82,0.963,1,True
World Youth Girls U18 2014,55,0.964,2,True
14th Asian Continental w,55,0.964,1,True
Karvina Open 2017,55,0.964,1,True
European Amateur U2300,55,0.964,2,True
ch-KAZ semifinal 2026,55,0.964,1,True
1st Amsterdam CF Open,55,0.964,1,True
60th Rubinstein Mem Open,111,0.964,1,True
9th Irena Warakomska Mem,167,0.964,2,True
Vasteras Open 2014,56,0.964,1,True
ch-Africa 2014,28,0.964,1,True
ch-TUR 2016,28,0.964,1,True
63rd ch-WLS 2017,28,0.964,2,True
7th Hofheim Spring Open,56,0.964,2,True
Gelendzhik Open 2022,28,0.964,1,True
Maplewood Prof Cup 2024,84,0.964,3,False
Karlstad Open 2024,56,0.964,1,True
Belgrade Premier League,940,0.965,1,True
Kvibergspelen 2017,57,0.965,1,True
14th Dolomiti Open 2023,57,0.965,2,True
32nd EY Girls U10 2024,57,0.965,1,True
1st League Central-SRB 2016,86,0.965,2,True
Panevezys Open 2016,29,0.966,2,True
Satka Autumn 2016,29,0.966,1,True
26th ch-EUR Indiv 2026,494,0.966,1,True
Istanbul Open 2017,60,0.967,1,True
6th Pontevedra Open 2018,30,0.967,1,True
ch-CHI Women 2019,30,0.967,2,True
Ricany Open A 2020,60,0.967,2,True
57th Rubinstein Mem Open,60,0.967,1,True
4th Sharjah Masters 2021,60,0.967,1,True
Ahilik International Open,30,0.967,2,True
Nakhchivan 100th Ann Rep,30,0.967,1,True
Stockholm Grand Prix 2024,30,0.967,1,True
3rd Atlantic Ind Day Open,30,0.967,2,True
6th Famalicao Open 2018,211,0.967,2,True
19th ch-EUR Indiv 2018,302,0.967,1,True
Xtracon Chess Open 2018,394,0.967,2,True
TCh-EUR Youth U18 2022,91,0.967,1,True
1st Etna Open 2014,61,0.967,2,True
TCh-RUS Junior 2015,122,0.967,1,True
Dutch Open 2025,61,0.967,1,True
Skakmot odlinga 2015,62,0.968,1,True
12th South Wales Int 2015,62,0.968,2,True
ch-Francophonie 2015,93,0.968,1,True
17th Bad Zwesten Op,62,0.968,2,True
Delegacio Lleida Open,62,0.968,1,True
Almaty Open 2018,31,0.968,1,True
32nd Heart of Finland Op,62,0.968,2,True
Wroclaw Open B 2024,93,0.968,2,True
16th American Cont. Women,62,0.968,2,True
10th Cubuk Open 2025,31,0.968,2,True
Qonaev Cup Masters 2025,62,0.968,1,True
Robinson Cup 2025,31,0.968,2,True
3rd President's Day Open,31,0.968,2,True
47th Arco Open 2025,188,0.968,1,True
VI Copa Latina 2015,157,0.968,2,True
World Senior 50+ 2016,157,0.968,1,True
XI Copa Camara Masters,63,0.968,2,True
21st Bosnjaci Open,95,0.968,1,True
123rd ch-NZL Open 2016,64,0.969,1,True
XI Copa Independencia,64,0.969,1,True
90th ch-BRA 2024,128,0.969,2,True
TCh-Kosovo Elite 2025,64,0.969,2,True
TCh-SLO Div 1 West 2018,161,0.969,1,True
Croatian Cup 2019,129,0.969,2,True
National Open 2026,130,0.969,2,True
TCh-CRO Div 1b 2014,66,0.970,1,True
Vladimir Dvorkovich Cup,198,0.970,1,True
SPICE Cup Open 2020,33,0.970,2,True
38th World Junior Girls,66,0.970,2,True
ch-AUS 2026,33,0.970,2,True
Chigorin Memorial 2014,364,0.970,1,True
Kazakhstan Cup Final w,67,0.970,2,True
ch-AUS 2016,34,0.971,2,True
Fagernes GM Open 2016,34,0.971,2,True
Greek Final 8 Team Cup,68,0.971,1,True
4NCL Div 1d 2018-19,68,0.971,1,True
73rd ch-MNE 2021,34,0.971,2,True
64th Southend Easter 2022,68,0.971,2,True
IV Chess Festival Cesis,34,0.971,1,True
TCh-TUR 1st League 2025,172,0.971,2,True
IV Mohammed VI Masters,69,0.971,2,True
8th IBCA World Teams 2018,35,0.971,1,True
10th Brno Open 2021,35,0.971,1,True
North American Youth U20,35,0.971,2,True
Najdorf Mem Open A 2025,105,0.971,1,True
Montreal Open 2025,70,0.971,2,True
21st Moscow Women's Open,70,0.971,2,True
27th TCh-CRO Div 1b 2018,71,0.972,1,True
31st Carlos Torre Mem,71,0.972,2,True
9th Vellmar Open 2017,107,0.972,2,True
122nd ch-SCO 2015,72,0.972,1,True
90th ch-Paris IdF 2015,36,0.972,1,True
XXX Gniota Memorial Open,36,0.972,2,True
George Trundle Masters,36,0.972,1,True
Canada Zonal 2019,36,0.972,2,True
34th Gniota Memorial Open,36,0.972,1,True
47th Guernsey Open 2023,36,0.972,1,True
283rd YMCA Winter B 2024,36,0.972,1,True
112th ch-GBR 2026,108,0.972,1,True
Muscat International 2024,146,0.973,2,True
52nd Groningen Open,110,0.973,1,True
Panchenko Mem Open A 2021,147,0.973,2,True
53rd Groningen Open 2015,74,0.973,1,True
20th Heraklion Open 2017,37,0.973,2,True
Denver Open 2019,37,0.973,2,True
23rd Battle of Senta Open,37,0.973,2,True
14th Figueira da Foz Open,37,0.973,2,True
Ramat Gan Winter Masters,74,0.973,1,True
Aegean Open 2023,37,0.973,1,True
Manchester Chess Congress,37,0.973,1,True
ch-POL U20 2023,37,0.973,2,True
HSK Easter Open 2024,111,0.973,2,True
Hull 4NCL Congress 2024,37,0.973,2,True
104th ch-IRL 2025,37,0.973,1,True
CHN DivA KO Rd1-2 2025,37,0.973,2,True
Lueneburg Open A 2019,112,0.973,1,True
Canadian Open 2023,112,0.973,2,True
1st elllobregat Open 2019,75,0.973,1,True
43 Ludwika Zamenhofa Mem,75,0.973,2,True
Portugal Open 2017,152,0.974,2,True
Grand Prix Hunedoara 2022,38,0.974,2,True
Marburger Schachtage A,114,0.974,2,True
288th YMCA Spring C 2024,38,0.974,1,True
Lankaran Open 2025,38,0.974,2,True
Kvika Reykjavik Open 2022,229,0.974,2,True
35th Collado Villalba Op,77,0.974,1,True
TCh-CHN DivA Regular,77,0.974,1,True
Croatian Cup 2024,77,0.974,1,True
26th Porto San Giorgio Op,39,0.974,1,True
ch-TUR w 2017,78,0.974,2,True
127th ch-NZL Open 2020,39,0.974,1,True
55th Mislata Open 2022,39,0.974,1,True
51st Bosna Open 2022,39,0.974,2,True
2nd SKG White Tower Open,39,0.974,2,True
Open Desko Liberec 2023,39,0.974,1,True
Bagcilar Municipality,39,0.974,2,True
7th Mersin Open 2023,39,0.974,2,True
Hull 4NCL Congress 2025,39,0.974,2,True
TCh-TUR Super League 2026,157,0.975,2,True
TCh-EUR Senior +65 2024,118,0.975,1,True
TCh-ISL Kvika 2025-26,118,0.975,2,True
28th Kiel Open 2015,79,0.975,2,True
Maia Chess Open 2024,159,0.975,1,True
45th Olympiad 2024,877,0.975,1,True
World Junior Open 2016,80,0.975,1,True
8th Vaujany Open 2017,40,0.975,1,True
ch-LAT Women 2018,40,0.975,1,True
Guillermo Garcia Prem 1,40,0.975,1,True
Guillermo Garcia Prem 2,40,0.975,1,True
Orsha Open 2019,80,0.975,2,True
6th Mersin Open 2022,40,0.975,2,True
59th World Juniors 2022,120,0.975,2,True
Northumbria Masters Open,40,0.975,2,True
15th Gora Sw. Anny Open,40,0.975,2,True
WOW air tournament 2015,41,0.976,1,True
World Cadets U12 2016,123,0.976,1,True
45th Sparkassen Open,82,0.976,1,True
Brazil Curitiba Open 2018,82,0.976,1,True
Guillermo Garcia Open,328,0.976,1,True
Nakhchivan Open 2019,41,0.976,1,True
47th Badalona Open 2023,41,0.976,1,True
TCh-CAT GpA Final 2024,164,0.976,1,True
Wightlink Int Masters,123,0.976,2,True
ECU Senior +65 2026,123,0.976,1,True
TCh-CAT Gp2 2026,206,0.976,1,True
TCh-CAT GpA Final 2026,167,0.976,1,True
74th ch-MNE 2022,42,0.976,1,True
Wroclaw Open A 2023,42,0.976,2,True
TCh-POL Ekstraliga 2017,255,0.976,1,True
Frauenbundesliga 2019-20,340,0.976,1,True
Shamakhi Open 2026,85,0.976,2,True
TCh-TUR Clubs 2017,386,0.977,2,True
Xtracon Chess Open 2017,429,0.977,2,True
POL vs UKR Akademickie m,43,0.977,2,True
6th Hofheim Spring Open,43,0.977,2,True
SPICE Cup Open 2019,43,0.977,2,True
19th Baltic Pearl Open A,86,0.977,1,True
TCh-FIN 2023-24,645,0.977,1,True
ch-Mexico City 2023,43,0.977,2,True
Issykkul Open A 2025,43,0.977,1,True
Duras BVK Open 2016,88,0.977,1,True
Almaty Open 2016,44,0.977,1,True
5th Asian Indoor 2017,44,0.977,2,True
8th Llucmajor Open 2019,44,0.977,1,True
Dzhubga Open 2023,44,0.977,1,True
279th YMCA Autumn B 2023,44,0.977,1,True
Grand Prix Chess III 2025,44,0.977,2,True
4th Paphos Int Open 2026,44,0.977,1,True
TCh-TUR Super League 2024,133,0.977,2,True
Fraubundesliga 2014-15,444,0.977,1,True
ch-Wuerttemberg 2017,45,0.978,1,True
42nd Tenkes Cup 2018,45,0.978,2,True
Pavlodar Open 2019,45,0.978,1,True
China Zonal 3.5 2021,45,0.978,1,True
9th ch-Francophonie 2023,45,0.978,1,True
27th Iraklio Open 2025,45,0.978,1,True
exe Slovakia Open 2025,135,0.978,1,True
HWP Inholland 2026,45,0.978,1,True
74th ch-Urals 2016,46,0.978,1,True
124th ch-NZL Open 2017,46,0.978,1,True
8th Sharjah Cup for Women,46,0.978,1,True
126th ch-NZL Open 2019,46,0.978,1,True
8th Ideon Andron Op 2019,46,0.978,2,True
Malmo Open 2019,46,0.978,1,True
TCh-ISR Women 2021,46,0.978,2,True
South African Open 2022,92,0.978,2,True
ch-LTU 2026,92,0.978,2,True
VMCG Open A 2016,93,0.978,1,True
TCh-CAT Gp2 2024,281,0.979,1,True
ch-AUT 2016,47,0.979,1,True
Superliga E Kosoves 2021,47,0.979,1,True
TCh-POR Div1 2021,47,0.979,2,True
I Casabermeja Open 2021,47,0.979,2,True
121st ch-SUI 2022,47,0.979,1,True
Laszlo Barczay Mem 2023,47,0.979,1,True
293rd YMCA Autumn B 2024,47,0.979,1,True
Wroclaw Festival Open A,47,0.979,2,True
TCh-RUS Major League 2018,95,0.979,1,True
43rd TCh-GRE 2015,335,0.979,2,True
7th Beirut Open 2014,48,0.979,2,True
Nakhchivan Open 2016,48,0.979,1,True
US Chess Masters 2017,48,0.979,1,True
11th Vellmar Open 2019,96,0.979,2,True
TCh-IND Women 2020,48,0.979,1,True
Karlstad Open 2023,48,0.979,1,True
ch-Commonwealth 2023-24,48,0.979,1,True
Moja Extravaganza 2024,48,0.979,2,True
Pere Noel Open 2024,48,0.979,2,True
Turkish Cup 2025,144,0.979,2,True
24th Guillermo Garcia Open 2015,49,0.980,1,True
Gibraltar Challenger A,147,0.980,1,True
91st ch-Paris IdF 2016,49,0.980,1,True
3rd Ordu Open 2017,49,0.980,2,True
Monsaraz Open 2023,49,0.980,2,True
Cienaga Open 2024,49,0.980,2,True
292nd YMCA Autumn A 2024,49,0.980,1,True
44 Ludwika Zamenhofa Mem,49,0.980,2,True
3rd Guimaraes Chess Open,197,0.980,1,True
99th Edward Lasker Mem,50,0.980,2,True
Mitropa Cup 2016,50,0.980,1,True
2nd Getxo Open 2017,50,0.980,1,True
Northumbria Masters 2018,50,0.980,2,True
Icelandic Open 2018,50,0.980,2,True
12th World Teams Women,50,0.980,1,True
19th ch-Euro Seniors +50,50,0.980,1,True
Israeli Open 2019,50,0.980,1,True
ch-ROU 2021,50,0.980,2,True
54th Mislata Open 2021,50,0.980,1,True
1000GM LA Spring Splash,50,0.980,2,True
13th WLC Weekender 2023,50,0.980,2,True
13th Nordhausen Open 2023,50,0.980,1,True
La Plagne Soleil Masters,50,0.980,1,True
TCh-SRB Premier w 2016,101,0.980,1,True
TCh-UKR 2019,51,0.980,1,True
Paskturneringen Open 2023,51,0.980,1,True
2nd ACA Thanksgiving Day,51,0.980,2,True
Tseshkovsky Mem 2014,103,0.981,1,True
Quebec Open 2016,52,0.981,2,True
Baku Open 2016,52,0.981,1,True
25th Poznan Open 2017,104,0.981,2,True
26th Zadar Open A 2019,52,0.981,2,True
18th Izmir Open 2019,53,0.981,1,True
Ustron Open A 2024,53,0.981,1,True
61st Rubinstein Mem Open,106,0.981,1,True
17th Dubai Chess Open,108,0.981,2,True
25th EY BU18 2015,54,0.981,1,True
9th Pilsen Open 2017,54,0.981,1,True
Sea Harbor Open 2023,54,0.981,1,True
30th Abu Dhabi Masters,216,0.981,1,True
3rd Cambridge Int Open,108,0.981,2,True
TCh-CHN 2016,438,0.982,1,True
Portuguese Top League,439,0.982,2,True
Kvibergspelen 2019,55,0.982,1,True
MPL 50th National Junior,55,0.982,1,True
21st Orsha Open A 2023,55,0.982,1,True
Canadian Closed 2025,55,0.982,2,True
8th Baskent University Op,55,0.982,2,True
59th Capablanca Mem Open,55,0.982,1,True
Xtracon Chess Open 2016,392,0.982,2,True
St Louis Summer A,56,0.982,1,True
ch-TUR w 2019,56,0.982,2,True
John Bolger Cup Masters,56,0.982,2,True
World Youth Open U14 2024,225,0.982,1,True
Olympiad Women 2016,619,0.982,1,True
ch-GER Youth U25 2016,113,0.982,2,True
24th TCh-CRO Div 1b 2015,57,0.982,1,True
2nd Krunoslav Hulak Mem,114,0.982,1,True
TCh-SLO Women 2019,57,0.982,1,True
3rd Hofheim Spring Open,58,0.983,2,True
Pyramiden Cup 2015,116,0.983,2,True
TCh-ESP 2nd Div 2016,116,0.983,1,True
TCh-Moscow 2016,116,0.983,1,True
Runavik Open 2017,58,0.983,2,True
24th Heraklion Open 2017,58,0.983,1,True
8th Famalicao Open 2021,58,0.983,1,True
Baku Open 2023,116,0.983,1,True
6th Yerevan Open A 2024,58,0.983,1,True
TCh-POL 2nd League 2020,292,0.983,1,True
4th Gideon Japhet Mem Op,59,0.983,1,True
Hasselbacken Open 2021,59,0.983,1,True
2nd Bundesliga Nord 2017-18,599,0.983,1,True
World Youth Boys U18 2014,60,0.983,2,True
ch-DOM 2015,60,0.983,2,True
World Youth Girl U16 2017,60,0.983,2,True
St Louis Spring A,60,0.983,1,True
St Louis Spring B,60,0.983,1,True
108th ch-GBR 2022,60,0.983,1,True
Fagernes GM Open Aut 2022,60,0.983,2,True
2nd Bella Italia Master,60,0.983,2,True
Maia Chess Open 2026,120,0.983,1,True
TCh-BEL 2021-22,784,0.983,1,True
Reykjavik Open 2024,365,0.984,2,True
Hasselbacken Open 2019,61,0.984,1,True
Sea Harbor Cup 2021,61,0.984,1,True
La Palma Island Open 2022,61,0.984,1,True
Open ch-MKD 2024,61,0.984,2,True
TCh-CAT GpB Final 2016,185,0.984,1,True
TCh-RUS Men 2015,62,0.984,1,True
40th San Sebastian Open,62,0.984,1,True
12th Women's Sharjah Cup,62,0.984,2,True
Qatar Masters Open B 2024,62,0.984,1,True
LXXI Mexican Open 2026,124,0.984,2,True
Frauenbundesliga 2023-24,312,0.984,1,True
Bremen Silvester Open A,125,0.984,2,True
Croatian Cup 2018,126,0.984,2,True
4th Mersin Open 2019,63,0.984,1,True
2nd Laimer Pfingst-Open,63,0.984,2,True
I Russian Team Women Cup,63,0.984,1,True
8th Mersin Open 2024,63,0.984,2,True
2nd Burhaniye Oren Open,63,0.984,1,True
Lisbon Christmas Op 2014,127,0.984,2,True
Hong Kong Open 2018,64,0.984,2,True
15th Arad Open 2022,64,0.984,2,True
57th Biel Master Open,128,0.984,1,True
51st Sparkassen Open A,193,0.984,1,True
26th TCh-CRO Div 1b 2017,129,0.984,1,True
TCh-RUS Women 2025,129,0.984,1,True
Petrovac Open 2015,65,0.985,2,True
Irish Clubs 2019,65,0.985,2,True
Northumbria Masters 2022,65,0.985,2,True
TCh-CAT GpA Final 2023,130,0.985,1,True
Tsaghkadzor Open 2023,65,0.985,1,True
16th Foxwoods Open,65,0.985,1,True
HSK Easter Open 2025,65,0.985,2,True
Pere Noel Open 2025,65,0.985,2,True
Slovakia Chess Open 2026,65,0.985,1,True
ch-Commonwealth 2015,66,0.985,1,True
23rd Abu Dhabi Masters,132,0.985,2,True
ch-ROU 2022,66,0.985,2,True
Norway Chess Open GM 2024,66,0.985,2,True
Wroclaw Open A 2024,66,0.985,2,True
National Open Shenzhen,66,0.985,2,True
TCh-ISL Div 1 2014-15,199,0.985,2,True
TCh-ISL Div 2 2017-18,133,0.985,2,True
ch-URU Semi-Final 2017,67,0.985,2,True
World Cadets U12 2019,67,0.985,1,True
Oskemen Open Masters 2025,67,0.985,2,True
World Junior Open 2014,135,0.985,1,True
Zirndorf Cup 2017,135,0.985,2,True
World Senior 50+ 2019,135,0.985,1,True
National Open 2015,68,0.985,2,True
XTRACON GM 2015,68,0.985,2,True
Budapest Spring Open 2016,68,0.985,1,True
Najdorf Mem Open A 2016,136,0.985,1,True
5th Ideon Andron Op 2016,68,0.985,1,True
Lueneburg Open A 2018,68,0.985,1,True
10th Vellmar Open 2018,68,0.985,2,True
4NCL Div 1a 2018-19,204,0.985,1,True
TCh-CAT Gp1 2023,272,0.985,1,True
Dutch Open 2026,68,0.985,1,True
Frauenbundesliga 2021-22,273,0.985,1,True
TCh-MNE 1st League 2018,137,0.985,1,True
18th Lienz Open 2015,69,0.986,2,True
11th Washington Int 2024,69,0.986,2,True
Qatar Masters Open 2024,138,0.986,1,True
15th WLC Weekender 2025,69,0.986,3,False
2nd Bundesliga Ost 2017-18,346,0.986,1,True
TCh-Central Serbia Cup,70,0.986,2,True
9th Vojvodina Open 2018,70,0.986,2,True
51st TCh-GRE 2024,282,0.986,1,True
TCh-RUS Premier 2018,71,0.986,1,True
Warsaw Chess Open A 2022,71,0.986,2,True
14th Portoroz Open 2023,71,0.986,2,True
3rd BA Chess Masters 2025,142,0.986,2,True
German County Youth Ch,143,0.986,2,True
Bodensee Open 2017,72,0.986,1,True
26th ch-IND U25 2017,72,0.986,2,True
Brazil Foz do Iguacu Open,216,0.986,2,True
1000GM Vegas Super Swiss,72,0.986,2,True
TCh-POL Ekstraliga 2024,72,0.986,1,True
12th Beirut Open 2025,72,0.986,1,True
Xtracon Chess Open 2019,363,0.986,2,True
TCh-TUR Club 2018,436,0.986,2,True
6th Llucmajor Open 2017,73,0.986,1,True
12th Llinars del Valles,146,0.986,1,True
8th ch-Iberoamericano,146,0.986,1,True
26th Sants Open 2025,146,0.986,1,True
17th Montalvo Mem 2025,147,0.986,1,True
World Junior Open 2017,148,0.986,1,True
9th Cesme Open A 2023,74,0.986,2,True
Kanizsa Open 2026,224,0.987,1,True
TIPOS TCh-SVK 2025-26,523,0.987,1,True
10th American Continental,150,0.987,2,True
29th TCh-SLO 2019,75,0.987,1,True
1st Bikaner Open 2022,75,0.987,1,True
3rd Caissa Guatemala Open,75,0.987,2,True
TCh-ROU Superliga 2016,76,0.987,1,True
23rd HZ Open 2019,152,0.987,1,True
23rd RCC Int. Classical,76,0.987,1,True
27th Heart of Finland Op,77,0.987,1,True
23rd Hoogeveen Open 2019,77,0.987,2,True
Oskemen Open Masters 2026,77,0.987,1,True
TCh-POL 1st League 2024,155,0.987,1,True
Wroclaw Open A 2025,155,0.987,2,True
6th Irena Warakomska Mem,78,0.987,2,True
30th Abu Dhabi Open A,78,0.987,1,True
40th Vsetin Open 2015,79,0.987,2,True
23rd Voronezh FIDE Open,158,0.987,1,True
Quebec Open 2023,79,0.987,2,True
5th Panama Open 2026,79,0.987,2,True
World Amateur U2300,318,0.987,1,True
34th Zalakaros Open 2015,80,0.988,1,True
4th ad Gredine Open 2018,80,0.988,1,True
Fraubundesliga 2015-16,402,0.988,1,True
Najdorf Mem Open A 2023,81,0.988,1,True
18th Agzamov Mem 2025,81,0.988,1,True
ch-PER 2025,81,0.988,2,True
2nd Bundesliga Nord 2016-17,649,0.988,1,True
Irena Warakomska Mem B,82,0.988,2,True
39th Andorra Open 2023,82,0.988,1,True
Paskturneringen Open 2024,82,0.988,1,True
8th Sharjah Masters 2025,82,0.988,1,True
57th Italian Teams Women,82,0.988,1,True
18th Paracin Open A 2025,83,0.988,2,True
TCh-TUR Club 2025,415,0.988,1,True
TCh-AUT 2nd West 2016-17,336,0.988,1,True
Oskemen Masters 2024,84,0.988,1,True
Jonkoping Open 2025,84,0.988,2,True
Vasteras Open 2016,85,0.988,1,True
TCh-CAT GpA Final 2017,170,0.988,1,True
Reykjavik Open 2017,255,0.988,2,True
3rd Cubuk Open 2017,85,0.988,1,True
15th Paleochora Open 2022,85,0.988,1,True
45th Barbera Open 2023,85,0.988,1,True
32nd EY Girls U16 2024,85,0.988,1,True
Canadian Closed 2026,85,0.988,2,True
Mitropa Cup 2018,86,0.988,1,True
31st Roquetas de Mar Open,86,0.988,1,True
World Youth Girls U14,516,0.988,1,True
Reykjavik Open 2015,259,0.988,2,True
8th Arber Open 2019,173,0.988,1,True
23rd Poznan Open 2015,87,0.989,2,True
IV Manaus Open 2025,87,0.989,2,True
TCh-TUR Super League 2018,262,0.989,2,True
Letnji Open Jezero 2017,88,0.989,1,True
1st Liga Central SRB 2018,88,0.989,2,True
31st TCh-SLO NML 2021,88,0.989,1,True
TCh-SRB Premier 2022,88,0.989,1,True
2nd Bundesliga Nord 23-24,352,0.989,1,True
43rd St Veit Open 2024,88,0.989,2,True
23rd Troya Open 2015,89,0.989,2,True
Heusenstamm Schloss Open,1428,0.989,2,True
TCh-POL 2nd League 2018,268,0.989,1,True
ch-Schachbundesliga 2020,90,0.989,2,True
18th Paleochora Open 2025,90,0.989,1,True
TCh-FRA Top 16 GpA 2022,91,0.989,1,True
59th TCh-DEN Ex 2021-22,366,0.989,1,True
22nd Klatovy Open 2016,92,0.989,1,True
Krefeld Christmas Open,92,0.989,2,True
TCh-Madrid Honor 2019-20,277,0.989,1,True
34th Andorra Open 2016,93,0.989,1,True
47th Seville Open 2022,93,0.989,1,True
27th ECC Women 2023,93,0.989,1,True
TCh-CAT Final GpA 2015,188,0.989,1,True
Open ch-Paracin 2017,94,0.989,1,True
33rd Roquetas de Mar Open,94,0.989,1,True
Chelyabinskiy Variant A,94,0.989,1,True
59th Biel MTO 2026,94,0.989,1,True
South African Open 2015,95,0.989,2,True
55th Rubinstein Mem,95,0.989,1,True
Dutch League 2022-23,668,0.990,1,True
26th Montcada Open 2018,96,0.990,1,True
14th Split Open 2025,96,0.990,1,True
London Classic Open 2014,193,0.990,2,True
TCh-HUN 2019-20,775,0.990,1,True
TCh-POL Ekstraliga 2015,194,0.990,1,True
TCh-GER Junior U20 2017,97,0.990,2,True
Chelyabinskiy Variant GpA,97,0.990,2,True
22nd Sant Marti Open 2022,97,0.990,1,True
TCh-CAT GpB Final 2024,194,0.990,1,True
World Cadets U12 Girls,194,0.990,1,True
44th TCh-GRE 2016,389,0.990,2,True
45th Seville Open 2020,98,0.990,1,True
Pamukkale Int. Open 2026,98,0.990,2,True
Nis Open 2016,99,0.990,1,True
53rd Biel C-HTO 2020,99,0.990,1,True
35th Roquetas de Mar Open,99,0.990,2,True
TCh-HUN 2022-23,694,0.990,1,True
10th Beirut Open 2019,100,0.990,2,True
Floripa Winter 2024,100,0.990,2,True
31st Abu Dhabi Masters,200,0.990,1,True
Jastrzebie-Zdroj Open,101,0.990,1,True
TCh-MNE Premier 2019,101,0.990,1,True
7th Vojvodina Open 2016,102,0.990,1,True
89th ch-ESP 2024,102,0.990,1,True
11th Figueira da Foz Open,103,0.990,2,True
30th NATO Chess 2019,103,0.990,2,True
National Open 2024,103,0.990,2,True
TCh-FIN 2014-15,518,0.990,1,True
49th TCh-GRE 2022,311,0.990,1,True
TCh-MNE Premier 2021,104,0.990,2,True
Leca Chess Open 2022,104,0.990,1,True
Panchenko Mem Open 2019,105,0.990,1,True
Aeroflot Open B 2020,105,0.990,1,True
34th ECC Open 2018,422,0.991,1,True
ch-AUT 2015,106,0.991,1,True
TCh-NOR Elite 2023-24,212,0.991,1,True
TCh-NOR Codanserien,213,0.991,1,True
14th American Continental,213,0.991,2,True
IV Llinars Int Open 2024,213,0.991,1,True
TCh-NOR Elite 2017-18,214,0.991,1,True
40th Nezhmetdinov Mem,107,0.991,1,True
Serbian League Women 2019,107,0.991,1,True
17th American Cont. Women,108,0.991,2,True
Vasteras Open 2017,109,0.991,1,True
TCh-CAT GpA Final 2019,109,0.991,1,True
7th Solta Open 2024,109,0.991,1,True
19th Arad Open 2026,109,0.991,1,True
TCh-TUR 2nd League 2018,329,0.991,2,True
London Classic Open 2018,221,0.991,2,True
14th Iranian Super League,111,0.991,2,True
Korchnoi Memorial Open,557,0.991,1,True
TCh-HUN 2017-18,781,0.991,1,True
Croatian Cup 2016,112,0.991,2,True
Hong Kong Open 2024,112,0.991,2,True
Int ch-Central SRB Op A,225,0.991,2,True
38th Portuguese Cup,113,0.991,1,True
33rd Belgrade Trophy,114,0.991,1,True
VIII SESC Caioba Open,114,0.991,1,True
Lichtenrader Herbst 2016,115,0.991,1,True
26th Chicago Open 2017,115,0.991,2,True
23rd Voronezh Master Open,115,0.991,1,True
16th Ugra Governor's Cup,115,0.991,1,True
TCh-CRO Final 2015,116,0.991,2,True
LJ Slovakia Open 2024,117,0.991,2,True
Hong Kong Open 2023,118,0.992,2,True
44th Olympiad 2022,1654,0.992,1,True
2nd Bundesliga Sud 2017-18,355,0.992,1,True
33rd Staufer-Open 2023,119,0.992,2,True
43rd Annual World Open,120,0.992,1,True
TCh-AUT 2021-22,241,0.992,1,True
47th Bosna Open 2017,121,0.992,2,True
TCh-CAT GpB Final 2019,121,0.992,1,True
91st ch-BRA 2025,121,0.992,2,True
TCh-ISL Premier 2021-22,122,0.992,2,True
Korchnoi Mem Open 2024,368,0.992,2,True
Millionaire Chess Open 2014,123,0.992,1,True
22nd ch-EUR Indiv w 2022,123,0.992,1,True
19th American Continental,123,0.992,2,True
TCh-POL 2nd League 2017,249,0.992,1,True
Bremen Silvester Open,250,0.992,2,True
TCh-TUR 1st League 2023,125,0.992,2,True
German Youth Teams 2020,251,0.992,2,True
Aeroflot Open B 2019,126,0.992,2,True
World Youth Open U18 2016,127,0.992,1,True
TCh-ISL Div 2 2018-19,127,0.992,1,True
TCh-SVK 2019-20,636,0.992,1,True
World U16 Olympiad 2015,129,0.992,2,True
World Youth Open U18 2026,129,0.992,1,True
26th EY BU16 2016,130,0.992,1,True
World Senior 65+ 2016,260,0.992,1,True
Polish Youth Ekstraliga,130,0.992,1,True
42nd Muensterland Open,130,0.992,1,True
36th ECC Open 2021,261,0.992,1,True
22nd Voronezh Master Open,131,0.992,1,True
Vugar Gashimov Open 2026,131,0.992,2,True
TCh-ISR 2021,267,0.993,1,True
105 Jahre FC St. Pauli Op,134,0.993,2,True
TCh-ISR 2024,268,0.993,1,True
Porto San Giorgio Open,135,0.993,1,True
10th Mayors Cup Open 2017,135,0.993,2,True
Frauenbundesliga 2018-19,405,0.993,1,True
18th Dubai Open 2016,136,0.993,1,True
5th Floripa Open 2019,409,0.993,2,True
28th Czech Open E 2018,137,0.993,1,True
Bydgoszcz Open A 2023,137,0.993,1,True
11th Oviedo Open 2025,137,0.993,1,True
29th TCh-SLO East 2019,140,0.993,1,True
Aeroflot Open A 2025,140,0.993,2,True
40th Seville Open 2015,142,0.993,1,True
Aeroflot Open A 2015,142,0.993,1,True
Belt and Road Hunan Op B,142,0.993,2,True
Aeroflot Open A 2024,142,0.993,2,True
IV Concordia Open 2018,143,0.993,2,True
5th Innsbruck Open 2021,143,0.993,2,True
Groninger Combinatie Open,431,0.993,2,True
19th Dubai Open 2017,144,0.993,1,True
19th ch-EUR Indiv w 2018,144,0.993,1,True
29th Abu Dhabi Masters,144,0.993,1,True
TCh-CAT Gp1 2024,288,0.993,1,True
TCh-BEL 2024-25,869,0.993,1,True
TCh-TUR Super League 2015,145,0.993,2,True
TCh-ESP 2nd Div 2017,145,0.993,1,True
32nd NATO Chess 2022,145,0.993,2,True
World Cadets U10 2024,145,0.993,1,True
TCh-HUN 2016-17,875,0.993,1,True
4NCL 2021-22,1315,0.993,1,True
24th TCh-SLO 2014,147,0.993,1,True
ch-TUR Youth 2016,149,0.993,2,True
Frauenbundesliga 2017-18,450,0.993,1,True
2nd Munich Festival Open,150,0.993,1,True
Korchnoi Mem Open 2023,301,0.993,2,True
Moscow Open A 2016,453,0.993,1,True
TCh-LAT 2019,151,0.993,1,True
19th OIBM 2015,153,0.993,1,True
TCh-TUR 2nd League 2019,306,0.993,2,True
Qatar Masters Open 2023,158,0.994,1,True
Turkish Cup 2022,319,0.994,2,True
TCh-ISR 2022,320,0.994,1,True
24th European Teams Women,160,0.994,1,True
TCh-POL 1st League 2022,161,0.994,1,True
Portugal Open 2018,162,0.994,1,True
29th Kiel Open 2016,164,0.994,2,True
Hastings Masters 2018-19,164,0.994,1,True
48th TCh-GRE Group 2 2021,165,0.994,1,True
4NCL 2015-16,826,0.994,1,True
4NCL Div 2 2025-26,500,0.994,1,True
4NCL 2024-25,502,0.994,1,True
World Youth Open U16 2016,169,0.994,1,True
TCh-POL 2nd League 2019,341,0.994,1,True
TCh-Moscow 2014,172,0.994,1,True
2nd Bundesliga Sud 25-26,516,0.994,1,True
Turkish Cup 2018,691,0.994,2,True
TCh-ISL Div 2 2016-17,173,0.994,1,True
TCh-HUN 2025-26,525,0.994,1,True
Turkish Cup 2017,701,0.994,2,True
TCh-CAT GpB Final 2026,176,0.994,1,True
38th ECC Open 2023,354,0.994,1,True
TCh-POL 2nd League 2024,355,0.994,1,True
TCh-CZE Extraliga 2017-18,534,0.994,1,True
TCh-LAT 2018,180,0.994,1,True
Vugar Gashimov Open 2025,180,0.994,1,True
55th TCh-DEN Ex 2016-17,361,0.994,1,True
48th TCh-GRE 2021,182,0.995,2,True
60th World Juniors 2023,182,0.995,2,True
27th Cracovia Open A,183,0.995,1,True
Olympiad Women 2022,1293,0.995,1,True
Hastings Masters 2022-23,185,0.995,1,True
Eurasia Open Cup 2019,371,0.995,1,True
45th Rilton Cup 2015-16,186,0.995,1,True
TCh-BEL 2022-23,746,0.995,1,True
TCh-POL Ekstraliga 2018,187,0.995,1,True
TCh-EUR Senior +65 2021,187,0.995,1,True
Curitiba Chess Open 2026,187,0.995,1,True
World Senior 65+ 2019,192,0.995,1,True
TCh-HUN 2018-19,773,0.995,1,True
Fagernes GM Swiss Aut,194,0.995,2,True
41st Arco Open 2019,196,0.995,1,True
TCh-TUR First League 2015,200,0.995,2,True
III Temuco Open 2026,200,0.995,2,True
33rd World Senior 65+,401,0.995,1,True
45th TCh-GRE 2017,402,0.995,2,True
DINI International 2024,202,0.995,1,True
46th TCh-GRE 2018,405,0.995,2,True
10th KIIT Elite Open 2017,206,0.995,1,True
10th Semana Santa Open,210,0.995,1,True
TCh-ISL Div 1 2015-16,211,0.995,2,True
TCh-CHN 2017,423,0.995,1,True
33rd Avoine Open 2018,212,0.995,1,True
TCh-ESP 2nd Div 2024,212,0.995,1,True
TCh-NOR Elite 2024-25,212,0.995,1,True
18th American Continental,214,0.995,2,True
TCh-TUR 1st League 2019,216,0.995,2,True
14th Moscow Open A 2018,434,0.995,1,True
TCh-HUN 2015-16,656,0.995,1,True
38th San Sebastian Open,222,0.995,1,True
GAMMA Reykjavik Open 2019,224,0.996,2,True
London Classic Open 2015,230,0.996,2,True
Reykjavik Open 2016,231,0.996,2,True
Leer Open 2024,232,0.996,2,True
TCh-FRA Top 12 2018,233,0.996,1,True
TCh-TUR Club 2019,466,0.996,2,True
Gibraltar Challenger B,235,0.996,1,True
Portugal Open 2020,236,0.996,1,True
Vitoria-Gasteiz Int Open,237,0.996,1,True
33rd ECC Open 2017,238,0.996,1,True
14th Moscow Open B w 2018,238,0.996,1,True
Batumi Municipality Cup,240,0.996,1,True
Reykjavik Open 2018,241,0.996,2,True
TCh-AUT 2017-18,243,0.996,1,True
Moscow Open A 2015,489,0.996,1,True
52nd TCh-GRE 2025,490,0.996,1,True
12th American Continental,247,0.996,2,True
19th Sants Open 2017,247,0.996,1,True
Gibraltar Masters 2019,250,0.996,1,True
Gibraltar Masters 2020,250,0.996,1,True
Turkish Cup 2020,508,0.996,2,True
TCh-FRA Top 12 2021,255,0.996,1,True
TCh-SVK 2021-22,511,0.996,1,True
TCh-CZE Extraliga 2015-16,529,0.996,1,True
2nd Bundesliga Ost 22-23,265,0.996,1,True
25th ch-EUR Indiv w 2025,269,0.996,1,True
German Youth Teams 2017,271,0.996,2,True
47th TCh-GRE 2019,271,0.996,1,True
London Classic Open 2017,274,0.996,2,True
2nd Bundesliga West 22-23,283,0.996,1,True
2nd Bundesliga Sud 24-25,573,0.997,1,True
33rd World Senior 50+,288,0.997,1,True
Serbia Chess Open 2021,289,0.997,2,True
TCh-ISR 2023,289,0.997,1,True
36th Cracovia Open A,289,0.997,2,True
Turkish Cup 2019,579,0.997,2,True
9th Sunway Sitges 2022,295,0.997,1,True
Asian Individual Women,303,0.997,1,True
London Classic Open 2019,316,0.997,2,True
TCh-AUT 2nd Mitte 2021-22,325,0.997,1,True
Norberto La Porta Cup,334,0.997,1,True
TCh-HUN 2024-25,337,0.997,1,True
2nd Bundesliga Sud 23-24,338,0.997,1,True
Vladimir Dvorkovich Open,341,0.997,1,True
4NCL 2017-18,686,0.997,1,True
24th ch-EUR Indiv 2024,345,0.997,1,True
World Senior Teams +65,1744,0.997,1,True
6th Floripa Open 2020,354,0.997,2,True
63rd TCh-DEN Ex 2025-26,356,0.997,1,True
Frauenbundesliga 2024-25,359,0.997,1,True
60th TCh-DEN Ex 2022-23,361,0.997,1,True
TCh-SUI 2022,362,0.997,1,True
Chigorin Memorial 2016,364,0.997,1,True
TCh-FIN 2019-20,371,0.997,1,True
TCh-POL 2nd League 2025,759,0.997,1,True
57th TCh-DEN Ex 2018-19,380,0.997,1,True
Reykjavik Open 2025,393,0.997,2,True
TCh-BEL 2015-16,792,0.997,1,True
8th Floripa Open 2022,408,0.998,2,True
World Youth Girls U18,411,0.998,1,True
Frauenbundesliga 2016-17,413,0.998,1,True
43rd Olympiad 2018,1692,0.998,1,True
World Senior Teams +50,1784,0.998,1,True
TCh-SUI 2023,452,0.998,1,True
9th Floripa Open 2023,476,0.998,2,True
Brazil Chess - Floripa,477,0.998,2,True
4NCL Div 2 2023-24,492,0.998,1,True
Gibraltar Masters 2017,499,0.998,1,True
TCh-SVK 2015-16,520,0.998,1,True
Gibraltar Masters 2018,532,0.998,1,True
Turkish Cup 2015,552,0.998,2,True
2nd Bundesliga Nord 25-26,574,0.998,1,True
2nd Bundesliga West 2017-18,601,0.998,1,True
TCh-CZE Extraliga 2016-17,609,0.998,1,True
TCh-HUN 2023-24,634,0.998,1,True
TCh-BEL 2019-20,690,0.999,1,True
TCh-HUN 2021-22,695,0.999,1,True
TCh-BEL 2025-26,763,0.999,1,True
Politiken Cup 2015,785,0.999,2,True
TCh-BEL 2017-18,799,0.999,1,True
TCh-BEL 2016-17,825,0.999,1,True
Bundesliga 2025-26,838,0.999,1,True
Bundesliga 2016-17,988,0.999,1,True
Bundesliga 2014-15,998,0.999,1,True
Ceske Budejovice Open,1042,0.999,1,True
Baku Open 2014,70,1.000,1,True
7th Grand Slam Masters,4,1.000,1,True
114th ch-SUI 2014,20,1.000,2,True
10th Zudov Mem 2014,26,1.000,1,True
40th Berger Paints ch-BAN,28,1.000,1,True
14th IPCA WCh 2014,32,1.000,1,True
Durban Open 2014,43,1.000,2,True
World Youth Boys U16 2014,73,1.000,2,True
World Youth Boys U14 2014,77,1.000,2,True
World Youth Girls U16 2014,65,1.000,2,True
Tatry Open 2014,230,1.000,2,True
24th Gros Open 2014,41,1.000,1,True
26th Cannes Summer Open,50,1.000,2,True
ITT Fexerj 2014,10,1.000,1,True
Dutch League 2014-15,625,1.000,1,True
64th TCh-BUL Men 2014,31,1.000,1,True
TCh-MNE Premier 2014,72,1.000,1,True
TCh-GEO Club 2014,80,1.000,1,True
TCh-Central Serbia 2014,56,1.000,1,True
Baku FIDE Grand Prix 2014,12,1.000,1,True
PokerStars IoM Masters 2014,71,1.000,1,True
World Junior Girls 2014,78,1.000,1,True
Rapport-Laznicka m 2014,4,1.000,1,True
Rapport-Laznicka m TB 2014,2,1.000,2,True
Oslo International 2014,88,1.000,2,True
Kolomenskaya Open 2014,18,1.000,2,True
36th Arco Open 2014,81,1.000,1,True
Hong Kong Open 2014,68,1.000,2,True
Chemnitzer Turm Open 2014,22,1.000,1,True
Chess in Kecskemet IM Sep,6,1.000,1,True
Aurora Fall Open 2014,19,1.000,3,False
TCh-BEL 2014-15,735,1.000,1,True
TCh-CRO Div 1a 2014,70,1.000,1,True
TCh-CRO w 2014,36,1.000,1,True
TCh-POL Ekstraliga 2014,62,1.000,2,True
Unive Giri-Shirov m 2014,2,1.000,1,True
Unive Timman-Jobava 2014,2,1.000,1,True
18th Unive Open 2014,67,1.000,2,True
Millionaire Chess TB 2014,4,1.000,3,False
18th Copa Mercosur 2014,10,1.000,1,True
BDO Premier 2014,10,1.000,1,True
BDO Challenger 2014,10,1.000,1,True
XTRACON GM 2014,25,1.000,1,True
Lady Chess 2014,10,1.000,2,True
VIII Universidad Central Open 2014,113,1.000,1,True
FSGM October 2014,6,1.000,1,True
FSIM October 2014,10,1.000,1,True
FSFMB October 2014,10,1.000,1,True
24th EY BU18 2014,64,1.000,1,True
24th EY GU18 2014,53,1.000,1,True
24th EY BU16 2014,89,1.000,1,True
24th EY GU16 2014,66,1.000,1,True
24th EY BU14 2014,96,1.000,1,True
40th Guernsey Open 2014,73,1.000,1,True
Larsen Mem North Jutland 2014,34,1.000,1,True
Lichtenrader Herbst 2014,89,1.000,1,True
TCh-HUN 2014-15,890,1.000,1,True
TCh-SUI 2014,82,1.000,1,True
Tashkent FIDE GP 2014,24,1.000,1,True
World Senior 50+ 2014,92,1.000,1,True
World Senior 65+ 2014,182,1.000,1,True
World Senior Women 2014,46,1.000,1,True
China zt 3.5 2014,106,1.000,1,True
SPICE Cup Open 2014,27,1.000,1,True
9th Deizisau Autumn Open,59,1.000,1,True
122nd MGU Open 2014,16,1.000,2,True
14th Sautron Open 2014,68,1.000,1,True
41st ch-IND w 2014,24,1.000,1,True
Hradec Kralove Open 2014,78,1.000,1,True
18th OIBM 2014,289,1.000,1,True
Chess in Kecskemet IM Oct,6,1.000,1,True
21st Venetian Autumn 2014,50,1.000,2,True
POR Lentas Fase Final,12,1.000,2,True
Yuri Privalov IM 2014,20,1.000,2,True
ch-TUR 2014,14,1.000,1,True
Uppsala Young Champions,433,1.000,2,True
TCh-AUT 2nd Mitte 2014-15,389,1.000,1,True
TCh-AUT 2nd West 2014-15,326,1.000,1,True
TCh-AUT 2nd Ost 2014-15,414,1.000,1,True
London League 2014-15,2,1.000,1,True
WCh 2014,2,1.000,1,True
Petrosian Memorial 2014,8,1.000,1,True
10th Ugra Governor's Cup,26,1.000,1,True
Shirov-Iturrizaga m 2014,2,1.000,1,True
ITT Caracas 2014,10,1.000,2,True
Durres Open 2014,42,1.000,1,True
TCh-POR Supercup 2014,8,1.000,1,True
TCh-ROU 2014,77,1.000,1,True
TCh-ROU w 2014,38,1.000,1,True
83rd ch-UKR 2014,12,1.000,1,True
1st German Masters Frauen,10,1.000,1,True
2nd Behin Cup 2014,103,1.000,1,True
5th Brno Open 2014,60,1.000,2,True
Sharjah Open 2014,37,1.000,2,True
V Mendeleev Rtg 2014,10,1.000,1,True
125th MGU Open 2014,16,1.000,2,True
FSGM November 2014,6,1.000,1,True
FSIM November 2014,10,1.000,1,True
Lugano Open 2014,42,1.000,2,True
TCh-CHN Division A,64,1.000,1,True
TCh-BAN Premier 2014,51,1.000,1,True
Nakamura-Aronian m 2014,2,1.000,1,True
74th ch-ITA 2014,24,1.000,1,True
85th ch-GER 2014,44,1.000,1,True
Baltic Zonal Vilnius 2014,12,1.000,2,True
CCSCSL Nov GM 2014,10,1.000,2,True
CCSCSL Nov IM 2014,10,1.000,2,True
UT Dallas Fall FIDE Open 2014,46,1.000,2,True
11th Vasylyshyn GM,10,1.000,1,True
11th Vasylyshyn IM,10,1.000,2,True
Intellectual Petersburg 2014,10,1.000,2,True
Kings Tournament ROU-CHN 2014,8,1.000,1,True
MSI Academy Final Open,16,1.000,2,True
Malta Open 2014,25,1.000,1,True
28th Belgrade Trophy 2014,236,1.000,1,True
2nd Srefidensi Masters,15,1.000,2,True
XXX Lower Silesia Cup,10,1.000,2,True
Zonal 4.2 2014,10,1.000,2,True
TCh-AUT 2014-15,252,1.000,1,True
67th ch-RUS 2014,20,1.000,1,True
ch-RUS Superfinal w 2014,20,1.000,1,True
Qatar Masters Open 2014,308,1.000,1,True
Barcelona GM 2014,12,1.000,1,True
Pilsen Open 2014,64,1.000,1,True
64th ch-GRE 2014,10,1.000,1,True
37th ch-GRE w 2014,10,1.000,1,True
50th American Open 2014,22,1.000,1,True
Arab Championship 2014,14,1.000,2,True
ITT Millonario de Navidad 2014,95,1.000,2,True
Overtime CC IM 2014,20,1.000,1,True
X Cup of Chervonograd IM,24,1.000,2,True
ch-IRI Women 2014,24,1.000,2,True
52nd SIB-CMS ch-IND 2014,13,1.000,1,True
128th MGU Open 2014,12,1.000,2,True
TCh-CHN Division A 2014,125,1.000,1,True
6th London Classic 2014,6,1.000,1,True
6th London CC Match 2014,2,1.000,1,True
XXIV Elgoibar GM 2014,10,1.000,2,True
17th Padova Open 2014,48,1.000,1,True
4th Holuj-Radzikowska,10,1.000,1,True
66th ch-Montenegro 2014,12,1.000,1,True
6th Penang Open 2014,96,1.000,2,True
Australasian Masters GM,60,1.000,1,True
Australasian Masters IM,90,1.000,1,True
I Centro Goya Open 2014,66,1.000,2,True
Sunway Sitges Open 2014,42,1.000,1,True
Zadar Open A 2014,45,1.000,2,True
Zadar Open B 2014,49,1.000,1,True
129th MGU Open 2014,16,1.000,3,False
ch-PAR 2014,12,1.000,2,True
Philippine Int Open 2014,38,1.000,2,True
Akobian vs Becerra Match,2,1.000,2,True
FSGM December 2014,10,1.000,1,True
FSIM December 2014,6,1.000,1,True
FSFMB December 2014,9,1.000,1,True
3rd Al Ain Chess Classic,145,1.000,2,True
Nutcracker Classical 2014,8,1.000,1,True
Challenge Match 1 2014,2,1.000,1,True
26th Carlos Torre Mem,39,1.000,1,True
75th EGU Yelets A 2014,20,1.000,1,True
75th EGU Yelets B 2014,20,1.000,1,True
PSC / Puregold Open 2014,46,1.000,2,True
ITT GP SNV 2014,10,1.000,2,True
90th Hastings Masters 2014-15,205,1.000,1,True
Challenge Match 2 2014,2,1.000,1,True
38th Zurich Christmas,61,1.000,1,True
44th Rilton Cup 2014-15,170,1.000,1,True
11th Schachtuerken Cup,29,1.000,1,True
24th Erfurt Master Open,54,1.000,1,True
24th North American Open,79,1.000,2,True
25th Cracovia Open A,183,1.000,2,True
31st Boeblinger Open 2014,50,1.000,1,True
3rd Lorca Open 2014,29,1.000,1,True
5th d'Inverno Open 2014,35,1.000,1,True
7th Marseilles Open 2014,22,1.000,1,True
8th Stadium Casablanca Open 2014,27,1.000,1,True
Bardejov Open 2014,54,1.000,2,True
Chess in Kecskemet GM Dec,12,1.000,2,True
Chess in Kecskemet IM Dec,12,1.000,2,True
Karlstad Open 2014,20,1.000,1,True
V Copa Latinoamericana 2014,33,1.000,1,True
ch-TUN 2014,10,1.000,2,True
Hampstead Int Open 2014,15,1.000,1,True
122nd ch-NZL Open 2015,81,1.000,1,True
7th Chennai Open 2014-15,148,1.000,1,True
Basel Masters 2015,80,1.000,2,True
23rd Donau Open 2014,66,1.000,1,True
20th Bosnjaci Open,100,1.000,1,True
26th Roquetas de Mar Open,36,1.000,1,True
27th Staufer-Open 2015,130,1.000,2,True
Australian Open 2015,38,1.000,1,True
Canterbury Summer Swiss,26,1.000,1,True
Kapluna Mem 2014,10,1.000,2,True
Pan-American Seniors +50 2014,30,1.000,2,True
Pan-American Seniors +65,11,1.000,2,True
1st Grand Hotel Promenade,33,1.000,2,True
77th Tata Steel GpA,14,1.000,1,True
77th Tata Steel GpB,14,1.000,1,True
Andranik Margaryan Mem,80,1.000,1,True
13th Parsvnath Open,165,1.000,2,True
Prague Open 2015,151,1.000,1,True
ch-CRO 2015,12,1.000,1,True
Gelendzhik Open 2015,35,1.000,1,True
VI Art Pub Cup 2015,50,1.000,2,True
Arab Youth U20 2015,10,1.000,2,True
75th ch-ARM HL 2015,10,1.000,1,True
70th ch-AZE 2015,22,1.000,1,True
72nd ch-GEO w 2015,10,1.000,1,True
Vladimir Dvorkovich Mem,70,1.000,1,True
ch-BLR Women 2015,10,1.000,1,True
14th Marienbad IM1 2015,10,1.000,2,True
14th Marienbad IM2 2015,10,1.000,2,True
14th Marienbad Open 2015,106,1.000,1,True
81st ch-BRA 2015,12,1.000,2,True
Baltic zt Tallinn 2015,12,1.000,2,True
Floripa Open 2015,184,1.000,2,True
XYChess January IM 2015,10,1.000,2,True
Zicosur Open 2015,88,1.000,2,True
130th MGU Open 2015,10,1.000,3,False
131st MGU Open 2015,10,1.000,2,True
132nd MGU Open 2015,13,1.000,3,False
10th Gazi Open 2014,112,1.000,2,True
Zaw Win Lay Myanmar Open,52,1.000,2,True
ch-IRI 2015,29,1.000,2,True
Bejaia Open 2015,29,1.000,1,True
Hohlov Mem 2015,10,1.000,2,True
Jeruchess Winter GM,10,1.000,1,True
Open ch-Paracin 2015,61,1.000,1,True
17th NordWest-Cup 2015,16,1.000,1,True
79th ch-BUL SF 2015,26,1.000,2,True
Kecskemet GM New Year,18,1.000,1,True
Kecskemet IM New Year,33,1.000,2,True
Floripa Masters 2015,10,1.000,2,True
133rd MGU Open 2015,19,1.000,2,True
3rd GRENKE Chess Classic,8,1.000,1,True
Gibraltar Masters 2015,504,1.000,1,True
Moscow Open Students 2015,20,1.000,1,True
Moscow Open Students w,20,1.000,1,True
Moscow Open Women 2015,39,1.000,1,True
Chinggis GM 2015,20,1.000,2,True
20th HIT Open 2015,204,1.000,2,True
January Lviv Tradition IM,72,1.000,2,True
1st 4NCL FIDE Open 2015,47,1.000,2,True
3rd GRENKE Classic TB,2,1.000,5,False
135th MGU Open 2015,10,1.000,3,False
Aarhus Chess House GM,60,1.000,2,True
CJKS-Prime GM 2015,10,1.000,1,True
4th Zurich CC Classical,6,1.000,1,True
Tbilisi FIDE GP 2015,12,1.000,1,True
13th Khazar Open 2015,51,1.000,1,True
15th Liberec Open 2015,84,1.000,1,True
ch-ALG 2015,20,1.000,2,True
ch-KUW 2015,29,1.000,1,True
ch-MDA 2015,24,1.000,1,True
Graz Open A 2015,93,1.000,1,True
37th Bulgarian Open 2015,107,1.000,1,True
136th MGU Open 2015,13,1.000,2,True
DFEM 2015,25,1.000,1,True
FSGM February 2015,6,1.000,1,True
FSIM February 2015,10,1.000,1,True
FSFMA February 2015,6,1.000,1,True
FSFMB February 2015,10,1.000,1,True
53rd TCh-DEN Ex 2014-15,356,1.000,1,True
4th Zurich CC TB,2,1.000,1,True
Bunratty Classic 2015,10,1.000,2,True
23rd Fajr Open 2015,50,1.000,1,True
7th Batavia GM 2015,20,1.000,1,True
Uppsala Sportlov 2015,6,1.000,2,True
35th TCh-IND 2015,72,1.000,1,True
13th TCh-IND w 2015,35,1.000,1,True
16th ch-EUR Indiv 2015,490,1.000,1,True
14th Rochefort Open 2015,57,1.000,1,True
31st Cappelle Open 2015,82,1.000,1,True
31st ChessOrg Open,259,1.000,1,True
Kecskemet IM February,6,1.000,2,True
Paris IdF IM 2015,10,1.000,2,True
137th MGU Open 2015,36,1.000,3,False
IND-CHN Summit 2015,16,1.000,2,True
Spring Break UT GM,10,1.000,2,True
Zonal 3.3 2015,44,1.000,1,True
Zonal 3.3 w 2015,20,1.000,1,True
138th MGU Open 2015,11,1.000,2,True
47th Belgrade WGM 2015,10,1.000,1,True
FSGM March 2015,10,1.000,1,True
UT Dallas vs USA Juniors,10,1.000,2,True
9th Agzamov Memorial 2015,45,1.000,1,True
ch-URU 2015,12,1.000,2,True
139th MGU Open 2015,9,1.000,2,True
2nd Kolkata GM Open 2015,84,1.000,1,True
ch-CRO w 2015,10,1.000,2,True
FSIM March 2015,10,1.000,1,True
FSFMB March 2015,10,1.000,1,True
ch-Central Serbia w 2015,11,1.000,2,True
ch-CHI 2015,23,1.000,1,True
ch-CHI TB 2015,2,1.000,2,True
ch-VEN 2015,11,1.000,2,True
5th HD Bank Cup 2015,80,1.000,2,True
140th MGU Open 2015,10,1.000,2,True
88th ch-St Petersburg,12,1.000,1,True
ch-St Petersburg w 2015,16,1.000,1,True
Marchand Open 2015,6,1.000,1,True
ch-CYP Closed 2015,20,1.000,1,True
ch-CYP Open 2015,53,1.000,1,True
TCh-ISR 2015,144,1.000,1,True
ch-POL 2015,44,1.000,1,True
ch-POL w 2015,20,1.000,1,True
ch-DEN 2015,20,1.000,1,True
2nd Nazari GM 2015,10,1.000,2,True
2nd Nazari IM 2015,10,1.000,2,True
African Zonal 4.1 2015,30,1.000,2,True
Cape Town Classic 2015,8,1.000,1,True
Fagernes GM Open 2015,88,1.000,2,True
Karpos Open 2015,309,1.000,1,True
March Lviv Tradition IM,20,1.000,2,True
141st MGU Open 2015,12,1.000,2,True
1st Amic Hotels Open 2015,46,1.000,1,True
Aeroflot Open B 2015,160,1.000,1,True
ch-USA 2015,12,1.000,1,True
ch-USA w 2015,12,1.000,1,True
O2C Doeberl Cup 2015,33,1.000,1,True
Paskturneringen Open 2015,57,1.000,2,True
9th Philadelphia Open,63,1.000,2,True
LXI Mexican Open 2015,49,1.000,1,True
Zonal 2.3 2015,29,1.000,2,True
21st Schloss Open 2015,32,1.000,2,True
19th Neckar Open 2015,88,1.000,1,True
42nd La Roda Open 2015,114,1.000,1,True
142nd MGU Open 2015,11,1.000,2,True
Shmuel (Dugo) Fridman Mem,20,1.000,1,True
61st ch-WLS 2015,32,1.000,2,True
8th Montalvo Mem 2015,89,1.000,1,True
Pobeskydi FIDE Open 2015,39,1.000,2,True
Pobeskydi IM 2015,10,1.000,2,True
ch-FAI 2015,20,1.000,2,True
Chess Masters Vienna 2015,20,1.000,1,True
Chess Ladies Vienna 2015,20,1.000,1,True
15th BCC Open 2015,61,1.000,1,True
1st Blau Escacs Open 2015,56,1.000,1,True
59th Southend Easter 2015,53,1.000,1,True
FSGM April 2015,6,1.000,1,True
FSIM April 2015,10,1.000,1,True
Bolton Easter 2015,33,1.000,2,True
TCh-CAT Final GpB 2015,186,1.000,1,True
TCh-CHN 2015,396,1.000,1,True
Vugar Gashimov Mem 2015,10,1.000,1,True
10th World Teams 2015,50,1.000,1,True
Women's World Teams 2015,49,1.000,1,True
Japfa GM 2015,12,1.000,2,True
ch-SRB 2015,12,1.000,1,True
ch-SRB w 2015,10,1.000,1,True
Lagarde vs Velten Match,2,1.000,1,True
World Amateur Open 2015,70,1.000,1,True
World Amateur Women 2015,16,1.000,2,True
Zagreb Open 2015,96,1.000,1,True
79th ch-BUL 2015,10,1.000,1,True
64th ch-BUL w 2015,10,1.000,1,True
ch-ROU 2015,32,1.000,1,True
ch-ROU w 2015,24,1.000,1,True
ch-VIE 2015,28,1.000,2,True
ch-VIE w 2015,18,1.000,2,True
9th Lugano Open 2015,18,1.000,2,True
ch-RUS Juniors 2015,10,1.000,1,True
ch-RUS Girls 2015,10,1.000,1,True
65th ch-GRE 2015,10,1.000,1,True
38th ch-GRE w 2015,10,1.000,1,True
ch-LTU 2015,10,1.000,2,True
ch-MGL 2015,14,1.000,2,True
ch-MGL w 2015,11,1.000,2,True
2nd 4NCL Congress 2015,34,1.000,2,True
Malopolska Open 2015,51,1.000,2,True
4th TchEuro Small Nation,48,1.000,2,True
German Int Juniors 2015,10,1.000,2,True
ch-FRA Junior 2015,30,1.000,1,True
TCh-RUS Women 2015,45,1.000,1,True
47th Italian Teams 2015,147,1.000,1,True
Nakhchivan Open 2015,66,1.000,1,True
Copenhagen CC 2015,163,1.000,2,True
15th ch-Euro Seniors 2015,33,1.000,1,True
15th ch-Euro Seniors +65,31,1.000,1,True
143rd MGU Open 2015,10,1.000,3,False
12th V. Nabokov Mem GM,10,1.000,1,True
12th V. Nabokov Mem IM,10,1.000,1,True
Zonal 2.5 2015,80,1.000,2,True
ch-Africa 2015,32,1.000,1,True
Capablanca Prestige IM,18,1.000,2,True
Scandinavian Masters 2015,6,1.000,1,True
TCh-RUS HL 2015,100,1.000,1,True
FSGM May 2015,6,1.000,1,True
FSIM May 2015,6,1.000,1,True
FSFMB May 2015,9,1.000,1,True
10th Angers Open 2015,51,1.000,2,True
1st Cidade Velha Open,57,1.000,2,True
4th Llucmajor Open 2015,43,1.000,1,True
Kecskemet IM April 2015,6,1.000,2,True
Kemp & Lauritzen IM 2015,10,1.000,2,True
Ostravsky Konik A,34,1.000,1,True
ch-Africa w 2015,19,1.000,1,True
German Chess Cup 2015,19,1.000,1,True
TCh-FRA Feminins GpA,32,1.000,2,True
TCh-FRA Feminins GpB,21,1.000,1,True
KM FIDE GP 2015,12,1.000,1,True
1st SCS Sivakasi Open,33,1.000,1,True
9th Wunsiedel Open 2015,84,1.000,1,True
Abrisham Open 2015,37,1.000,2,True
Haspa-Schachpokal Masters 2015,10,1.000,2,True
Manchester May IM 2015,10,1.000,2,True
May UT Brownsville GM,10,1.000,2,True
May UT Brownsville IM,10,1.000,2,True
ch-CZE 2015,10,1.000,1,True
ch-CZE w 2015,8,1.000,1,True
ch-EST 2015,8,1.000,2,True
ch-NED Qual Women 2015,2,1.000,4,False
6th LUCOPEN 2015,137,1.000,2,True
3rd Gligoric Cup 2015,49,1.000,1,True
16th ch-EUR Indiv w 2015,98,1.000,1,True
ch-CHN 2015,12,1.000,1,True
ch-CHN w 2015,12,1.000,1,True
Zonal 3.1 Women 2015,8,1.000,2,True
24th Chicago Open 2015,89,1.000,2,True
9th BPB Limburg Open 2015,59,1.000,1,True
Bodensee Open 2015,53,1.000,1,True
ch-KAZ 2015,47,1.000,1,True
12th Orlova GM 2015,10,1.000,2,True
12th Orlova Open A 2015,75,1.000,2,True
Somov Memorial 2015,12,1.000,1,True
TCh-FRA Top 12 2015,237,1.000,1,True
10th American Continental T/B,6,1.000,5,False
ch-GER Youth U18 2015,27,1.000,2,True
ch-UZB 2015,13,1.000,1,True
ch-UZB w 2015,10,1.000,1,True
ch-UZB 1st League 2015,10,1.000,1,True
1st Salinello Open 2015,58,1.000,1,True
2nd Holy Spirit Open 2015,33,1.000,1,True
37th Nezhmetdinov Cup,178,1.000,1,True
3rd ch-Arab Elite 2015,32,1.000,2,True
45th Bosna Open 2015,229,1.000,2,True
Iasi Open 2015,47,1.000,1,True
May Lviv Tradition IM,34,1.000,2,True
64th TCh-BUL Men 2015,67,1.000,1,True
48th TCh-BUL Women 2015,46,1.000,1,True
TCh-GER Oberliga 2014-15,534,1.000,1,True
8th Mayors Cup Open 2015,89,1.000,1,True
7th Capo d Orso Open 2015,55,1.000,1,True
Portuguese Masters 2015,10,1.000,2,True
NSW Open 2015,28,1.000,1,True
144th MGU Open 2015,12,1.000,2,True
Golden Sands Open 2015,71,1.000,1,True
VI ShakkiNet GM 2015,10,1.000,1,True
Cez Trophy 2015,2,1.000,1,True
19th Voronezh Master Open,130,1.000,1,True
29th Pula Open 2015,75,1.000,1,True
FSGM June 2015,6,1.000,1,True
FSIM June 2015,10,1.000,1,True
FSFMA June 2015,6,1.000,1,True
FSFMB June 2015,12,1.000,1,True
10th Teplice Open 2015,49,1.000,1,True
19th Copa Mercosur 2015,12,1.000,1,True
19th Republica Argentina 2015,10,1.000,1,True
145th MGU Open 2015,12,1.000,2,True
XXVII Lucca Open 2015,6,1.000,1,True
VIII Hebraica GM 2015,10,1.000,2,True
6th Dolomiti Open 2015,39,1.000,2,True
Mitropa Cup 2015,46,1.000,1,True
Mitropa Cup Women 2015,24,1.000,1,True
3rd Norway Chess 2015,10,1.000,1,True
50th Capablanca Mem Elite,6,1.000,1,True
50th Capablanca Mem Prem,10,1.000,1,True
50th Capablanca Mem Open,82,1.000,1,True
10th Edmonton GM 2015,10,1.000,1,True
68th ch-RUS HL 2015,79,1.000,1,True
65th ch-RUS HL w 2015,62,1.000,1,True
8th Asrian Memorial 2015,68,1.000,1,True
8th Sveins Memorial,62,1.000,2,True
Albena Open 2015,78,1.000,1,True
Ceske Budejovice GM 2015,10,1.000,1,True
HSG Open 2015,30,1.000,1,True
Silver Lake Open 2015,66,1.000,1,True
Tribute to the Flag 2015,8,1.000,2,True
13th Ameyar Mem 2015,33,1.000,2,True
5th CHN w Masters 2015,10,1.000,1,True
15th IPCA WCh 2015,35,1.000,2,True
2nd Floripa Masters 2015,10,1.000,2,True
3rd Cesme Open 2015,52,1.000,1,True
Portuguese Cup Final Four,18,1.000,1,True
43rd GM 2015,16,1.000,1,True
Helmut-Kohls-Turnier 2015,20,1.000,1,True
43rd Sparkassen Open,144,1.000,1,True
2nd Porticcio Open 2015,60,1.000,1,True
3rd DC International 2015,84,1.000,2,True
Prishtina Open 2015,42,1.000,2,True
Visma GM 2015,10,1.000,2,True
Visma IMA 2015,10,1.000,2,True
Visma IMB 2015,10,1.000,2,True
24th Guillermo Garcia Elite 2015,10,1.000,1,True
24th Guillermo Garcia Premier 2015,10,1.000,1,True
Karel Opocensky Mem 2015,10,1.000,2,True
Golden Prague Open 2015,78,1.000,2,True
146th MGU Open 2015,22,1.000,2,True
11th Baltic Pearl Open,96,1.000,1,True
23rd Montcada Open 2015,118,1.000,1,True
4th MTS GM 2015,10,1.000,2,True
7th Carlos I Open 2015,52,1.000,1,True
Expo Milan Chess Move,14,1.000,1,True
25th Seacoast Trophy 2015,78,1.000,1,True
Kartal Open 2015,32,1.000,2,True
LaHotel & 4 Springare GM,12,1.000,2,True
US Junior Girls 2015,10,1.000,2,True
Dvorkovich Cup 2015,32,1.000,1,True
7th Lublin vs Lviv Match,12,1.000,1,True
TCh-FRA Cup Final 2015,17,1.000,1,True
TCh-FRA Top 12 Final w,66,1.000,1,True
6th Hainan Danzhou GM,10,1.000,1,True
Polugaevsky Memorial 2015,58,1.000,1,True
ch-NED 2015,8,1.000,1,True
ch-NED w 2015,8,1.000,1,True
ch-BEL 2015,10,1.000,1,True
ch-NOR 2015,24,1.000,2,True
43rd Annual World Open TB,2,1.000,1,True
Oceania Zonal 2015,96,1.000,2,True
10th Wroclaw Open A 2015,23,1.000,2,True
17th Torredembarra Open,23,1.000,1,True
35th Benasque Open 2015,73,1.000,1,True
38th Barbera Open 2015,89,1.000,1,True
42nd ch-IND w Chall 2015,70,1.000,1,True
Silver Lake Open B 2015,46,1.000,1,True
19th Pirc Open 2015,103,1.000,2,True
49th Ilmar Raud Mem 2015,98,1.000,2,True
9th Varna Open 2015,54,1.000,1,True
Bijeljina GM 2015,6,1.000,2,True
Lake Sevan 2015,10,1.000,1,True
Najdorf Mem Open A 2015,83,1.000,1,True
ch-SWE 2015,10,1.000,1,True
ch-SWE Master Elite 2015,10,1.000,1,True
10th Nana Aleksandria Cup,64,1.000,1,True
FSGM July 2015,13,1.000,2,True
FSIM July 2015,12,1.000,1,True
FSFMA July 2015,10,1.000,1,True
FSFMB July 2015,12,1.000,1,True
ch-SVK 2015,10,1.000,1,True
Int Open ch-SVK 2015,90,1.000,1,True
ch-USA Junior 2015,10,1.000,1,True
XVII Sant Marti Open 2015,153,1.000,1,True
Zonal 3.5 Women 2015,60,1.000,1,True
90th ch-Paris IdF GM 2015,10,1.000,1,True
Science Park Open A 2015,46,1.000,1,True
34th St Veit Open 2015,34,1.000,1,True
1st Children's Cup 2015,7,1.000,1,True
Aegean Open 2015,44,1.000,1,True
4th Ideon Andron Op 2015,58,1.000,2,True
6th Kiryat-Ono Open 2015,33,1.000,1,True
Boavista International,5,1.000,1,True
ch-IRL 2015,19,1.000,1,True
21st Montpellier Sum Open,30,1.000,1,True
TCh-EUR Senior 2015,82,1.000,1,True
48th Biel GM 2015,6,1.000,1,True
China-Russia Match 2015,10,1.000,1,True
China-Russia Match w 2015,10,1.000,1,True
Ding Liren - Gelfand 2015,2,1.000,1,True
ch-SWE TB 2015,2,1.000,2,True
Minsk Open 2015,63,1.000,1,True
8th Paleochora Open 2015,125,1.000,1,True
33rd Andorra Open 2015,88,1.000,1,True
9th Leiden Open A 2015,59,1.000,1,True
7th St Louis GM Inv 2015,10,1.000,2,True
25th Heart of Finland Op,67,1.000,1,True
Oporto Open 2015,73,1.000,1,True
14th Bergamo Open 2015,31,1.000,1,True
ch-CAN 2015,42,1.000,2,True
Werner-Ott-Open 2015,74,1.000,1,True
TCh-EUR Youth U18 2015,59,1.000,1,True
26th NATO Chess 2015,86,1.000,2,True
48th Biel Master Open,63,1.000,1,True
26th Czech Open A 2015,415,1.000,1,True
102nd ch-GBR 2015,146,1.000,1,True
4th Sardaran Open 2015,51,1.000,2,True
Dutch Open 2015,57,1.000,1,True
11th Gazi Open 2015,141,1.000,2,True
6tth ch-EUR IBCA 2015,121,1.000,1,True
41st Sitges Open 2015,49,1.000,1,True
16th Mahalla Open 2015,52,1.000,1,True
30th Avoine Open 2015,187,1.000,1,True
Karvina Open 2015,108,1.000,1,True
Duras BVK Open 2015,86,1.000,1,True
Lviv July IM 2015,20,1.000,2,True
Miljo Vujovic IM 2015,10,1.000,2,True
23rd Saint-Affrique Open,44,1.000,1,True
8th New York Int 2015,6,1.000,1,True
147th MGU Open 2015,16,1.000,1,True
3rd 4NCL Congress 2015,30,1.000,2,True
Policka Open 2015,23,1.000,1,True
Thracian Princess 2015,20,1.000,2,True
ch-Panamerican U20 2015,38,1.000,2,True
24th TCh-MKD 2015,55,1.000,1,True
Glorney Cup 2015,18,1.000,2,True
Gilbert Cup 2015,10,1.000,2,True
ch-CHN B Men 2015,51,1.000,1,True
ch-CHN B Women 2015,46,1.000,2,True
Chinese Teams 2015,94,1.000,1,True
CHN-RUS Super Go 2015,6,1.000,3,False
14th Asian Continental,82,1.000,1,True
19th HZ Open 2015,69,1.000,1,True
41st Badalona Open 2015,54,1.000,1,True
67th ch-Montenegro 2015,23,1.000,1,True
45th ch-IND Junior 2015,54,1.000,1,True
45th ch-IND Junior Girls,35,1.000,1,True
6th Vojvodina Open 2015,138,1.000,1,True
Grafica Yael IM 2015,10,1.000,2,True
Ladislava Kotana Mem,85,1.000,1,True
Primorsky Debut 2015,39,1.000,1,True
21st Klatovy Open 2015,70,1.000,1,True
Pays de Charleroi Open,610,1.000,2,True
68th ch-RUS 2015,12,1.000,1,True
65th ch-RUS w 2015,12,1.000,1,True
90th ch-FRA 2015,12,1.000,1,True
ch-FRA w 2015,12,1.000,1,True
ch-FRA Accession 2015,30,1.000,1,True
Riga Tech Open A 2015,80,1.000,1,True
SS Manhem GM 2015,10,1.000,2,True
4th Washington Int 2015,29,1.000,1,True
8th Arad Open 2015,98,1.000,1,True
24th Kavala Open 2015,74,1.000,1,True
FSGM August 2015,10,1.000,1,True
FSIM August 2015,6,1.000,1,True
12th Plancoet Open 2015,49,1.000,1,True
2nd Prague Summer Open,101,1.000,1,True
148th MGU Open 2015,12,1.000,1,True
Jeruchess Summer IM,10,1.000,1,True
32nd Geneva Open 2015,16,1.000,1,True
3rd Famalicao Open 2015,68,1.000,2,True
4th Arber Open 2015,66,1.000,1,True
7th Vellmar Open 2015,64,1.000,2,True
TCh-ESP 2nd Div 2015,42,1.000,1,True
TCh-ESP Div 1 2015,40,1.000,1,True
VI Sarkany-Aranytiz GM,10,1.000,1,True
VI Sarkany-Aranytiz IM,10,1.000,1,True
VMCG GM 2015,10,1.000,1,True
VMCG IM 2015,10,1.000,1,True
VMCG Open A 2015,65,1.000,1,True
Vienna Open 2015,192,1.000,1,True
Ragger-Mamedyarov m 2015,2,1.000,1,True
18th Olomouc GM 2015,10,1.000,2,True
18th Olomouc GMB 2015,10,1.000,2,True
18th Olomouc IM 2015,10,1.000,2,True
18th Olomouc Open 2015,50,1.000,1,True
Brasschaat Open 2015,138,1.000,1,True
14th European Maccabi,45,1.000,2,True
16th Miquel Mas Open 2015,36,1.000,1,True
5th Split Open 2015,91,1.000,1,True
30th Teteven Open 2015,71,1.000,1,True
Letnji Open Jezero 2015,40,1.000,1,True
1st Zhongfu Open 2015,36,1.000,1,True
Slovenia Open 2015,47,1.000,1,True
Academia GM 2015,10,1.000,2,True
4th ITT LXSBC 2015,10,1.000,2,True
24th Feffernitz Open 2015,58,1.000,1,True
TCh-ESP Div Honor 2015,58,1.000,1,True
ch-ESP Women 2015,15,1.000,2,True
TCh-POR Div1 Final 2015,53,1.000,2,True
3rd Sinquefield Cup 2015,20,1.000,1,True
90th ch-FRA TB 2015,2,1.000,2,True
17th Sants Open 2015,265,1.000,1,True
22nd Abu Dhabi Masters,116,1.000,2,True
5th Isthmia Open 2015,38,1.000,2,True
76th ch-ARM 1st League,27,1.000,1,True
80th ch-ESP 2015,87,1.000,1,True
51st Rubinstein Mem,10,1.000,1,True
51st Rubinstein Mem Open,54,1.000,1,True
18th Olomouc Open Seniors,22,1.000,1,True
UKA German Masters 2015,6,1.000,1,True
ZMDI Open 2015,24,1.000,1,True
Panevezys GM 2015,10,1.000,2,True
90th ch-ARG Semi-Final,91,1.000,1,True
26th Jozef Kochan Mem,17,1.000,2,True
32nd Collado Villalba Op,53,1.000,1,True
3rd Pontevedra Open 2015,47,1.000,1,True
Stare Mesto Open 2015,76,1.000,1,True
30th Schwarzacher Open,43,1.000,2,True
TCh-SRB Premier 2015,89,1.000,1,True
53rd ch-IND Challengers,118,1.000,1,True
35th Bratto Open 2015,34,1.000,1,True
Bruges Masters 2015,31,1.000,1,True
3rd Golden Apricot 2015,56,1.000,1,True
Styrian Open 2015,65,1.000,1,True
Open ch-MKD 2015,43,1.000,1,True
6th Interchess Cup 2015,10,1.000,2,True
World Junior Open 2015,62,1.000,1,True
World Junior Girls 2015,48,1.000,1,True
8th Sabadell Open 2015,34,1.000,1,True
12th Avicenna Open 2015,65,1.000,1,True
17th Trieste Open 2015,102,1.000,2,True
19th Cesenatico Open 2015,36,1.000,1,True
Portugal Open 2015,190,1.000,2,True
US Chess Masters 2015,56,1.000,1,True
African Zonal 4.2 w 2015,10,1.000,2,True
FSIM September 2015,10,1.000,1,True
FSFM September 2015,6,1.000,1,True
FSFMB September 2015,10,1.000,1,True
14th Kesarovski-Stanchev,45,1.000,1,True
11th Zudov Mem 2015,27,1.000,1,True
8th Maria Albulet Mem,26,1.000,2,True
Gaprindashvili Cup 2015,26,1.000,1,True
Gunina-Kriebel Classical,2,1.000,1,True
ch-POR 2015,10,1.000,2,True
1st Bolivar Ganador Cup,12,1.000,2,True
42nd North Shore Open,23,1.000,3,False
4th Keshabananda Das Mem,60,1.000,2,True
5th Holuj-Radzikowska,10,1.000,1,True
8th Beirut Open 2015,52,1.000,1,True
150th MGU Open 2015,22,1.000,1,True
ch-Vienna State 2015,10,1.000,1,True
Vivacom Open 2015,35,1.000,2,True
ch-ARG w 2015,27,1.000,1,True
ch-IRQ 2015,12,1.000,2,True
1st League Cent-SRB,88,1.000,2,True
TCh-POL 1st League 2015,73,1.000,1,True
16th Karpov Poikovsky,20,1.000,1,True
6th Biella Open 2015,37,1.000,2,True
Duna Open 2015,91,1.000,1,True
Lev Gutman 70 GM 2015,10,1.000,2,True
Satka Autumn 2015,33,1.000,1,True
September Lviv IM 2015,24,1.000,2,True
25th EY BU16 2015,67,1.000,1,True
25th EY BU14 2015,88,1.000,1,True
25th EY GU18 2015,48,1.000,1,True
25th EY GU16 2015,51,1.000,1,True
TCh-FIN 2015-16,509,1.000,1,True
Dutch League 2015-16,799,1.000,1,True
Monte Carlo WGP 2015,12,1.000,1,True
PokerStars IoM Masters,102,1.000,1,True
90th ch-ARG 2015,28,1.000,1,True
152nd MGU Open 2015,12,1.000,3,False
Chess in Kecskemet Sept,6,1.000,2,True
Hong Kong Open 2015,54,1.000,2,True
Mikenas Memorial 2015,20,1.000,2,True
Tatry Open 2015,186,1.000,1,True
FSIM October 2015,10,1.000,1,True
FSFM October 2015,6,1.000,1,True
24th TCh-CRO Women 2015,41,1.000,2,True
TCh-ROU Superliga 2015,73,1.000,1,True
TCh-ROU Superliga w 2015,40,1.000,1,True
TCh-GEO Club 2015,48,1.000,1,True
Millionaire Chess Op 2015,123,1.000,2,True
Millionaire TB A 2015,5,1.000,4,False
Millionaire TB B 2015,4,1.000,3,False
Millionaire TB B m 2015,2,1.000,2,True
Millionaire TB Final 2015,2,1.000,2,True
Millionaire TB U2550,5,1.000,4,False
Millionaire TB2 U2550,2,1.000,2,True
Millionaire Chess KO 2015,4,1.000,6,False
37th Arco Open 2015,115,1.000,1,True
9th Universidad Central,158,1.000,2,True
11th Heviz GM 2015,10,1.000,1,True
11th Heviz IM 2015,10,1.000,1,True
1st Carthage Open 2015,39,1.000,2,True
Hradec Kralove Open 2015,70,1.000,1,True
Akobian vs Troff Match,2,1.000,2,True
TCh-AUT 2nd Mitte 2015-16,331,1.000,1,True
Millionaire KO U2550,8,1.000,4,False
31st ECC Women 2015,57,1.000,1,True
41st Guernsey Open 2015,67,1.000,1,True
Haarlem Masters 2015,10,1.000,1,True
19th Hoogeveen Open 2015,78,1.000,2,True
van Foreest-Timman m 2015,2,1.000,1,True
Guramishvili-Kazarian m,2,1.000,1,True
3rd Krk Golden Island Op,27,1.000,2,True
4th Oliver Gonzalez Mem,69,1.000,1,True
Asian Juniors 2015,15,1.000,1,True
Asian Junior Girls 2015,14,1.000,1,True
Washington Chess Congress,45,1.000,2,True
ch-PUR 2015,30,1.000,2,True
SPICE Cup Open 2015,44,1.000,2,True
TCh-Moscow 2015,101,1.000,1,True
8th Grand Slam Masters,8,1.000,1,True
6th ch-Iberoamericano,73,1.000,1,True
World Youth Boys U18 2015,126,1.000,1,True
World Youth Boys U16 2015,139,1.000,1,True
World Youth Boys U14 2015,101,1.000,1,True
World Youth Boys U12 2015,110,1.000,1,True
World Youth Girls U18 2015,85,1.000,1,True
World Youth Girls U16 2015,91,1.000,1,True
153rd MGU Open 2015,20,1.000,1,True
Brasil Athenas Engenharia,30,1.000,2,True
ch-Chess Disabled 2015,59,1.000,1,True
15th Sautron Open 2015,42,1.000,1,True
8th Grand Slam Masters TB,2,1.000,2,True
Kings Tournament ROU-GER,20,1.000,1,True
10th Deizisau Autumn Open,82,1.000,1,True
Lichtenrader Herbst 2015,136,1.000,1,True
Bjorkstadsschacket 2015,41,1.000,1,True
TCh-NOR Elite 2015-16,291,1.000,1,True
Barcelona GM 2015,6,1.000,1,True
Calgary Invitational 2015,20,1.000,2,True
Aloas Cup Magistral 2015,10,1.000,2,True
Aloas Cup New Gen 2015,10,1.000,2,True
Kolomenskaya Open 2015,24,1.000,2,True
154th MGU Open 2015,11,1.000,1,True
Hotel Sajam 5 Open 2015,22,1.000,2,True
Portuguese Supercup 2015,8,1.000,1,True
TCh-AUT 2015-16,319,1.000,1,True
20th European Teams,178,1.000,1,True
20th European Teams Women,146,1.000,1,True
Showdown Basque 2015,2,1.000,2,True
Max Euwe Matches 2015,8,1.000,1,True
20th Cultural Village,10,1.000,1,True
22nd Venetian Autumn 2015,40,1.000,2,True
World Senior 50+ 2015,57,1.000,1,True
World Senior 65+ 2015,68,1.000,1,True
World Senior 50+ w 2015,7,1.000,1,True
World Senior 65+ w 2015,10,1.000,1,True
53rd ch-IND 2015,14,1.000,1,True
41st ch-BAN 2015,14,1.000,1,True
41st ch-BAN B 2015,115,1.000,1,True
Zonal 2.5 Women 2015,14,1.000,1,True
ch-PHI 2015,11,1.000,2,True
ch-POR Standard Final,6,1.000,2,True
42nd ch-IND w 2015,12,1.000,1,True
Hotel Sajam 6 Open 2015,22,1.000,2,True
Philippine Int Open 2015,34,1.000,2,True
Arab Cities 2015,31,1.000,1,True
TCh-AUT 2nd Ost 2015-16,353,1.000,1,True
TCh-AUT 2nd West 2015-16,329,1.000,1,True
31st Voivoda Cup 2015,10,1.000,2,True
3rd Srefidensi Masters,20,1.000,2,True
PSC / Puregold Open 2015,44,1.000,2,True
Sumarice GM 2015,10,1.000,2,True
Sumarice IM 2015,6,1.000,2,True
4th Central Asia Cup 2015,46,1.000,1,True
FSGM November 2015,10,1.000,1,True
FSIM November 2015,10,1.000,1,True
FSFM November 2015,6,1.000,1,True
24th Kings Island Open,11,1.000,1,True
Myanmar Open 2015,44,1.000,1,True
6th Brno Open 2015,48,1.000,1,True
Yuri Privalov IM 2015,10,1.000,2,True
9th Figueira da Foz Open,34,1.000,2,True
1st China Chess King 2015,8,1.000,1,True
ch-TUR 2015,28,1.000,1,True
75th ch-ITA 2015,24,1.000,1,True
Marcel Sisniega Mem 2015,37,1.000,1,True
156th MGU Open 2015,15,1.000,2,True
7th Pilsen Open 2015,63,1.000,1,True
UT Dallas Fall FIDE Open,44,1.000,2,True
7th London Classic 2015,10,1.000,1,True
ch-UKR 2015,12,1.000,1,True
ch-UKR Women 2015,10,1.000,1,True
86th ch-GER 2015,36,1.000,1,True
12th Vasylyshyn GM,20,1.000,1,True
12th Vasylyshyn IM,20,1.000,1,True
46th National Congress,25,1.000,1,True
Kecskemet GM Nov 2015,10,1.000,1,True
XI Chervonograd Cup 2015,14,1.000,3,False
157th MGU Open 2015,7,1.000,2,True
54th TCh-DEN Ex 2015-16,398,1.000,1,True
7th London Classic TB,3,1.000,3,False
7th Penang Open 2015,118,1.000,2,True
Zadar Open A 2015,52,1.000,2,True
18th Padova Open 2014,47,1.000,1,True
Pavlodar Open 2015,75,1.000,2,True
31st Sestao Open 2015,24,1.000,1,True
GM Gigant Chess 2015,10,1.000,2,True
Qatar Masters Open 2015,132,1.000,1,True
Nutcracker Classical B,8,1.000,1,True
CHN-RUS Super Go Pt2 2015,2,1.000,3,False
27th Carlos Torre Mem,42,1.000,1,True
12th Vandoeuvre Open 2015,26,1.000,1,True
Zadar Open B 2015,37,1.000,1,True
Sunway Sitges Open 2015,58,1.000,1,True
Alcossebre Masters 2015,10,1.000,2,True
FSGM December 2015,10,1.000,1,True
FSIM December 2015,12,1.000,1,True
ITT 25 Millonario 2015,70,1.000,2,True
ch-IRI Semi-Final 2015,37,1.000,2,True
ch-PAR 2015,12,1.000,1,True
51st American Open 2015,30,1.000,2,True
1st Beroe Open 2015,11,1.000,2,True
39th Zurich Christmas,64,1.000,1,True
4th Al Ain Chess Classic,127,1.000,2,True
Hastings Masters 2015-16,169,1.000,1,True
van Foreest vs Ernst m,2,1.000,1,True
TV 2 Chess International,36,1.000,2,True
12th Schachtuerken Cup,30,1.000,1,True
24th Donau Open 2015,55,1.000,1,True
25th Erfurt Master Open,79,1.000,1,True
32nd Boeblinger Open 2015,58,1.000,1,True
4th Lorca Open 2015,79,1.000,2,True
4th Tilve Mem 2015,58,1.000,1,True
6th Arco Christmas Open,65,1.000,1,True
Kecskemet GM Dec 2015,10,1.000,1,True
Juan Martinez Sola Open A,17,1.000,3,False
158th MGU Open 2015,14,1.000,2,True
25th North American Open,89,1.000,1,True
Qatar Masters TB 2015,2,1.000,2,True
Basel Masters 2016,58,1.000,2,True
Czech Christmas 2015-16,40,1.000,1,True
1st FideAcademy GM 2016,10,1.000,2,True
27th Roquetas de Mar Open,59,1.000,1,True
28th Staufer-Open 2016,130,1.000,2,True
159th MGU Open 2016,7,1.000,3,False
26th Cracovia Open A,211,1.000,2,True
14th Delhi Open 2016,57,1.000,1,True
2nd Zicosur Open 2016,112,1.000,2,True
41st Seville Open 2016,102,1.000,1,True
82nd ch-BLR 2016,14,1.000,1,True
ch-BLR w 2016,10,1.000,1,True
82nd ch-BRA 2016,12,1.000,2,True
SVD Chess Duel 2016,2,1.000,2,True
Turn of the Year GM,22,1.000,2,True
Turn of the Year IM,12,1.000,1,True
Marshall FIDE Inv 2015,10,1.000,2,True
Rector cup EGU A 2015,20,1.000,2,True
UT-RGV GM Inv. 2016,10,1.000,2,True
UT-RGV IM Inv. 2016,10,1.000,2,True
Shropshire Chess Congress,150,1.000,2,True
6th 4NCL Congress 2016,32,1.000,2,True
15th Prague Open 2016,103,1.000,1,True
2nd Gulf Coast New Year,15,1.000,1,True
160th MGU Open 2016,14,1.000,2,True
78th Tata Steel GpA,14,1.000,1,True
78th Tata Steel GpB,14,1.000,1,True
76th ch-ARM HL 2016,12,1.000,1,True
15th Marienbad GM 2016,10,1.000,2,True
2nd Floripa Open 2016,247,1.000,2,True
42nd Eastern Open 2015,29,1.000,1,True
DIS AUS Women's Masters,10,1.000,1,True
ch-IRI Women 2016,24,1.000,2,True
161st MGU Open 2016,8,1.000,3,False
8th Chennai Open 2016,81,1.000,1,True
71st ch-ARM HL w,10,1.000,1,True
15th Marienbad IM2 2016,10,1.000,2,True
15th Marienbad Open 2016,83,1.000,1,True
Open ch-Paracin 2016,62,1.000,2,True
ch-CRO 2016,12,1.000,1,True
ch-IRI 2016,12,1.000,2,True
ch-PER Grand Prix Final,12,1.000,2,True
Tata Steel Tienkamp 1,10,1.000,1,True
Gibraltar Masters 2016,502,1.000,1,True
3rd Floripa Masters 2016,10,1.000,2,True
Joao Cordioli IM 2016,10,1.000,2,True
Turkish Cup 2016,341,1.000,1,True
7th 4NCL Congress 2016,34,1.000,2,True
ch-African Junior 2015,26,1.000,1,True
Kecskemet GM Jan 2016,10,1.000,1,True
IIFL Wealth Mumbai Open,195,1.000,1,True
Land of the Sky Open 2016,10,1.000,1,True
4th Circuito CBX Natal GM,20,1.000,2,True
54th Baltimore Open 2016,13,1.000,1,True
6th Ferdowsi Open 2016,88,1.000,1,True
21st HIT Open 2016,200,1.000,2,True
Gibraltar Masters TB,7,1.000,4,False
Moscow Open B 2016,276,1.000,1,True
Hou-Henriquez Match 2016,2,1.000,1,True
5th Palma Open 2016,18,1.000,1,True
Tehran WGP 2016,12,1.000,1,True
32nd Cappelle Open 2016,268,1.000,1,True
80th ch-BUL SF 2016,29,1.000,2,True
65th ch-BUL SF w 2016,8,1.000,1,True
Graz Open A 2016,109,1.000,2,True
Khazar Cup 2016,48,1.000,1,True
FSGM February 2016,6,1.000,1,True
16th Liberec Open 2016,86,1.000,1,True
WWRR 2016,10,1.000,2,True
ch-CUB Absoluto 2016,12,1.000,2,True
ch-EST 2016,27,1.000,2,True
ch-MDA 2016,10,1.000,1,True
29th Mukachevo Rating,12,1.000,2,True
36th TCh-IND 2016,61,1.000,1,True
14th TCh-IND Women 2016,26,1.000,1,True
8th Batavia GM 2016,10,1.000,1,True
9th Gora Sw. Anny Open,30,1.000,2,True
Jayaram-Gledura Match,2,1.000,2,True
Meurthe et Moselle A 2016,10,1.000,2,True
Meurthe et Moselle B 2016,10,1.000,2,True
Hotel Sajam 14 GM 2016,10,1.000,2,True
Hotel Sajam 13 IM 2016,12,1.000,2,True
ch-CRO w 2016,10,1.000,1,True
FSIM February 2016,10,1.000,1,True
2nd Etna Open 2015,36,1.000,2,True
6th Terre degli Elimi,124,1.000,2,True
4th President ALG Open,39,1.000,1,True
Feb Lviv Tradition IM,20,1.000,2,True
Hotel Sajam 16 Open 2016,16,1.000,2,True
VII Ciutat de Manacor,10,1.000,2,True
ch-American Continental w,38,1.000,2,True
ch-MGL 2016,12,1.000,2,True
ch-MGL w 2016,12,1.000,2,True
e2e4 London Gatwick,59,1.000,2,True
1st ChessBomb MAGURA Inv,10,1.000,2,True
163rd MGU Open 2016,14,1.000,2,True
ch-PER 2016,44,1.000,1,True
TCh-SWE Superettan 2015-16,16,1.000,1,True
WCh Women 2016,2,1.000,1,True
Aeroflot Open A 2016,86,1.000,1,True
16th Mediterranean Flower,10,1.000,2,True
1st Vojvodina GM 2016,20,1.000,2,True
48th Belgrade WGM 2016,10,1.000,1,True
Manchester March GM 2016,6,1.000,2,True
New Hampshire Closed 2016,3,1.000,1,True
ch-CZE Junior 2016,12,1.000,2,True
164th MGU Open 2016,23,1.000,3,False
FIDE Candidates 2016,8,1.000,1,True
Stockholm Chess Challenge,115,1.000,2,True
6th HD Bank Cup 2016,69,1.000,2,True
2nd UT-RGV GM Inv. 2016,10,1.000,2,True
UT Dallas Spring Break,10,1.000,2,True
ch-CHI 2016,24,1.000,2,True
ch-TUR w 2016,57,1.000,2,True
ch-UZB 2016,10,1.000,1,True
32nd ChessOrg Open,89,1.000,1,True
165th MGU Open 2016,9,1.000,2,True
Aeroflot Open B 2016,94,1.000,1,True
39th San Sebastian Open,58,1.000,1,True
47th Mar Del Plata Open,98,1.000,1,True
71st ch-AZE 2016,33,1.000,1,True
ch-AZE w 2016,22,1.000,1,True
Fagernes IM 2016,10,1.000,2,True
Romanian Open 2016,34,1.000,2,True
ch-DEN 2016,10,1.000,1,True
ch-FAI 2016,10,1.000,2,True
89th ch-St Petersburg,12,1.000,1,True
ch-St Petersburg w 2016,16,1.000,1,True
FSIM March 2016,10,1.000,1,True
FSFM March 2016,10,1.000,1,True
Norway Chess Qualifier,4,1.000,3,False
GRENKE Chess Open 2016,62,1.000,1,True
ch-UZB w 2016,11,1.000,1,True
22nd Schloss Open 2016,34,1.000,2,True
73rd ch-GEO w 2016,24,1.000,1,True
CCCSA GM 2016,10,1.000,2,True
CCCSA IM 2016,10,1.000,2,True
9th Montalvo Mem 2016,69,1.000,1,True
LXII Mexican Open 2016,41,1.000,1,True
O2C Doeberl Cup 2016,34,1.000,2,True
Paskturneringen Open 2016,49,1.000,1,True
Pobeskydi GM 2016,10,1.000,2,True
Pobeskydi WIM 2016,10,1.000,2,True
Pobeskydi Open 2016,54,1.000,2,True
ch-DEN TB 2016,2,1.000,2,True
10th Philadelphia Open,67,1.000,2,True
43rd La Roda Open 2016,116,1.000,1,True
4th Iraq Int Open 2016,39,1.000,2,True
60th Southend Easter 2016,48,1.000,2,True
62nd ch-WLS 2016,32,1.000,2,True
ch-POL 2016,20,1.000,1,True
ch-POL w 2016,20,1.000,1,True
Asian Nations Cup 2016,197,1.000,1,True
Asian Nations Cup w 2016,98,1.000,1,True
Colin Crouch Masters 2016,43,1.000,1,True
College Final Four 2016,17,1.000,2,True
ch-ROU 2016,51,1.000,1,True
ch-URU 2016,10,1.000,1,True
Vinnytsia IM 2016,20,1.000,2,True
European Small Nations,12,1.000,2,True
Karpos Open 2016,107,1.000,1,True
8th 4NCL Congress 2016,42,1.000,2,True
4th Hofheim Spring Open,92,1.000,2,True
166th MGU Open 2016,7,1.000,3,False
5th Martinique Open 2016,11,1.000,1,True
ch-BLR U20 2016,8,1.000,1,True
TCh-NOR Elite Qualifier,52,1.000,1,True
16th BCC Open 2016,69,1.000,1,True
Accentus Young Masters,80,1.000,1,True
Sondex Cup GM/IM 1 2016,6,1.000,2,True
Sondex Cup GM/IM 2 2016,6,1.000,2,True
Sondex Cup Master 1 2016,6,1.000,2,True
ch-FRA Junior 2016,22,1.000,1,True
ch-FRA Junior Girls 2016,10,1.000,1,True
167th MGU Open 2016,7,1.000,2,True
12th Heviz Open 2016,23,1.000,1,True
TCh-SUI 2016,500,1.000,1,True
ch-USA 2016,12,1.000,1,True
ch-USA w 2016,12,1.000,1,True
ch-CHN 2016,12,1.000,1,True
ch-CHN w 2016,12,1.000,1,True
ch-SRB 2016,10,1.000,1,True
80th ch-BUL 2016,10,1.000,1,True
65th ch-BUL w 2016,10,1.000,1,True
2nd Ordu Open 2016,65,1.000,1,True
7th LUCOPEN 2016,91,1.000,2,True
FSGM April 2016,10,1.000,1,True
FSIM April 2016,12,1.000,2,True
FSFM April 2016,6,1.000,1,True
TCh-CAT GpA Final 2016,184,1.000,1,True
4th Norway Chess 2016,10,1.000,1,True
Batumi WGP 2016,24,1.000,1,True
Gaprindashvili Cup 2016,30,1.000,1,True
10th Agzamov Mem 2016,50,1.000,1,True
Copenhagen CC 2016,62,1.000,2,True
ch-RUS Junior 2016,10,1.000,1,True
ch-RUS Junior Girls 2016,10,1.000,1,True
10th ch-SRB w 2016,10,1.000,1,True
ch-SLO 2016,100,1.000,1,True
14th Malakoff Open 2016,3,1.000,1,True
Pieniny GM 2016,10,1.000,2,True
April Lviv Tradition IMA,10,1.000,2,True
April Lviv Tradition IMB,10,1.000,2,True
Lviv Winter Cup 2016,47,1.000,2,True
TCh-EUR Senior 2016,35,1.000,1,True
TCh-EUR Senior +65 2016,45,1.000,1,True
NOR vs SWE Match 2016,34,1.000,1,True
TCh-RUS Men 2016,40,1.000,1,True
TCh-RUS Major League 2016,80,1.000,1,True
TCh-RUS Women 2016,43,1.000,1,True
48th Italian Teams 2016,125,1.000,1,True
Hasselbacken Open 2016,287,1.000,1,True
ch-CZE 2016,105,1.000,1,True
ch-LTU 2016,20,1.000,2,True
ch-LAT 2016,23,1.000,2,True
ch-LAT Women 2016,11,1.000,1,True
ch-SLO Women 2016,20,1.000,1,True
Hotel Sajam 17 2016,10,1.000,2,True
Egypt Open 2016,189,1.000,1,True
German Club Cup Final,82,1.000,1,True
TCh-BLR Clubs 2016,79,1.000,1,True
Ding vs So Match 2016,2,1.000,1,True
10th Wunsiedel Open 2016,92,1.000,1,True
5th Llucmajor Open 2016,57,1.000,1,True
Asian Juniors 2016,41,1.000,1,True
Asian Juniors Girls 2016,32,1.000,2,True
ch-KAZ 2016,12,1.000,1,True
ch-KAZ Women 2016,10,1.000,1,True
Cetinje Open 2016,66,1.000,2,True
Dutch Youth A 2016,46,1.000,1,True
Fredericia IM 2016,10,1.000,2,True
African Zonal 4.2 2016,22,1.000,2,True
African Zonal 4.2 w 2016,8,1.000,2,True
ch-Georgia State 2016,34,1.000,2,True
17th Heraklion Open 2016,71,1.000,1,True
Bodensee Open 2016,81,1.000,1,True
4th POL-HUN Match 2016,8,1.000,1,True
TCh-FRA Top 12 w GpA 2016,26,1.000,2,True
TCh-FRA Top 12 w GpB 2016,23,1.000,2,True
17th ch-EUR Indiv 2016,179,1.000,1,True
10th BPB Limburg Open,52,1.000,1,True
10th Engadin Pfingst Open,20,1.000,2,True
19th Zenica Masters 2016,10,1.000,2,True
Capablanca Festival IM,30,1.000,2,True
Haspa-Schachpokal 2016,10,1.000,2,True
Haspa-Schachpokal Open A,47,1.000,1,True
Mateu Chalmeta Mem 2016,30,1.000,1,True
ch-FIN 2016,10,1.000,1,True
ch-GER Youth U18 2016,24,1.000,2,True
ch-GER Youth U18 Girls,50,1.000,2,True
ch-KGZ Superfinal 2016,20,1.000,1,True
Ostravsky Konik Open 2016,130,1.000,1,True
Sub-Zonal 2.3.5 2016,36,1.000,1,True
Sub-Zonal 2.3.5 w 2016,17,1.000,1,True
Match of Champions 2016,2,1.000,1,True
Somov Memorial 2016,12,1.000,1,True
11th Angers Open 2016,43,1.000,1,True
13th Orlova GM 2016,10,1.000,1,True
13th Orlova Open 2016,37,1.000,1,True
Cerrado GM May 2016,10,1.000,2,True
FSGM May 2016,10,1.000,1,True
FSIM May 2016,10,1.000,1,True
1st Dyuni Open 2016,38,1.000,2,True
Vugar Gashimov Mem 2016,20,1.000,1,True
15th Asian Continental,87,1.000,1,True
15th Asian Continental w,58,1.000,1,True
VII ShakkiNet GM 2016,20,1.000,1,True
17th ch-EUR Indiv w 2016,224,1.000,1,True
11th American Continental,59,1.000,1,True
35th Zalakaros Open 2016,224,1.000,1,True
46th Bosna Open 2016,89,1.000,1,True
25th Chicago Open 2016,102,1.000,1,True
Ayr Congress Open 2016,31,1.000,2,True
e2e4 Gatwick Whitsun 2016,42,1.000,2,True
5th Salento Open 2016,33,1.000,1,True
TCh-FRA Top 12 2016,245,1.000,1,True
Gashimov Mem TB 2016,2,1.000,4,False
American Continental TB,18,1.000,5,False
Cez Trophy 2016,2,1.000,1,True
38th Nezhmetdinov Mem,260,1.000,1,True
9th Mayors Cup Open 2016,106,1.000,1,True
ch-ISL 2016,24,1.000,1,True
16th ch-Euro Seniors 2016,39,1.000,1,True
16th ch-Euro Seniors +65,49,1.000,1,True
3rd Server24 Open,67,1.000,1,True
8th Capo d'Orso Open 2016,46,1.000,1,True
Portuguese Masters 2016,10,1.000,2,True
Panevezys GM 2016,10,1.000,2,True
51st Capablanca Mem Prem,10,1.000,1,True
51st Capablanca Mem Open,26,1.000,1,True
Russia-China Match Men,20,1.000,1,True
Russia-China Match Women,20,1.000,1,True
11th Teplice Open 2016,47,1.000,1,True
20th Voronezh Master Open,73,1.000,1,True
Zagreb Hulak Mem Open 2016,106,1.000,1,True
FSIM Borloy Mem June 2016,10,1.000,1,True
FSFM June 2016,6,1.000,1,True
NSW Open 2016,31,1.000,1,True
St Louis Inv GM 2016,10,1.000,2,True
St Louis Inv IM 2016,10,1.000,2,True
11th Edmonton GM 2016,10,1.000,1,True
9th Asrian Memorial 2016,62,1.000,1,True
Albena Open 2016,46,1.000,1,True
3rd Iasi Open 2016,44,1.000,1,True
7th Dolomiti Open 2016,41,1.000,1,True
8th Lublin GM 2016,6,1.000,1,True
HSG Open 2016,52,1.000,1,True
Karel Opocensky Mem 2016,10,1.000,2,True
Golden Prague Open 2016,23,1.000,1,True
Silver Lake Open 2016,72,1.000,2,True
19th Iraklio Open 2016,40,1.000,1,True
34th Balaton GM 2016,10,1.000,1,True
34th Balaton Open 2016,26,1.000,1,True
COL Baku Olym Selection,12,1.000,2,True
Mitropa Cup Women 2016,27,1.000,1,True
69th ch-RUS HL 2016,120,1.000,1,True
66th ch-RUS HL w 2016,104,1.000,1,True
20th Vidmar Mem,20,1.000,1,True
Coupe de France 2016,16,1.000,1,True
National Open 2016,47,1.000,2,True
24th Montcada Open 2016,125,1.000,1,True
4th Montcada IM 2016,20,1.000,1,True
26th Gros Open 2016,75,1.000,1,True
3rd Porticcio Open 2016,57,1.000,1,True
20th Cap Aurora Open 2016,80,1.000,1,True
Ceske Budejovice GM 2016,20,1.000,1,True
9th Sveins Memorial,68,1.000,2,True
4th Platja d'Aro Open,12,1.000,1,True
12th Baltic Pearl Open,103,1.000,1,True
ch-USA Junior Girls 2016,10,1.000,2,True
Alushta Summer 3 2016,6,1.000,2,True
ch-PHI 2016,14,1.000,2,True
4th Cesme Open 2016,57,1.000,1,True
50th Ilmar Raud Mem 2016,95,1.000,2,True
TCh-POL Ekstraliga 2016,186,1.000,1,True
Chengdu WGP 2016,12,1.000,1,True
China Zonal 3.5 2016,78,1.000,1,True
Polugaevsky Memorial 2016,51,1.000,1,True
44th Annual World Open,130,1.000,1,True
18th Torredembarra Open,28,1.000,1,True
V4 Stiavnica Open 2016,121,1.000,1,True
ch-SVK 2016,10,1.000,1,True
VMCG GM 2016,20,1.000,2,True
VMCG IM 2016,20,1.000,2,True
Visma GM 2016,20,1.000,2,True
Visma IMA 2016,20,1.000,2,True
Visma IMB 2016,20,1.000,2,True
ch-BEL 2016,10,1.000,1,True
8th Carlos I Open 2016,71,1.000,1,True
Banovci Dunav Vidovdan Op,141,1.000,1,True
41st Vsetin Open 2016,38,1.000,2,True
39th Barbera Open 2016,96,1.000,1,True
ch-TUR Youth TB 2016,2,1.000,2,True
26th Seacoast Trophy 2016,61,1.000,1,True
5th MTS GM 2016,20,1.000,2,True
5th MTS IM 2016,20,1.000,2,True
10th Varna Closed 2016,16,1.000,1,True
34th TCh-GRE Cup Final,35,1.000,1,True
44th GM 2016,8,1.000,1,True
Helmut-Kohls-Turnier 2016,10,1.000,1,True
7th Hainan Danzhou GM,10,1.000,1,True
3rd Gideon Japhet Mem Op,50,1.000,2,True
10th Philadelphia Int,58,1.000,2,True
116th ch-SUI 2016,10,1.000,1,True
123rd ch-SCO Open 2016,57,1.000,1,True
ch-USA Junior 2016,10,1.000,1,True
ch-NOR 2016,22,1.000,2,True
Science Park Open A 2016,50,1.000,1,True
13th South Wales Int 2016,55,1.000,2,True
35th St Veit Open 2016,54,1.000,1,True
36th Benasque Open 2016,63,1.000,1,True
9th 4NCL Congress 2016,25,1.000,2,True
2nd Villa de Gijon Open,22,1.000,1,True
2nd Boavista Int 2016,7,1.000,1,True
Pacific Southwest Open,14,1.000,2,True
Saif Powertec Open 2016,138,1.000,1,True
FSGM July 2016,10,1.000,1,True
FSFM July 2016,6,1.000,1,True
ch-IRL 2016,16,1.000,1,True
Mukachevo Summer,162,1.000,1,True
Kiryat-Ono Summer 2016,37,1.000,1,True
1st Stars Cup 2016,20,1.000,1,True
9th Masters Final 2016,6,1.000,1,True
9th Bilbao Open 2016,43,1.000,1,True
Gelfand-Inarkiev Classical,2,1.000,1,True
10th Leiden Open A 2016,62,1.000,1,True
10th Leiden Crown 2016,4,1.000,2,True
11th Nana Aleksandria Cup,65,1.000,2,True
Lake Sevan 2016,10,1.000,1,True
Dayton Masters 2016,10,1.000,2,True
15th Bergamo Open 2016,36,1.000,1,True
18th Sant Marti Open 2016,131,1.000,1,True
XXXI Gniota Memorial Open,26,1.000,1,True
ch-Africa 2016,29,1.000,2,True
ch-CHN GpB Men 2016,50,1.000,1,True
ch-CHN GpB Women 2016,42,1.000,2,True
Open ch-MKD 2016,59,1.000,1,True
ch-SWE 2016,10,1.000,1,True
ch-SWE Master Elite 2016,10,1.000,1,True
Karvina Open 2016,47,1.000,1,True
76th ch-ITA Semi-Final,44,1.000,1,True
Aegean Open 2016,82,1.000,2,True
2nd ChessBomb Young Hopes,42,1.000,2,True
ch-ENG Women 2016,6,1.000,2,True
V4 Stiavnica Live Chess,4,1.000,1,True
15th Condom Open 2016,12,1.000,1,True
15th Condom IM 2016,9,1.000,1,True
12th Asian Schools U17,16,1.000,1,True
15th Premier League BIH,67,1.000,1,True
European U18 Teams Open,144,1.000,1,True
European U18 Teams Women,66,1.000,1,True
TCh-CHN B 2016,79,1.000,2,True
49th Biel Masters Match,2,1.000,1,True
49th Biel Juniors Match,8,1.000,1,True
17th Karpov Poikovsky,20,1.000,1,True
Ding vs Grischuk Match,2,1.000,1,True
103rd ch-GBR 2016,172,1.000,1,True
27th Czech Open A 2016,233,1.000,1,True
10th Portoroz Open 2016,119,1.000,1,True
42nd Sitges Open 2016,54,1.000,1,True
5th Sardaran Open 2016,47,1.000,1,True
9th Paleochora Open 2016,130,1.000,1,True
26th Heart of Finland Op,61,1.000,1,True
7th Vaujany Open 2016,34,1.000,1,True
Chernivtsi Open 2016,31,1.000,2,True
Riblje ostrvo 4 GM 2016,10,1.000,2,True
Sables-d'Olonne Open 2016,48,1.000,1,True
Werner-Ott-Open 2016,68,1.000,1,True
TCh-TUR Premier League,207,1.000,2,True
Glorney Cup 2016,28,1.000,2,True
Gilbert Cup 2016,17,1.000,2,True
TCh-TUR Super League 2016,294,1.000,2,True
49th Biel Master Open,129,1.000,1,True
27th Czech Open B 2016,70,1.000,1,True
27th Czech Open E 2016,134,1.000,1,True
27th Czech Open J 2016,28,1.000,1,True
Dutch Open 2016,63,1.000,1,True
Calgary International,52,1.000,2,True
25th Kavala Open 2016,124,1.000,1,True
ZMDI Open 2016,28,1.000,1,True
German Women's Masters,20,1.000,1,True
2nd Sabbiadoro Open 2016,60,1.000,1,True
5th Fano Summer Open A,112,1.000,2,True
27th Panam Youth U18,24,1.000,1,True
31st Avoine Open 2016,184,1.000,1,True
12th Gazi-Heraklion Open,131,1.000,1,True
Hong Kong Summer 2016,18,1.000,1,True
Riblje ostrvo 3 IM 2016,10,1.000,2,True
16th IPCA WCh 2016,21,1.000,1,True
Primorsky Debut 2016,37,1.000,1,True
ch-SWE Junior U20 2016,10,1.000,1,True
ch-VIE 2016,62,1.000,2,True
ch-VIE w 2016,54,1.000,2,True
K Novikov Memorial 2016,10,1.000,1,True
1st IBCA European Teams,95,1.000,1,True
CHN Team Men 2016,113,1.000,2,True
CHN Team Women 2016,88,1.000,2,True
4th Sinquefield Cup 2016,10,1.000,1,True
World Junior Girls 2016,56,1.000,1,True
20th HZ Open 2016,185,1.000,1,True
Riga Tech Open A 2016,90,1.000,1,True
42nd Badalona Open 2016,47,1.000,1,True
3rd Prague Summer Open,99,1.000,1,True
81st ch-ESP 2016,111,1.000,1,True
North Eastern Masters Inv,10,1.000,2,True
9th Arad Open 2016,152,1.000,1,True
Trinidad & Tobago Masters,54,1.000,2,True
ch-AUT Women 2016,8,1.000,1,True
117th US Open TB 2016,2,1.000,1,True
Stare Mesto Open 2016,69,1.000,1,True
4th Famalicao Open 2016,127,1.000,1,True
70th Butnorius GM 2016,10,1.000,2,True
70th Butnorius Open 2016,80,1.000,2,True
20th Battle of Senta Open,79,1.000,2,True
5th Arber Open 2016,116,1.000,1,True
170th MGU Open 2016,13,1.000,1,True
15th Iranian Super League,51,1.000,1,True
91st ch-FRA 2016,10,1.000,1,True
ch-FRA Accession 2016,24,1.000,1,True
4th Pontevedra Open 2016,54,1.000,1,True
50th Mislata Open 2016,40,1.000,1,True
SS Manhem GM 2016,10,1.000,2,True
SS Manhem IM 2016,10,1.000,2,True
Letnji Open Jezero 2016,37,1.000,1,True
17th Miquel Mas Open 2016,34,1.000,1,True
24th Poznan Open 2016,102,1.000,2,True
24th Troya Open 2016,39,1.000,1,True
27th Jozef Kochan Mem,20,1.000,2,True
31st Teteven Open 2016,82,1.000,1,True
Bruges Masters 2016,48,1.000,1,True
5th Washington Int 2016,39,1.000,2,True
6th Split Open 2016,93,1.000,1,True
15th IRI Men Festival,64,1.000,1,True
20th Copa Mercosur 2016,10,1.000,2,True
20th Wasselonne Open 2016,24,1.000,1,True
Banicky kahanec GM 2016,10,1.000,2,True
Kecskemet GM July 2016,12,1.000,2,True
25th TCh-MKD 2016,41,1.000,1,True
52nd Rubinstein Mem,68,1.000,1,True
ch-NED 2016,8,1.000,1,True
ch-NED w 2016,8,1.000,1,True
ch-FRA w TB 2016,3,1.000,3,False
18th Sants Open 2016,241,1.000,1,True
14th Kesan Open 2016,46,1.000,1,True
19th Olomouc GM 2016,10,1.000,2,True
19th Olomouc IM1 2016,10,1.000,2,True
19th Olomouc IM2 2016,10,1.000,2,True
19th Olomouc Open 2016,47,1.000,1,True
36th Bratto Open 2016,37,1.000,1,True
Brasschaat Open 2016,54,1.000,1,True
VII Sarkany-Aranytiz GM,10,1.000,1,True
VII Sarkany-Aranytiz IM,10,1.000,1,True
Vienna Open 2016,167,1.000,1,True
2nd Zhongfu Open 2016,34,1.000,1,True
FSGM August 2016,10,1.000,1,True
FSFM August 2016,6,1.000,1,True
25th Feffernitz Open 2016,56,1.000,1,True
31st Schwarzacher Open,43,1.000,1,True
43rd North Shore Open,17,1.000,3,False
St.Petersburg Summer Open,364,1.000,1,True
TCh-ESP Div 1 2016,36,1.000,1,True
ch-NED w TB 2016,2,1.000,5,False
13th Avicenna Open 2016,47,1.000,1,True
US Chess Masters 2016,79,1.000,1,True
La Palma Island Open 2016,35,1.000,1,True
4th Golden Apricot 2016,59,1.000,1,True
26th EY BU18 2016,110,1.000,1,True
26th EY GU18 2016,60,1.000,1,True
26th EY GU16 2016,92,1.000,1,True
7th Hatay Open 2016,37,1.000,1,True
ch-Wuerttemberg 2016,56,1.000,1,True
9th Sabadell Open 2016,34,1.000,1,True
Herzliya Summer 2016,20,1.000,1,True
Pyramiden Cup 2016,107,1.000,2,True
18th Heraklion Open 2016,69,1.000,1,True
US Chess Masters TB 2016,2,1.000,1,True
48th Atlantic Open 2016,8,1.000,1,True
24th Nikaia Open,93,1.000,1,True
Istanbul Open 2016,92,1.000,1,True
2nd Dyuni Open 2016,28,1.000,1,True
12th Zudov Memorial 2016,26,1.000,1,True
10th 4NCL Congress 2016,38,1.000,2,True
15th Izmir Open 2016,58,1.000,1,True
2nd Moudania Open 2016,52,1.000,1,True
30th Pula Open 2016,76,1.000,1,True
18th Trieste Open 2016,52,1.000,2,True
7th Terre degli Elimi,106,1.000,2,True
Brazil Telecom Sesc Open,470,1.000,2,True
Ricany Open A 2016,117,1.000,2,True
171st MGU Open 2016,14,1.000,3,False
27th NATO Chess 2016,82,1.000,2,True
10th Hotel Adriatico 2016,26,1.000,2,True
2nd Ceramica Corund Open,62,1.000,1,True
XXII Trevias Open 2016,24,1.000,1,True
FSGM September 2016,10,1.000,1,True
FSIM September 2016,10,1.000,1,True
FSFM September 2016,6,1.000,1,True
172nd MGU Open 2016,12,1.000,3,False
Dutch League 2016-17,778,1.000,1,True
10th Tal Mem 2016,20,1.000,1,True
World Youth Open U14 2016,146,1.000,1,True
World Youth Girl U18 2016,103,1.000,1,True
World Youth Girl U16 2016,116,1.000,1,True
World Youth Girl U14 2016,136,1.000,1,True
Primorsko Open 2016,39,1.000,2,True
Independencia Cup CDMX GM,10,1.000,2,True
Independencia Cup CDMX IM,10,1.000,2,True
ch-Tatarstan Women 2016,13,1.000,1,True
ch-Tatarstan Women TB,4,1.000,1,True
Sept Lviv Tradition IM,34,1.000,2,True
TCh-ESP Div Honor 2016,125,1.000,1,True
TCh-GEO Club 2016,47,1.000,1,True
TCh-POL 1st League 2016,71,1.000,1,True
TCh-FIN 2016-17,475,1.000,1,True
TCh-SRB Premier 2016,166,1.000,1,True
Navara-Hammer Classical,4,1.000,1,True
Nguyen-Kriebel Classical,4,1.000,1,True
Oslo Open 2016,153,1.000,1,True
1st Yerevan Open 2016,133,1.000,1,True
Tatry Open 2016,171,1.000,1,True
ch-Vienna State 2016,10,1.000,1,True
ch-POR 2016,10,1.000,2,True
Hamina Bastioni Open 2016,28,1.000,2,True
Ikh Nuudel GM 2016,10,1.000,2,True
Grove-A Toxa Open 2016,57,1.000,1,True
Millionaire Chess Op 2016,65,1.000,2,True
Millionaire TB1 2016,5,1.000,4,False
Millionaire TB2 2016,2,1.000,2,True
Millionaire Chess KO 2016,4,1.000,4,False
4th Basamro Match 2016,2,1.000,1,True
4th Basamro Int 2016,47,1.000,2,True
7th Hradec Kralove Open,76,1.000,1,True
38th Arco Open 2016,114,1.000,1,True
3rd Pleven Open 2016,42,1.000,1,True
TCh-AUT 2nd Mitte 2016-17,312,1.000,1,True
69th ch-RUS 2016,12,1.000,1,True
66th ch-RUS w 2016,12,1.000,1,True
Van Foreest-Sokolov m,2,1.000,1,True
20th Hoogeveen Open 2016,80,1.000,2,True
Haarlem Masters 2016,10,1.000,1,True
FSGM October 2016,10,1.000,1,True
FSIM October 2016,10,1.000,1,True
8th Pilsen Open 2016,62,1.000,1,True
91st ch-ARG 2016,14,1.000,2,True
173rd MGU Open 2016,10,1.000,3,False
Pervomaisky IM Autumn,25,1.000,2,True
42nd Guernsey Open 2016,54,1.000,1,True
25th TCh-CRO Div 1a 2016,67,1.000,1,True
25th TCh-CRO Women 2016,41,1.000,2,True
Barcelona GM 2016,8,1.000,1,True
77th ch-ARM 1st League,28,1.000,1,True
20th Corsica Masters Open,36,1.000,2,True
ch-Nordic 2016,10,1.000,1,True
80th Anniversary OeBRO,33,1.000,2,True
87th ch-GER 2016,26,1.000,1,True
4th ch-Francophonie 2016,49,1.000,1,True
SPICE Cup Open 2016,43,1.000,2,True
SPICE Cup Open TB 2016,2,1.000,1,True
Bent Larsen Mem 2016,39,1.000,1,True
46th ch-IND Junior 2016,67,1.000,1,True
Portuguese Supercup 2016,8,1.000,1,True
TCh-AUT 2016-17,246,1.000,1,True
TCh-AUT 2nd Ost 2016-17,508,1.000,1,True
TCh-SVK 2016-17,539,1.000,1,True
5th Karpov Trophy 2016,4,1.000,2,True
1st Paytakht Cup 2016,105,1.000,2,True
20th OIBM 2016,354,1.000,1,True
Panchenko Mem IM 2016,10,1.000,1,True
e2e4 Gatwick Int 2016,20,1.000,2,True
4th Krk Golden Island Op,43,1.000,2,True
11th Deizisau Autumn Open,40,1.000,1,True
TCh-ISL Div 1 2016-17,294,1.000,2,True
32nd ECC Open 2016,422,1.000,1,True
32nd ECC Women 2016,65,1.000,1,True
Ajedrez UNAM Cuadrangular 2016,4,1.000,5,False
Suleymanpasa GM 2016,10,1.000,1,True
11th 4NCL Congress 2016,37,1.000,2,True
Varennes Open 2016,33,1.000,2,True
ITT CBX/FBX 2016,20,1.000,2,True
Jugando Open 2016,46,1.000,1,True
43rd ch-IND w 2016,12,1.000,1,True
10th Figueira da Foz Open,93,1.000,1,True
9th Maria Albulet Mem,25,1.000,2,True
Arab Championship 2016,20,1.000,2,True
23rd Venetian Autumn 2016,36,1.000,2,True
Borise Karadzica Mem 2016,170,1.000,2,True
174th MGU Open 2016,11,1.000,2,True
WCh 2016,2,1.000,1,True
Champions Showdown 60m,4,1.000,2,True
Serbian Open 2016,150,1.000,2,True
12th Ugra Governor's Cup,26,1.000,1,True
KM WGP 2016,24,1.000,1,True
World Senior 50+ w 2016,25,1.000,1,True
World Senior 65+ w 2016,16,1.000,1,True
UT Dallas Fall Open 2016,49,1.000,2,True
54th ch-IND Premier 2016,14,1.000,1,True
175th MGU Open 2016,14,1.000,3,False
31st Mukachevo Rating IM,10,1.000,2,True
Relax Open 2016,38,1.000,1,True
42nd OMICON ch-BAN 2016,14,1.000,1,True
4NCL 2016-17,809,1.000,1,True
2nd Bundesliga West 2016-17,574,1.000,1,True
2nd Bundesliga Sud 2016-17,655,1.000,1,True
2nd Bundesliga Ost 2016-17,390,1.000,1,True
6th Holuj-Radzikowska,20,1.000,1,True
Runavik Open 2016,39,1.000,2,True
XXX Belgrade Trophy,265,1.000,1,True
XXXII Lower Silesia Cup,10,1.000,2,True
ch-IRI SF 2016,39,1.000,1,True
Pavlodar Open 2016,59,1.000,1,True
4th Srefidensi Masters,10,1.000,2,True
FSGM November 2016,10,1.000,1,True
FSIM November 2016,10,1.000,1,True
FSFM November 2016,6,1.000,1,True
ch-TUR TB 2016,3,1.000,3,False
9th Mohammad Sekkat Open,28,1.000,1,True
Roma Citta Aperta 2016,38,1.000,1,True
ch-ISR 2016,30,1.000,1,True
ch-ISR w 2016,17,1.000,1,True
St Louis Autumn GM 2016,10,1.000,2,True
St Louis Autumn IM 2016,10,1.000,2,True
TCh-ROU Superliga w 2016,42,1.000,1,True
8th London Classic 2016,10,1.000,1,True
London Classic Open 2016,239,1.000,2,True
1st Hainan Open 2016,56,1.000,1,True
Philippine Open 2016,38,1.000,2,True
85th ch-UKR 2016,12,1.000,1,True
76th ch-UKR Women 2016,10,1.000,1,True
8th Penang Open 2016,97,1.000,2,True
76th ch-ITA 2016,12,1.000,1,True
Baltic Zonal Parnu 2016,24,1.000,2,True
Zadar Open A 2016,61,1.000,2,True
African Chess Lounge IM,20,1.000,2,True
NFD Cup Final A 2016,10,1.000,1,True
NFD Cup Final B 2016,10,1.000,1,True
ch-TUN 2016,18,1.000,2,True
World Schools U17 2016,18,1.000,2,True
World Schools Girls U17,13,1.000,2,True
Lidums AUS YM 2016,10,1.000,2,True
176th MGU Open 2016,20,1.000,3,False
Arab Clubs 2016,37,1.000,2,True
Nutcracker Classical 2016,8,1.000,1,True
Nutcracker Classical w,16,1.000,1,True
Georgian Cup 2016,21,1.000,1,True
PSC / Puregold Open 2016,34,1.000,2,True
Sunway Sitges Open 2016,121,1.000,1,True
Zadar Open B 2016,68,1.000,2,True
28th Carlos Torre Mem,38,1.000,1,True
13th Vandoeuvre Open 2016,24,1.000,1,True
13th Vasylyshyn IM,10,1.000,1,True
7th Sharjah Cup for Women,29,1.000,1,True
5th Palmanova Open 2016,32,1.000,1,True
Golden Cleopatra Open,114,1.000,1,True
Universidad La Punta GM,10,1.000,2,True
Universidad La Punta IM,10,1.000,2,True
FSFM December 2016,6,1.000,1,True
FSIM December 2016,6,1.000,1,True
ch-BLR 1st stage 2016,35,1.000,1,True
177th MGU Open 2016,11,1.000,3,False
TCh-SLO Div 1 West 2016,166,1.000,1,True
Nutcracker TB 2016,2,1.000,2,True
Wei Yi - Rapport Match,2,1.000,1,True
Wei Yi - Rapport Match TB,2,1.000,3,False
54th Groningen Open 2016,64,1.000,1,True
54th Groningen Match 2016,2,1.000,2,True
2nd IIFL Wealth Mumbai Op,151,1.000,1,True
5th Lorca Open 2016,36,1.000,1,True
7th Arco Christmas Open,41,1.000,1,True
46th Rilton Cup 2016-17,206,1.000,1,True
Hastings Masters 2016-17,189,1.000,1,True
40th Zurich Christmas,88,1.000,1,True
25th Donau Open 2016,58,1.000,1,True
26th Erfurt Master Open,73,1.000,1,True
33rd Boeblinger Open 2016,60,1.000,1,True
26th North American Open,73,1.000,2,True
OeBRO KM 2016,43,1.000,1,True
Czech Christmas 2016-17,63,1.000,1,True
13th Schachtuerken Cup,29,1.000,1,True
Basel Masters 2017,106,1.000,2,True
An Pasan Alcor Christmas,12,1.000,2,True
An Pasan Friends,6,1.000,2,True
100th Edward Lasker Mem,33,1.000,1,True
2nd HSK Weihnachtsopen,23,1.000,1,True
9th Marseilles Open 2016,28,1.000,1,True
1st Excelsior Palace Open,23,1.000,2,True
15th Delhi Open 2017,137,1.000,1,True
178th MGU Open 2016,11,1.000,3,False
Verona Open 2017,21,1.000,2,True
28th Roquetas de Mar Open,57,1.000,1,True
22nd Bosnjaci Open,83,1.000,1,True
29th Staufer-Open 2017,128,1.000,2,True
Australian Open 2017,43,1.000,1,True
XXXV Zamenhofa Mem,72,1.000,2,True
ch-Lower Saxony 2017,19,1.000,2,True
12th 4NCL Congress 2017,31,1.000,2,True
79th Tata Steel GpA,14,1.000,1,True
79th Tata Steel GpB,14,1.000,1,True
77th ch-ARM HL 2017,10,1.000,1,True
3rd Zicosur Open 2017,60,1.000,1,True
Portuguese Master 2016-17,10,1.000,2,True
Portuguese Honra 2016-17,10,1.000,2,True
16th Prague Open 2017,147,1.000,1,True
43rd Eastern Open 2016,33,1.000,2,True
Jolimark HK Open 2016,70,1.000,2,True
179th MGU Open 2017,19,1.000,3,False
Mondariz-Balneario IM,30,1.000,2,True
Fuad Jafarov Mem 2017,12,1.000,2,True
15th Khazar Cup 2017,51,1.000,1,True
9th Chennai Open 2017,231,1.000,1,True
Talents vs Legends 2017,5,1.000,1,True
ch-BLR Women 2017,10,1.000,1,True
3rd Floripa Open 2017,362,1.000,2,True
76th ch-GEO 2017,10,1.000,1,True
Oceania Zonal 2017,89,1.000,2,True
Oceania Zonal Women 2017,13,1.000,1,True
16th Marienbad GMA1 2017,10,1.000,2,True
16th Marienbad GMA2 2017,10,1.000,2,True
180th MGU Open 2017,15,1.000,3,False
13th Moscow Open A 2017,127,1.000,1,True
13th Moscow Open B w 2017,47,1.000,1,True
4th Floripa Masters 2017,18,1.000,2,True
22nd HIT Open 2017,182,1.000,2,True
25th Fajr Open 2017,58,1.000,2,True
16th Marienbad IMB1 2017,10,1.000,2,True
16th Marienbad IMB2 2017,10,1.000,2,True
16th Marienbad IMB3 2017,10,1.000,2,True
16th Marienbad Open 2017,104,1.000,1,True
Yuri M Nikitin Mem 2017,10,1.000,1,True
13th Moscow Open F 2017,121,1.000,1,True
Gonzaga Classic Masters,153,1.000,2,True
ITT Rosario 1 2017,12,1.000,2,True
ch-MDA 2017,20,1.000,1,True
37th TCh-IND 2017,85,1.000,1,True
19th Lienz Open 2017,52,1.000,1,True
83rd ch-BRA 2017,12,1.000,2,True
Joao Cordioli Masters,20,1.000,2,True
90th Veliko Tarnovo GM,10,1.000,2,True
FSGM February 2017,10,1.000,1,True
FSIM February 2017,10,1.000,1,True
181st MGU Open 2017,13,1.000,2,True
Sharjah Grand Prix 2017,18,1.000,1,True
7th Ferdowsi Open 2017,28,1.000,1,True
St Louis Winter GM 2017,10,1.000,2,True
St Louis Winter IM 2017,10,1.000,2,True
ch-Nordic Youth 2017,12,1.000,2,True
56th ch-BRA w 2017,10,1.000,2,True
Perth Congress 2017,33,1.000,2,True
54th ch-CUB Absoluto 2017,10,1.000,1,True
Aeroflot Open A 2017,192,1.000,1,True
Aeroflot Open B 2017,232,1.000,1,True
Graz Open A 2017,134,1.000,2,True
9th Batavia GM 2017,20,1.000,1,True
16th Rochefort Open 2017,45,1.000,1,True
33rd Cappelle Open 2017,53,1.000,1,True
3rd Vardaris Open 2017,49,1.000,1,True
182nd MGU Open 2017,11,1.000,2,True
Kragero Resort Chess 2017,26,1.000,2,True
8th Pfalz Open 2017,115,1.000,1,True
ch-CHI 2017,12,1.000,2,True
ch-UKR Boys U20 2017,18,1.000,1,True
ch-UKR Girls U20 2017,15,1.000,1,True
2nd CHN-IND Summit 2017,8,1.000,1,True
Zonal 3.3 2017,68,1.000,1,True
Zonal 3.3 w 2017,40,1.000,1,True
ch-IRI 2017,12,1.000,2,True
ch-IRI Women 2017,7,1.000,1,True
66th ch-BUL w 2017,20,1.000,1,True
ch-LTU 2017,159,1.000,2,True
49th Belgrade WGM 2017,10,1.000,1,True
PEP 2017,40,1.000,1,True
17th Liberec Open 2017,165,1.000,1,True
183rd MGU Open 2017,14,1.000,2,True
3rd Chinggis Invitational,10,1.000,2,True
WWRR 2017,20,1.000,2,True
7th HD Bank Cup 2017,103,1.000,2,True
St Louis Winter Classic A,10,1.000,1,True
St Louis Winter Classic B,10,1.000,1,True
FSGM March 2017,10,1.000,1,True
Schwarzenegger Open 2017,20,1.000,2,True
Open ch-Subotica 2017,101,1.000,1,True
ch-TUR w TB 2017,2,1.000,2,True
ch-CZE Junior 2017,12,1.000,2,True
17th Mediterranean Flower,10,1.000,2,True
74th ch-GEO w 2017,10,1.000,1,True
ISEM URLA GM 2017,10,1.000,2,True
ISEM CESMEALTI GM 2017,10,1.000,2,True
German Cup Intermediate,65,1.000,1,True
Brazil Open 2017,104,1.000,2,True
Budapest Spring Open 2017,121,1.000,1,True
33rd ChessOrg Open,112,1.000,1,True
3rd UT-RGV IM Inv. 2017,10,1.000,2,True
5th Iraq Int Open 2017,43,1.000,2,True
69th ch-MNE 2017,12,1.000,1,True
TCh-CAT GpB Final 2017,177,1.000,1,True
Du Te Cup 2017,12,1.000,1,True
1st Sharjah Masters 2017,124,1.000,1,True
ch-POL 2017,10,1.000,1,True
ch-POL Women 2017,10,1.000,1,True
Queen City IM Norm 2017,6,1.000,2,True
Shanghai Gulf Cup 2017,8,1.000,2,True
College Final Four 2017,19,1.000,2,True
Baltic Zonal Vilnius 2017,24,1.000,2,True
10th Remberto Fernandez,10,1.000,1,True
11th ch-SRB 2017,10,1.000,1,True
ch-ROU 2017,138,1.000,1,True
ch-ROU w 2017,42,1.000,1,True
ch-MGL 2017,12,1.000,2,True
ch-MGL Women 2017,12,1.000,2,True
March Lviv Tradition IMA,10,1.000,2,True
March Lviv Tradition IMB,10,1.000,2,True
NH Closed 2017,4,1.000,2,True
29th TCh-IRQ 2017,72,1.000,1,True
ch-URU 2017,20,1.000,1,True
TCh-SUI 2017,488,1.000,1,True
ch-USA 2017,24,1.000,1,True
ch-USA w 2017,24,1.000,1,True
ch-Moscow Final 2017,35,1.000,1,True
Karpos Open 2017,103,1.000,1,True
ch-GER Women 2017,44,1.000,1,True
28th NATO Chess 2017,77,1.000,2,True
ch-St Petersburg w 2017,10,1.000,1,True
11th ch-SRB w 2017,20,1.000,1,True
184th MGU Open 2017,19,1.000,2,True
ch-KAZ Women 2017,10,1.000,1,True
ch-USA TB 2017,2,1.000,2,True
Hou-Ivanchuk Match 2017,2,1.000,1,True
17th BCC Open 2017,132,1.000,1,True
TV2 GM Open 2017,36,1.000,2,True
TV2 IM 2017,10,1.000,2,True
8th WLC Weekender 2017,26,1.000,1,True
ch-DEN 2017,10,1.000,1,True
ch-FAI 2017,4,1.000,1,True
10th Montalvo Mem 2017,56,1.000,1,True
13th 4NCL Congress 2017,39,1.000,2,True
185th MGU Open 2017,15,1.000,3,False
4th GRENKE Chess Classic,8,1.000,1,True
GRENKE Chess Open 2017,242,1.000,1,True
Zurich Korchnoi Open 2017,58,1.000,2,True
LXIII Mexican Open 2017,41,1.000,1,True
O2C Doeberl Cup 2017,35,1.000,2,True
18th ch-EUR Indiv w 2017,144,1.000,1,True
11th Philadelphia Open,88,1.000,2,True
TV2 Elo Open 2017,53,1.000,2,True
44th La Roda Open 2017,107,1.000,1,True
CCCSA GM 2017,20,1.000,2,True
CCCSA GpB IM 2017,20,1.000,2,True
CCCSA GpC IM 2017,20,1.000,2,True
3rd HSK Easter Open 2017,34,1.000,1,True
61st Southend Easter 2017,35,1.000,1,True
Pieniny Masters 2017,10,1.000,2,True
Pieniny Ladies 2017,10,1.000,2,True
5th Hofheim Spring Open,55,1.000,2,True
FSGM April 2017,10,1.000,1,True
FSIM April 2017,10,1.000,1,True
FSFM April 2017,6,1.000,1,True
Vugar Gashimov Mem 2017,10,1.000,1,True
18th Karpov Poikovsky,10,1.000,1,True
ch-CHN 2017,24,1.000,1,True
ch-CHN w 2017,24,1.000,1,True
Jorge Szmetan Mem 2017,12,1.000,1,True
ch-NED Junior 2017,21,1.000,2,True
ch-RUS Junior 2017,10,1.000,1,True
ch-RUS Junior Girls 2017,10,1.000,1,True
ch-VIE 2017,36,1.000,2,True
ch-VIE w 2017,32,1.000,2,True
Clark Street Capital GM,20,1.000,2,True
1st Rottal Open 2017,39,1.000,1,True
1st Fischer Mem GM 2017,10,1.000,2,True
1st Capablanca Mem IM,10,1.000,2,True
ch-FRA Junior 2017,26,1.000,1,True
Pobeskydi Open 2017,58,1.000,2,True
World Schools U17 2017,34,1.000,2,True
ch-CZE 2017,116,1.000,1,True
ch-CRO 2017,24,1.000,1,True
ch-LAT 2017,68,1.000,2,True
ch-NED Junior TB 2017,2,1.000,2,True
ch-SRB Junior 2017,20,1.000,2,True
Zonal 2.4 2017,157,1.000,2,True
Zonal 2.5 2017,143,1.000,1,True
PSS IM Norm 2017,20,1.000,2,True
1st Singh Memorial 2017,76,1.000,1,True
48th Mar Del Plata Open,55,1.000,1,True
1st Ruse Cup 2017,38,1.000,2,True
TCh-RUS Men 2017,57,1.000,1,True
TCh-RUS Women 2017,44,1.000,1,True
TCh-RUS Major League 2017,73,1.000,1,True
49th Italian Teams 2017,139,1.000,1,True
10th Italian Teams w 2017,32,1.000,1,True
Ostravsky Konik Open A,287,1.000,1,True
ch-CRO w 2017,9,1.000,2,True
Nakhchivan Open 2017,45,1.000,1,True
11th Agzamov Mem 2017,47,1.000,1,True
13th ch-South-Am Junior,37,1.000,2,True
13th ch-South-Am Girls,25,1.000,2,True
Salou Chess Festival 2017,67,1.000,1,True
Asian Juniors 2017,33,1.000,1,True
Asian Juniors Girls 2017,14,1.000,1,True
Bolton Easter 2017,19,1.000,2,True
ch-BLR Junior 2017,16,1.000,1,True
ch-BLR u20 Women 2017,16,1.000,1,True
TCh-BLR 2017,67,1.000,1,True
TOP 12 Feminin GpA 2017,26,1.000,1,True
TOP 12 Feminin GpB 2017,26,1.000,2,True
Moscow Grand Prix 2017,18,1.000,1,True
23rd Sigeman & Co 2017,6,1.000,1,True
Copenhagen CC 2017,52,1.000,2,True
16th Asian Continental,69,1.000,1,True
16th Asian Continental w,50,1.000,1,True
Zahoracky GM 2017,10,1.000,2,True
Zahoracky IM 2017,10,1.000,2,True
ch-ISL 2017,10,1.000,1,True
Match of Seconds 2017,2,1.000,1,True
German Int Juniors 2017,16,1.000,2,True
Croatian Cup 2017,111,1.000,2,True
TCh-FRA Top 12 2017,135,1.000,1,True
St Louis Spring Classic A,10,1.000,1,True
St Louis Spring Classic B,10,1.000,1,True
St Louis Spring Classic C,6,1.000,2,True
26th Guillermo Garcia Elite,10,1.000,1,True
Guillermo Garcia Premier 1,10,1.000,1,True
Guillermo Garcia Premier 2,10,1.000,1,True
26th Guillermo Garcia Open,64,1.000,1,True
14th Orlova Open 2017,60,1.000,1,True
St Petersburg IM 2017,10,1.000,1,True
Serik Open 2017,31,1.000,2,True
15th Somov Memorial 2017,12,1.000,1,True
34th Mukachevo Rating IM,10,1.000,2,True
FSGM May 2017,10,1.000,1,True
FSIM May 2017,10,1.000,1,True
FSFM May 2017,6,1.000,1,True
52nd Capablanca Mem Elite,12,1.000,1,True
6th CHN w Masters 2017,20,1.000,1,True
186th MGU Open 2017,16,1.000,2,True
ch-Flemish 2017,18,1.000,2,True
Fredericia IM 2017,10,1.000,2,True
Ayr Congress Open 2017,31,1.000,2,True
4th Gligoric Cup 2017,89,1.000,2,True
TCh-UKR 2017,17,1.000,1,True
18th ch-EUR Indiv 2017,555,1.000,1,True
39th Nezhmetdinov Mem,62,1.000,1,True
11th BPB Limburg Open,61,1.000,1,True
9th Lublin GM 2017,10,1.000,2,True
Zonal 2.3 2017,50,1.000,2,True
39th Portuguese Cup,78,1.000,1,True
5th Norway Chess 2017,10,1.000,1,True
21st Voronezh Master Open,72,1.000,1,True
ch-FIN 2017,8,1.000,1,True
8th Dolomiti Open 2017,44,1.000,1,True
12th Angers Open 2017,39,1.000,2,True
12th Teplice Open 2017,80,1.000,1,True
9th Capo d'Orso Open 2017,54,1.000,1,True
ch-GER Youth U18 2017,28,1.000,2,True
FSIM June 2017,10,1.000,1,True
FSFM June 2017,4,1.000,1,True
CHN Team Men 2017,65,1.000,1,True
CHN Team Women 2017,41,1.000,1,True
11th World Teams 2017,50,1.000,1,True
11th World Teams Women,50,1.000,1,True
21st Voronezh FIDE Open,68,1.000,1,True
National Open 2017,37,1.000,2,True
US Women's Open 2017,9,1.000,2,True
Zonal 3.4 2017,26,1.000,1,True
Zonal 3.4 w 2017,15,1.000,1,True
ch-FIN TB 2017,2,1.000,2,True
Silver Lake Open 2017,97,1.000,1,True
11th Engadin Pfingst Open,26,1.000,1,True
17th IPCA WCh 2017,76,1.000,1,True
22nd Stuttgart Open 2017,52,1.000,1,True
70th ch-ARG w 2017,26,1.000,1,True
ch-GER Youth U25 2017,150,1.000,2,True
Lasker Memorial 2017,21,1.000,1,True
5th Cesme Open 2017,83,1.000,1,True
9th Rheinland-Pfalz Open 2017,113,1.000,2,True
Zone 4.3 2017,31,1.000,2,True
10th Asrian Memorial 2017,41,1.000,1,True
Ceske Budejovice GM 2017,10,1.000,1,True
HSG Open 2017,46,1.000,1,True
Volchok Memorial 2017,25,1.000,1,True
Koege Anniversary 2017,20,1.000,1,True
27th Gros Open 2017,52,1.000,1,True
Albena Open 2017,70,1.000,1,True
Dunajska Streda GM 2017,20,1.000,2,True
9th Carlos I Open 2017,52,1.000,1,True
88th ch-GER 2017,78,1.000,1,True
Baltic Cup 2017,71,1.000,1,True
27th Seacoast Trophy 2017,48,1.000,1,True
ch-NED 2017,16,1.000,1,True
ch-NED w 2017,16,1.000,1,True
10th Sveins Memorial,68,1.000,2,True
20th Iraklio Open 2017,36,1.000,1,True
52nd Capablanca Mem Open,173,1.000,1,True
Coupe de France 2017,17,1.000,1,True
70th ch-RUS HL 2017,54,1.000,1,True
ch-Commonwealth 2017,49,1.000,1,True
Zonal 3.1 2017,58,1.000,2,True
Zonal 3.1 Women 2017,40,1.000,2,True
45th Annual World Open,155,1.000,1,True
ch-NOR 2017,48,1.000,1,True
4th Purtichju Open 2017,43,1.000,1,True
Nordic Zonal 2017,132,1.000,2,True
25th Montcada Open 2017,125,1.000,1,True
20th Pirc Memorial 2017,121,1.000,1,True
21st Cap Aurora Open 2017,79,1.000,1,True
19th Torredembarra Open,45,1.000,1,True
Gens Una Sumus GM,10,1.000,2,True
Nis Open 2017,58,1.000,1,True
10th New York Int 2017,40,1.000,2,True
Wisconsin International,54,1.000,2,True
Karel Opocensky Mem 2017,10,1.000,1,True
2nd Baskent University Open,120,1.000,1,True
TCh-EUR Senior +50 2017,85,1.000,1,True
TCh-EUR Senior +65 2017,81,1.000,1,True
15th IBCA Olympiad 2017,109,1.000,1,True
Geneva Grand Prix 2017,18,1.000,1,True
8th Danzhou Super GM 2017,10,1.000,1,True
Polugaevsky Memorial 2017,50,1.000,1,True
Najdorf Mem Open A 2017,147,1.000,1,True
Science Park Open A 2017,54,1.000,1,True
ch-USA Junior 2017,10,1.000,1,True
ch-USA Girls 2017,10,1.000,1,True
Maccabiah GMA 2017,10,1.000,1,True
Maccabiah GMB 2017,10,1.000,1,True
Maccabiah IMA 2017,10,1.000,1,True
Maccabiah IMB 2017,10,1.000,1,True
40th Barbera Open 2017,92,1.000,1,True
ch-SWE 2017,10,1.000,1,True
Krakow International 2017,22,1.000,1,True
ch-Africa 2017,28,1.000,2,True
Frantiska Zita Mem 2017,10,1.000,1,True
Karel Prucha Mem 2017,10,1.000,1,True
Golden Prague Open 2017,52,1.000,1,True
Panevezys GM 2017,10,1.000,2,True
Panevezys Open 2017,24,1.000,2,True
ch-CAN 2017,42,1.000,2,True
37th Benasque Open 2017,72,1.000,1,True
10th Paracin Summer Open,105,1.000,1,True
187th MGU Open 2017,14,1.000,2,True
V4 Stiavnica Open 2017,115,1.000,1,True
ch-SVK 2017,10,1.000,1,True
36th St Veit Open 2017,50,1.000,1,True
6th MTS Logistics 2017,20,1.000,2,True
TCh-TUR 2017,262,1.000,1,True
TCh-CHN B 2017,56,1.000,1,True
45th GM 2017,8,1.000,1,True
Helmut-Kohls-Turnier 2017,10,1.000,1,True
Lake Sevan 2017,10,1.000,1,True
11th Leiden Open A 2017,44,1.000,1,True
2nd Stars Cup 2017,15,1.000,1,True
32nd Gniota Memorial Open,28,1.000,1,True
124th ch-SCO Open 2017,65,1.000,1,True
Dundee 150 2017,10,1.000,1,True
12th Poti Open 2017,59,1.000,1,True
117th ch-SUI 2017,35,1.000,1,True
14th 4NCL Congress 2017,46,1.000,2,True
16th Bergamo Open 2017,43,1.000,1,True
19th Sant Marti Open 2017,162,1.000,1,True
Faroes Open 2017,28,1.000,2,True
13th Baltic Pearl Open,114,1.000,1,True
ch-BEL 2017,10,1.000,1,True
VMCG GM 2017,10,1.000,1,True
VMCG IM 2017,10,1.000,1,True
VMCG Open A 2017,89,1.000,1,True
VMCG Open B 2017,31,1.000,1,True
ch-SWE Master Elite 2017,10,1.000,1,True
ch-SWE Junior U20 2017,10,1.000,1,True
FSGM July 2017,10,1.000,1,True
FSIM July 2017,10,1.000,1,True
FSFM July 2017,6,1.000,1,True
Aegean Open 2017,28,1.000,1,True
14th South Wales Int 2017,50,1.000,2,True
Livny GM 2017,10,1.000,1,True
Saif Powertec Open 2017,41,1.000,1,True
188th MGU Open 2017,19,1.000,3,False
6th Ideon Andron Op 2017,55,1.000,2,True
50th Biel GM 2017,20,1.000,1,True
CHN-RUS GM Summit 2017,2,1.000,1,True
28th Czech Open A 2017,309,1.000,1,True
Astana Open 2017,67,1.000,1,True
35th Andorra Open 2017,95,1.000,1,True
10th Paleochora Open 2017,129,1.000,1,True
11th Portoroz Open 2017,86,1.000,1,True
32nd Avoine Open 2017,179,1.000,1,True
3rd Villa de Gijon Open,38,1.000,1,True
43rd Sitges Open 2017,88,1.000,1,True
ch-CHN GpB Men 2017,77,1.000,1,True
ch-CHN GpB Women 2017,61,1.000,2,True
International Chess Day,20,1.000,1,True
92nd ch-Paris IdF 2017,55,1.000,1,True
El Aguila Masters 2017,10,1.000,2,True
III Hotel Murta Xativa Op,47,1.000,1,True
South African Open 2017,59,1.000,1,True
2nd Espalion Open 2017,60,1.000,2,True
Canadian Open 2017,29,1.000,1,True
Dayton Masters 2017,10,1.000,2,True
TCh-TUR 1st League 2017,237,1.000,2,True
TCh-TUR 2nd League 2017,297,1.000,2,True
50th Biel Master Open,121,1.000,1,True
104th ch-GBR 2017,203,1.000,1,True
Dutch Open 2017,132,1.000,1,True
Millennials Match U17,10,1.000,2,True
Millennials Match U14,8,1.000,1,True
German Masters 2017,16,1.000,1,True
ZMDI Open 2017,32,1.000,1,True
28th Czech Open B 2017,149,1.000,1,True
28th Czech Open E 2017,132,1.000,1,True
28th Czech Open J 2017,25,1.000,1,True
13th Gazi-Heraklion Open,120,1.000,1,True
16th Condom IM 2017,10,1.000,2,True
26th Kavala Open 2017,129,1.000,1,True
3rd l'EFE Metz 2017,10,1.000,2,True
Glorney Cup 2017,30,1.000,2,True
Gilbert Cup 2017,17,1.000,2,True
Travnik Open 2017,42,1.000,1,True
ch-IRL 2017,32,1.000,1,True
8th Vojvodina Open 2017,81,1.000,1,True
TCh-TUR Super League 2017,254,1.000,2,True
5th Sinquefield Cup 2017,10,1.000,1,True
Tower of Concord Match,2,1.000,1,True
104th ch-GBR TB 2017,4,1.000,4,False
21st HZ Open 2017,166,1.000,1,True
Riga Tech Open A 2017,169,1.000,1,True
43rd Badalona Open 2017,37,1.000,1,True
10th Arad Open 2017,163,1.000,1,True
10th Calgary Int 2017,31,1.000,2,True
6th Arber Open 2017,224,1.000,1,True
China zt 3.5 Women 2017,38,1.000,2,True
Huocheng Xinjiang TB,2,1.000,2,True
ch-EST 2017,18,1.000,2,True
4th Prague Summer Open,102,1.000,1,True
21st Wasselonne Open 2017,24,1.000,1,True
5th Brazil Open 2017,54,1.000,2,True
30th Kiel Open 2017,189,1.000,2,True
Erfurt Women's Open 2017,102,1.000,2,True
Erfurt Young Masters,20,1.000,2,True
6th Fano Summer Open A,48,1.000,2,True
3rd Sabbiadoro Open 2017,60,1.000,2,True
Ding Liren vs Giri Match,2,1.000,1,True
24th Abu Dhabi Masters,124,1.000,2,True
20th Olomouc GM 2017,12,1.000,2,True
20th Olomouc IM1 2017,10,1.000,2,True
20th Olomouc IM2 2017,10,1.000,2,True
20th Olomouc Open 2017,42,1.000,1,True
21st Battle of Senta Open,80,1.000,2,True
78th ch-ARM 1st League,14,1.000,1,True
Bruges Masters 2017,55,1.000,1,True
51st Mislata Open 2017,28,1.000,1,True
55th ch-IND Challengers,69,1.000,1,True
5th Pontevedra Open 2017,49,1.000,1,True
25th Troya Open 2017,41,1.000,1,True
ch-IRQ 2017,20,1.000,2,True
ch-UAE 2017,8,1.000,1,True
187th YMCA Summer A 2017,16,1.000,1,True
18th Miquel Mas Open 2017,29,1.000,2,True
1st Irena Warakomska Mem,86,1.000,2,True
ch-AUT 2017,64,1.000,1,True
SS Manhem GM 2017,10,1.000,2,True
TCh-ESP Div Honor 2017,63,1.000,1,True
TCh-ESP Div 1 2017,52,1.000,1,True
92nd ch-FRA 2017,10,1.000,1,True
ch-FRA w 2017,10,1.000,1,True
ch-FRA Accession 2017,25,1.000,1,True
53rd Rubinstein Mem,49,1.000,1,True
GM Panevezys August 2017,10,1.000,2,True
14th Avicenna Open 2017,51,1.000,1,True
6th Washington Int 2017,42,1.000,2,True
17th ch-Euro Seniors 2017,39,1.000,1,True
17th ch-Euro Seniors +65,47,1.000,1,True
Wroclaw Open 2017,68,1.000,2,True
FSGM August 2017,10,1.000,1,True
FSIM August 2017,10,1.000,1,True
FSFM August 2017,10,1.000,1,True
Brasschaat Open 2017,65,1.000,1,True
26th Feffernitz Open 2017,74,1.000,1,True
32nd Schwarzacher Open,39,1.000,1,True
37th Bratto Open 2017,40,1.000,1,True
Stare Mesto Open 2017,77,1.000,1,True
Open ch-MKD 2017,49,1.000,1,True
15th Kesan Open 2017,51,1.000,1,True
Grafica Yael GM 2015,10,1.000,1,True
Aslanov Memorial 2017,10,1.000,2,True
92nd ch-FRA TB 2017,2,1.000,5,False
7th Split Open 2017,96,1.000,1,True
21st Copa Mercosur 2017,10,1.000,1,True
XIX ITT Vicente Lopez,10,1.000,1,True
44th North Shore Open,24,1.000,3,False
BSSZ Aranytiz GM 2017,10,1.000,1,True
BSSZ Aranytiz IM 2017,10,1.000,1,True
1st Innsbruck Open 2017,107,1.000,2,True
34th Collado Villalba Op,52,1.000,1,True
Leonid Stein Mem 2017,23,1.000,1,True
Ricany Open A 2017,145,1.000,2,True
US Chess Masters TB 2017,2,1.000,1,True
XXVI Korensky Mem 2017,26,1.000,1,True
ch-ISL Women 2017,9,1.000,2,True
ch-USA Cadet 2017,10,1.000,2,True
AZE-GER Women 2017,10,1.000,1,True
Asian Cities Teams 2017,105,1.000,2,True
10th Sabadell Open 2017,33,1.000,1,True
14th Malaysian Open 2017,38,1.000,1,True
8th IGB Seniors Open 2017,18,1.000,1,True
21st Heraklion Open 2017,50,1.000,2,True
V Xeque Mate ao Verao Op,45,1.000,1,True
1st Aftab Cup Open 2017,78,1.000,1,True
25th Nikaia Open,138,1.000,1,True
19th Trieste Open 2017,54,1.000,1,True
North American Junior U20,259,1.000,2,True
Quebec Open 2017,31,1.000,2,True
ch-CAN Junior 2017,29,1.000,2,True
ch-ENG Women 2017,10,1.000,2,True
ch-ESP w 2017,27,1.000,2,True
16th Premier League BIH,66,1.000,2,True
TCh-SRB Premier 2017,90,1.000,1,True
St Louis Fall A 2017,10,1.000,1,True
St Louis Fall B 2017,10,1.000,1,True
15th 4NCL Congress 2017,44,1.000,2,True
16th Izmir Open 2017,56,1.000,1,True
189th MGU Open 2017,20,1.000,2,True
21st Cesenatico Open 2017,36,1.000,1,True
31st Pula Open 2017,84,1.000,1,True
9th Papanastasiou Open,22,1.000,1,True
American Continental w,26,1.000,1,True
ch-Tula Region 2017,10,1.000,1,True
27th EY BU18 2017,48,1.000,1,True
27th EY GU18 2017,36,1.000,1,True
27th EY BU16 2017,57,1.000,1,True
27th EY GU16 2017,47,1.000,1,True
27th EY BU14 2017,56,1.000,1,True
27th EY GU14 2017,45,1.000,1,True
15th Amantea Open 2017,10,1.000,1,True
2nd Capablanca GM 2017,10,1.000,1,True
World Youth Open U18 2017,59,1.000,2,True
World Youth Girl U18 2017,46,1.000,2,True
World Youth Open U16 2017,72,1.000,2,True
World Youth Open U14 2017,72,1.000,2,True
World Youth Girl U14 2017,54,1.000,2,True
Thomas Georgiou CC GM,10,1.000,1,True
1st Thomas Georgiou Open,26,1.000,1,True
ch-POR 2017,10,1.000,2,True
Montreal Open 2017,41,1.000,2,True
FSGM September 2017,10,1.000,1,True
FSIM September 2017,10,1.000,1,True
FSFM September 2017,6,1.000,1,True
Ferro Carril Oeste Master,20,1.000,1,True
ch-Vienna State 2017,10,1.000,1,True
ITT Belem 2017,10,1.000,2,True
Copa Independencia CDMX,23,1.000,2,True
ch-CPV 2017,3,1.000,1,True
Dutch League 2017-18,721,1.000,1,True
16th TCh-IRI SL R1-5 2017,46,1.000,1,True
Mitropa Cup 2017,48,1.000,1,True
Mitropa Cup Women 2017,44,1.000,1,True
TCh-LBN 1st League 2017,68,1.000,1,True
1st League Central-SRB,88,1.000,2,True
Primorsko Open 2017,35,1.000,1,True
St Petersburg GM 2017,20,1.000,1,True
ch-Tatarstan 2017,31,1.000,1,True
XXIII Trevias Open 2017,26,1.000,1,True
8th Biella Open 2017,38,1.000,2,True
190th MGU Open 2017,16,1.000,3,False
TCh-FIN 2017-18,509,1.000,1,True
82nd ch-ESP 2017,145,1.000,1,True
Oslo Open 2017,234,1.000,2,True
16th Lviv Tradition IMA,20,1.000,2,True
16th Lviv Tradition IMB,20,1.000,2,True
191st MGU Open 2017,13,1.000,3,False
3rd Ceramica Corund Open,92,1.000,2,True
11th Highlands Open 2017,46,1.000,2,True
26th TCh-CRO Div 1a 2017,132,1.000,1,True
26th TCh-CRO Women 2017,78,1.000,2,True
TCh-SVK 2017-18,628,1.000,1,True
33rd ECC Women 2017,51,1.000,1,True
2nd European Youth GP,12,1.000,1,True
39th Arco Open 2017,117,1.000,1,True
Almaty Open 2017,50,1.000,1,True
ch-UKR Semi-Final 2017,42,1.000,1,True
XXIV ProAm Copa Clarin Op,73,1.000,1,True
ch-ESP Seniors 50+ 2017,37,1.000,1,True
ch-ESP Seniors 65+ 2017,36,1.000,1,True
ch-LAT Women 2017,16,1.000,2,True
Esserman-Gorovets Match,2,1.000,1,True
8th Hradec Kralove Open,74,1.000,1,True
10th Maria Albulet Mem,18,1.000,2,True
192nd MGU Open 2017,9,1.000,3,False
Varennes Open 2017,57,1.000,2,True
37th Muenich OIS Open,86,1.000,1,True
Stavanger Open 2017,54,1.000,1,True
43rd Guernsey Open 2017,73,1.000,1,True
92nd ch-ARG 2017,14,1.000,1,True
Negros Open 2017,38,1.000,2,True
Odensemesterskabet IM1,6,1.000,2,True
Odensemesterskabet IM2,12,1.000,2,True
1st Puchong Friday IM Oct,10,1.000,2,True
Bolkhov Tournament 2017,25,1.000,2,True
Panchenko Mem GM 2017,10,1.000,1,True
Panchenko Mem IM 2017,10,1.000,1,True
5th Wright Brothers Open,18,1.000,1,True
Tatry Open 2017,127,1.000,1,True
ch-KOS 2017,24,1.000,1,True
WCh-Chess Disabled 2017,23,1.000,1,True
POR Associations Cup,30,1.000,2,True
TCh-ROU League A 2017,131,1.000,1,True
TCh-MNE Premier 2017,105,1.000,1,True
Ivanchuk-Wei Yi m 2017,2,1.000,1,True
Van Foreest-Adhiban m,2,1.000,1,True
21st Hoogeveen Open 2017,74,1.000,2,True
Chigorin Memorial 2017,354,1.000,1,True
21st Corsica Masters Open,36,1.000,1,True
Haarlem Masters 2017,10,1.000,1,True
SPICE Cup Open 2017,60,1.000,2,True
Henry Chilufya Mem 2017,10,1.000,2,True
Third Saturday Djenovici,10,1.000,1,True
Banicky kahanec GM 2017,10,1.000,2,True
Banicky kahanec IM 2017,10,1.000,2,True
FSGM October 2017,10,1.000,1,True
FSIM October 2017,10,1.000,1,True
17th Sautron Open 2017,59,1.000,1,True
Liffre Open 2017,20,1.000,1,True
Panamerican Seniors +50,35,1.000,2,True
Panamerican Seniors +65,12,1.000,2,True
Portuguese Supercup 2017,8,1.000,1,True
TCh-NOR Club 2017,104,1.000,1,True
Bundesliga 2017-18,1006,1.000,1,True
Texas Collegiate Superfinal,54,1.000,2,True
21st European Teams,393,1.000,1,True
21st European Teams Women,316,1.000,1,True
Ivanchuk-Wei Yi m TB 2017,2,1.000,2,True
Van Foreest-Adhiban m TB,2,1.000,2,True
21st Hoogeveen Final 4,4,1.000,6,False
Adhiban-Wei Yi Basque m,2,1.000,4,False
55th ch-IND 2017,28,1.000,1,True
2nd Paytakht Cup 2017,45,1.000,1,True
21st OIBM 2017,362,1.000,1,True
1st AXPG Brazil Open 2017,75,1.000,2,True
1st Hyderabad Open 2017,47,1.000,1,True
ch-BRA Junior 2017,17,1.000,2,True
ch-BRA Junior Girls 2017,13,1.000,2,True
TCh-AUT 2nd Mitte 2017-18,306,1.000,1,True
TCh-AUT 2nd Ost 2017-18,509,1.000,1,True
TCh-AUT 2nd West 2017-18,334,1.000,1,True
16th TCh-IRI SL R6-11,58,1.000,1,True
Borise Karadzica Mem 2017,137,1.000,2,True
Lichtenrader Herbst 2017,198,1.000,1,True
St Petersburg IM2 2017,20,1.000,1,True
12th Deizisau Autumn Open,52,1.000,1,True
ch-IRI SF 2017,28,1.000,1,True
24th Venetian Autumn 2017,15,1.000,2,True
Puchong 1st Friday IM Nov,10,1.000,2,True
17th Lviv Tradition IM,10,1.000,2,True
Carlsen-Ding Showdown G30,2,1.000,4,False
Carlsen-Ding Showdown G20,2,1.000,6,False
Barcelona GM 2017,10,1.000,1,True
World Senior 50+ 2017,55,1.000,1,True
World Senior 50+ w 2017,15,1.000,1,True
World Senior 65+ 2017,68,1.000,1,True
World Senior 65+ w 2017,10,1.000,1,True
Gaprindashvili Cup 2017,32,1.000,1,True
Baku Open 2017,50,1.000,1,True
I Duchamp Int Open 2017,61,1.000,2,True
Northern Lights Open 2017,22,1.000,2,True
Zonal 2.5 Women 2017,8,1.000,1,True
ch-TUR 2017,12,1.000,1,True
FSGM November 2017,10,1.000,1,True
FSIM November 2017,10,1.000,1,True
16th 4NCL Congress 2017,55,1.000,2,True
ACF Botvinnik Mem Girls,20,1.000,2,True
TCh-ROU Superliga 2017,80,1.000,1,True
TCh-ROU Superliga w 2017,45,1.000,1,True
TCh-ISL Div 1 2017-18,205,1.000,2,True
Palma De Mallorca GP 2017,18,1.000,1,True
Carlsen-Ding Showdown G10,2,1.000,8,False
St Louis Inv GM 2017,10,1.000,2,True
St Louis Inv IM 2017,10,1.000,2,True
UT Dallas Fall Open 2017,51,1.000,2,True
World Junior Girls 2017,88,1.000,1,True
FSFM November 2017,6,1.000,1,True
3rd Sat Djenovici Nov GM,20,1.000,1,True
Romanian Open 2017,22,1.000,2,True
3rd Manojlovica Mem 2017,10,1.000,2,True
7th Brno Open 2017,78,1.000,1,True
56th TCh-DEN Ex 2017-18,395,1.000,1,True
TCh-LAT 2017,78,1.000,1,True
St Louis Inv IM TB 2017,2,1.000,2,True
Pavlodar Open 2017,88,1.000,2,True
Tsaghkadzor Open 2017,72,1.000,1,True
I Duchamp Int IM 2017,10,1.000,2,True
31st Belgrade Trophy,255,1.000,1,True
3rd Patagonia Open 2017,45,1.000,1,True
43rd OMICON ch-BAN 2017,28,1.000,1,True
5th Srefidensi Masters,17,1.000,2,True
Frauenbundesliga AUT 2017-18,134,1.000,1,True
9th London Classic 2017,10,1.000,1,True
70th ch-RUS 2017,12,1.000,1,True
67th ch-RUS w 2017,12,1.000,1,True
77th ch-ITA 2017,22,1.000,1,True
77th ch-ITA Women 2017,8,1.000,1,True
77th ch-ITA U20 2017,8,1.000,1,True
CCCSA Fall GM 2017,10,1.000,2,True
CCCSA Fall IM 2017,10,1.000,2,True
Lidums AUS YM GM 2017,10,1.000,2,True
Lidums AUS YM IM 2017,10,1.000,2,True
7th Holuj-Radzikowska,20,1.000,2,True
14th Vasylyshyn GM,20,1.000,1,True
14th Vasylyshyn IM,20,1.000,1,True
Third Saturday IM 2017,10,1.000,2,True
Rome City Open 2017,19,1.000,1,True
TCh-GEO Club 2017,96,1.000,1,True
56th TCh-DEN D1G1 2017-18,32,1.000,1,True
9th London Classic TB,2,1.000,4,False
Russian Cup Final w 2017,8,1.000,1,True
86th ch-UKR 2017,12,1.000,1,True
77th ch-UKR Women 2017,10,1.000,1,True
Zadar Open A 2017,54,1.000,2,True
77th ch-ITA Women TB 2017,2,1.000,4,False
9th Penang Open 2017,133,1.000,2,True
33rd Voivoda Cup 2017,10,1.000,2,True
Acre GM 2017,10,1.000,2,True
Acre Open 2017,30,1.000,2,True
1st Valentino Martis IM,10,1.000,2,True
1st Valentino Martis WIM,10,1.000,2,True
70th ch-RUS TB 2017,2,1.000,2,True
67th ch-RUS w TB 2017,2,1.000,2,True
67th ch-GRE 2017,9,1.000,1,True
Belt and Road Hainan Open,40,1.000,1,True
XXVI Elgoibar GM 2017,10,1.000,2,True
Sunway Sitges Open 2017,126,1.000,1,True
Dr Geza Hetenyi Mem GM,10,1.000,1,True
Dr Geza Hetenyi Mem IM,10,1.000,1,True
29th Carlos Torre Mem,41,1.000,1,True
Dec Evenings Satka IM,10,1.000,1,True
Dec Evenings Satka WIM,10,1.000,1,True
Herzliya GM 2017,10,1.000,1,True
4th Johor Open 2017,77,1.000,1,True
FSGM December 2017,10,1.000,1,True
FSFM December 2017,6,1.000,1,True
53rd American Open 2017,41,1.000,1,True
Nutcracker Classical 2017,8,1.000,1,True
55th Groningen Open 2017,44,1.000,1,True
Sunway Sitges Open TB,17,1.000,4,False
Bhopal International Open,313,1.000,1,True
Doroshkevich Amateur Open,83,1.000,1,True
TCh-FAI 2017-18,124,1.000,1,True
Wei Yi - Navara Match,4,1.000,1,True
Hastings Masters 2017-18,167,1.000,1,True
47th Rilton Cup 2017-18,252,1.000,1,True
28th Cracovia Open A,130,1.000,1,True
125th ch-NZL Open 2018,36,1.000,1,True
University Challenge 2017,2,1.000,1,True
3rd IIFL Wealth Mumbai Op,510,1.000,1,True
Kazakhstan Cup Final 2017,10,1.000,2,True
Matches of Chess Stars w,2,1.000,1,True
41st Zurich Christmas,46,1.000,1,True
14th Schachtuerken Cup,30,1.000,1,True
6th Lorca Open 2017,56,1.000,1,True
8th Arco Christmas Open,73,1.000,2,True
26th Donau Open 2017,47,1.000,1,True
XXXVI Zamenhofa Mem,54,1.000,2,True
27th Erfurt Master Open,92,1.000,1,True
27th North American Open,97,1.000,1,True
34th Boeblinger Open 2017,57,1.000,1,True
3rd HSK Weihnachtsopen,37,1.000,1,True
Jolimark HK Open 2017,75,1.000,2,True
4th Arica Open 2017,49,1.000,1,True
African Juniors 2017,7,1.000,2,True
Zolochiv Chess Winter,17,1.000,2,True
1st Schilcherlandopen,113,1.000,1,True
Wei Yi - Navara Match TB,2,1.000,3,False
14th Vandoeuvre Open 2018,26,1.000,1,True
3rd Fischer Mem GM 2018,10,1.000,1,True
23rd Bosnjaci Open,81,1.000,2,True
Fuad Jafarov Mem 2018,22,1.000,2,True
Irish New Year Norm GM,20,1.000,2,True
Irish New Year Norm IM,10,1.000,2,True
29th Roquetas de Mar Open,74,1.000,1,True
2nd Excelsior Palace Open,16,1.000,2,True
7th MTS Logistics GM 2018,10,1.000,1,True
VT Grokhotov Mem 2018,12,1.000,2,True
30th Staufer-Open 2018,134,1.000,2,True
40th White Tower Open,60,1.000,2,True
40th ch-GRE Women 2017,10,1.000,1,True
80th Tata Steel GpA,14,1.000,1,True
80th Tata Steel GpB,14,1.000,1,True
16th Delhi Open 2018,107,1.000,1,True
43rd Seville Open 2018,81,1.000,1,True
CCCSA Winter GMA 2018,10,1.000,2,True
CCCSA Winter GMB 2018,10,1.000,2,True
CCCSA Winter IM 2018,10,1.000,2,True
78th ch-ARM HL 2018,11,1.000,1,True
73rd ch-ARM w HL 2018,10,1.000,1,True
Reykjavik Congress 2018,99,1.000,1,True
17th Prague Open 2018,142,1.000,1,True
44th Eastern Open 2017,37,1.000,1,True
35th Untergrombach Open,49,1.000,1,True
2nd Vergani Cup 2018,36,1.000,2,True
10th Chennai Open 2018,108,1.000,1,True
Lozovatsky Memorial 2018,6,1.000,2,True
73rd ch-AZE 2018,17,1.000,1,True
11th Gora Sw. Anny Open,20,1.000,2,True
4th Floripa Open 2018,355,1.000,2,True
17th 4NCL Congress 2018,36,1.000,2,True
80th Tata Steel GpA TB,2,1.000,2,True
14th Moscow Open F 2018,105,1.000,1,True
23rd HIT Open 2018,162,1.000,2,True
Orsha Open 2018,61,1.000,1,True
Vajda Arpad Memorial 2018,20,1.000,1,True
Gonzaga Masters TB,2,1.000,1,True
Third Saturday 59 Jan IM,10,1.000,2,True
Third Saturday 60 Jan GM,10,1.000,2,True
Third Saturday 62 Jan GM,10,1.000,2,True
Third Saturday 58 Jan,18,1.000,2,True
Tri Kralja Memorial 2018,10,1.000,2,True
Yuri M Nikitin Mem 2018,10,1.000,2,True
17th Marienbad GMA1 2018,10,1.000,2,True
17th Marienbad GMA2 2018,10,1.000,2,True
17th Marienbad IMB1 2018,10,1.000,2,True
17th Marienbad IMB2 2018,10,1.000,2,True
17th Marienbad IMB3 2018,10,1.000,2,True
17th Marienbad Open 2018,62,1.000,1,True
TCh-ISR 2018,246,1.000,1,True
Gibraltar Masters TB 2018,4,1.000,6,False
26th Fajr Open 2018,49,1.000,1,True
55th ch-CUB Absoluto 2018,10,1.000,1,True
Arab Championship 2018,34,1.000,2,True
ch-Arab w 2018,22,1.000,2,True
ch-MDA 2018,20,1.000,1,True
1st Schachzauber 2018,10,1.000,2,True
5th Floripa Masters 2018,10,1.000,2,True
80th Tata Steel TOP,10,1.000,1,True
Saint Louis Norm GM 2018,10,1.000,2,True
Saint Louis Norm IM 2018,10,1.000,2,True
Puchong 1st Friday IM Jan,10,1.000,2,True
56th Baltimore Open 2018,20,1.000,1,True
Brazil Carnaval Open 2018,118,1.000,2,True
ch-Chrzanow 2018,10,1.000,2,True
Women Chess Stars 2018,6,1.000,5,False
9th Pfalz Open 2018,137,1.000,1,True
38th TCh-IND 2018,72,1.000,1,True
16th TCh-IND Women 2018,39,1.000,1,True
Graz Match 2018,2,1.000,1,True
Graz Open A 2018,102,1.000,1,True
Tal Mem Qualifier 2018,4,1.000,6,False
FSGM February 2018,10,1.000,1,True
FSIM February 2018,10,1.000,1,True
FSFM February 2018,10,1.000,1,True
17th Rochefort Open 2018,40,1.000,2,True
ch-AZE w 2018,17,1.000,1,True
XII Termo-Eko Cup 2018,27,1.000,1,True
3rd Sat Djenovici Feb GM,20,1.000,2,True
3rd Sat Djenovici Feb IM,20,1.000,2,True
WWRR 2018,10,1.000,2,True
Aeroflot Open A 2018,92,1.000,1,True
10th dMP Batavia GM 2018,20,1.000,1,True
Kragero Resort Chess 2018,46,1.000,2,True
4th Vardaris Open 2018,44,1.000,1,True
57th ch-BRA Women 2018,10,1.000,2,True
5th Karun Cup 2018,27,1.000,1,True
75th ch-GEO w 2018,10,1.000,1,True
ch-SRB SF Women 2018,16,1.000,2,True
ch-TUN 2018,12,1.000,2,True
ch-UKR Boys U20 2018,38,1.000,1,True
ch-UKR Girls U20 2018,14,1.000,1,True
Aeroflot Open B 2018,126,1.000,1,True
16th Khazar Cup 2018,82,1.000,1,True
18th Mediterranean Flower,20,1.000,2,True
82nd ch-BUL 2018,10,1.000,1,True
50th Belgrade WGM 2018,12,1.000,1,True
ch-CHI 2018,24,1.000,2,True
ch-LTU 2018,54,1.000,2,True
34th Cappelle Open 2018,75,1.000,1,True
34th ChessOrg Open,172,1.000,1,True
Third Saturday 64 2018,16,1.000,2,True
Third Saturday 65 IM 2018,10,1.000,2,True
Third Saturday 66 GM 2018,10,1.000,2,True
Brazil Pocos de Caldas Op,67,1.000,1,True
1st Friday Masters March,10,1.000,2,True
FIDE Candidates 2018,8,1.000,1,True
8th HD Bank Cup 2018,128,1.000,2,True
12th ch-SRB 2018,10,1.000,1,True
ch-CZE Junior 2018,12,1.000,2,True
ch-IRI 2018,12,1.000,2,True
ch-UKR U16 2018,12,1.000,2,True
ch-UKR U16 Girls 2018,12,1.000,2,True
FSGM March 2018,10,1.000,1,True
18th Liberec Open 2018,155,1.000,1,True
52nd Begonia Open 2016,30,1.000,1,True
15th Spilimbergo Open,30,1.000,2,True
6th Iraq Int Open 2018,43,1.000,2,True
3rd Sat Djenovici Mar IM,31,1.000,2,True
FSFM March 2018,6,1.000,1,True
TCh-CAT GpA Final 2018,191,1.000,1,True
TCh-CAT GpB Final 2018,174,1.000,1,True
11th Montalvo Mem 2018,97,1.000,2,True
12th ch-SRB w 2018,10,1.000,1,True
24th Schloss Open 2018,39,1.000,2,True
41st San Sebastian Open,56,1.000,1,True
ch-St Petersburg w 2018,20,1.000,1,True
ch-CAT 2018,16,1.000,1,True
Karpos Open 2018,129,1.000,1,True
TV2 Fagernes GM Open 2018,86,1.000,2,True
TV2 IM 2018,20,1.000,2,True
ch-Moscow Final 2018,52,1.000,1,True
ch-Moscow Women 2018,24,1.000,1,True
30th TCh-IRQ 2018,48,1.000,1,True
GRENKE Chess Classic 2018,20,1.000,1,True
GRENKE Chess Open 2018,360,1.000,1,True
O2C Doeberl Cup 2018,57,1.000,2,True
ch-DEN 2018,20,1.000,1,True
ch-FAI 2018,8,1.000,1,True
CCCSA Spring GM 2018,20,1.000,2,True
CCCSA Spring IM 2018,20,1.000,2,True
Irish Easter GM 2018,20,1.000,2,True
Irish Easter IM 2018,20,1.000,2,True
64th ch-WLS 2018,49,1.000,2,True
62nd Southend Easter 2018,24,1.000,1,True
ch-ROU U20 2018,14,1.000,1,True
Pobeskydi Open 2018,109,1.000,2,True
VII SP Open U2300 2018,59,1.000,2,True
49th Mar Del Plata Open,39,1.000,1,True
12th Philadelphia Open,114,1.000,1,True
1st Zurich Easter Op 2018,59,1.000,1,True
45th La Roda Open 2018,145,1.000,1,True
Doprastav Open 2018,39,1.000,1,True
Swedish Easter 2018,94,1.000,2,True
Sub-Zonal 2.3c 2018,76,1.000,2,True
College Final Four 2018,35,1.000,2,True
TCh-SUI 2018,512,1.000,1,True
20th Dubai Open 2018,117,1.000,2,True
Djukic - Kozul Match 2018,2,1.000,1,True
91st ch-St Petersburg,12,1.000,1,True
ch-Valencia 2018,8,1.000,2,True
ch-URU 2018,10,1.000,1,True
9th 5th April Medal Day,33,1.000,2,True
2nd Rottal Open 2018,94,1.000,2,True
2nd Sharjah Masters 2018,101,1.000,2,True
18th BCC Open 2018,161,1.000,1,True
4th Ordu Open 2018,51,1.000,2,True
Kathmandu Open 2018,114,1.000,1,True
4th Fischer Mem GM 2018,10,1.000,1,True
Capablanca Mem GM 2018,10,1.000,1,True
3rd ESNA Individual 2018,10,1.000,2,True
ch-FRA Junior 2018,18,1.000,1,True
ch-FRA Junior Girls 2018,11,1.000,2,True
11th Triandria Open 2018,48,1.000,1,True
18th 4NCL Congress 2018,35,1.000,2,True
4th HSK Easter Open 2018,148,1.000,2,True
FSGM April 2018,10,1.000,1,True
Bolton Easter 2018,37,1.000,2,True
TCh-EUR Senior +65 2018,62,1.000,1,True
TCh-CHN 2018,420,1.000,1,True
Vugar Gashimov Mem 2018,10,1.000,1,True
ch-USA 2018,12,1.000,1,True
ch-USA w 2018,12,1.000,1,True
ch-CHN 2018,12,1.000,1,True
ch-CHN Women 2018,12,1.000,1,True
ch-CRO 2018,12,1.000,1,True
ch-KAZ Women 2018,10,1.000,1,True
Budapest Spring Open 2018,130,1.000,1,True
ch-RUS Junior 2018,10,1.000,1,True
ch-RUS Junior Girls 2018,10,1.000,1,True
3rd ITT Magistral IM 2018,10,1.000,2,True
Tula GM 2018,13,1.000,2,True
Asian Youth U18 2018,10,1.000,1,True
2nd Shanghai Gulf Cup,8,1.000,2,True
LXIV Mexican Open 2018,59,1.000,1,True
ch-USA Women TB 2018,2,1.000,3,False
12th Agzamov Mem 2018,55,1.000,1,True
Japfa IGM 2018,24,1.000,2,True
28th ch-SLO 2018,96,1.000,2,True
28th ch-SLO Women 2018,20,1.000,2,True
ch-CZE 2018,120,1.000,1,True
ch-NED Junior 2018,36,1.000,1,True
Capablanca Festival GM,18,1.000,2,True
Capablanca Festival RR,20,1.000,2,True
ch-EST and U20 2018,39,1.000,2,True
ch-VIE 2018,77,1.000,2,True
ch-VIE w 2018,66,1.000,2,True
3rd Salou Match 2018,2,1.000,1,True
ch-LAT 2018,68,1.000,2,True
Copenhagen CC 2018,65,1.000,2,True
25th Space Coast Open,22,1.000,2,True
Yunusemre Closed IM 2018,10,1.000,2,True
50th Italian Teams 2018,126,1.000,1,True
TCh-RUS Women 2018,54,1.000,1,True
24th Sigeman & Co 2018,6,1.000,1,True
48th Bosna Open 2018,125,1.000,2,True
Nakhchivan Open 2018,45,1.000,1,True
Bodensee Open 2018,73,1.000,1,True
Katowice Spring 2018,10,1.000,2,True
Malahide Millennium Open,53,1.000,2,True
XX Foment Martinenc Open,141,1.000,1,True
71st ch-ARG w 2018,10,1.000,2,True
40th Portuguese Cup,112,1.000,1,True
TCh-FRA Top 12 w GpA 2018,22,1.000,2,True
TCh-FRA Top 12 w GpB 2018,19,1.000,1,True
53rd Capablanca Mem Elite,6,1.000,1,True
53rd Capablanca Mem Open,30,1.000,1,True
3rd Kolkata GM Open 2018,105,1.000,1,True
7th Llucmajor Open 2018,48,1.000,1,True
ch-POL 2018,10,1.000,1,True
ch-POL Women 2018,10,1.000,1,True
ch-ROU 2018,52,1.000,1,True
ch-ROU Women 2018,19,1.000,1,True
Fredericia IM 2018,10,1.000,2,True
ch-Africa 2018,30,1.000,2,True
1st Bamberg Open 2018,89,1.000,1,True
FSGM May 2018,10,1.000,1,True
TCh-NOR Club 2018,113,1.000,1,True
St Louis Summer B,56,1.000,1,True
ch-POL Women TB 2018,2,1.000,2,True
11th Remberto Fernandez,20,1.000,2,True
North Eastern Masters IM,10,1.000,2,True
12th BPB Limburg Open,54,1.000,1,True
13th Angers Open 2018,44,1.000,2,True
Baltic zt I Stage 2018,24,1.000,2,True
BUL Tournament of Champs,10,1.000,2,True
16th Somov Memorial 2018,11,1.000,1,True
Franken Power Open 2018,55,1.000,1,True
3rd Sat Djenovici May IM,29,1.000,1,True
3rd Sat Djenovici May FM,6,1.000,2,True
Vienna Chess Masters 2018,10,1.000,1,True
ch-GER Youth U18 2018,28,1.000,2,True
Thessaloniki Team Cup,20,1.000,1,True
6th Norway Chess 2018,19,1.000,1,True
19th Karpov Poikovsky,20,1.000,1,True
CHN-RUS Summit 2018,20,1.000,1,True
CHN-RUS Summit Women 2018,20,1.000,1,True
1st Longtou Cup 2018,132,1.000,1,True
Guillermo Garcia Master 1,10,1.000,1,True
Guillermo Garcia Master 2,10,1.000,1,True
27th Chicago Open 2018,75,1.000,1,True
37th Zalakaros Open 2018,137,1.000,1,True
ch-Madrid Final 2018,49,1.000,1,True
Cherry Blossom Classic,391,1.000,2,True
CZE Olympiad Nomination,12,1.000,1,True
ch-CRO w 2018,25,1.000,2,True
11th KIIT Elite Open 2018,149,1.000,1,True
1st 4NCL Spring Bank 2018,43,1.000,2,True
Frome Congress 2018,33,1.000,2,True
ch-Flemish 2018,18,1.000,2,True
1st Bohumin Open 2018,58,1.000,1,True
St Louis Summer A TB,2,1.000,2,True
93rd ch-ARG Semi-Final,123,1.000,1,True
9th WLC Weekender 2018,27,1.000,1,True
Ayr Congress Open 2018,25,1.000,2,True
12th Engadin Pfingst Open,24,1.000,1,True
Bundesliga TB 2017-18,16,1.000,1,True
Aczel-Gavrilescu Match,4,1.000,1,True
ch-MGL 2018,12,1.000,2,True
ch-MGL Women 2018,12,1.000,2,True
7th Salento Open 2018,7,1.000,1,True
10th Rheinland-Pfalz Open,278,1.000,2,True
11th Mayors Cup Open 2018,95,1.000,1,True
10th Capo d'Orso Open,60,1.000,1,True
DSAM Cup 2018,22,1.000,1,True
10th Lublin POL-UKR Jun,20,1.000,1,True
17th Premier League BIH,65,1.000,1,True
Mitropa Cup Women 2018,69,1.000,1,True
1st Schaakweek Apeldoorn,10,1.000,1,True
Prof. Lim Kok Ann GM Inv,10,1.000,2,True
ch-FIN 2018,10,1.000,1,True
June Lviv Tradition IM,10,1.000,2,True
NSW Open 2018,23,1.000,2,True
Victorian Open 2018,49,1.000,1,True
FSGM June 2018,10,1.000,1,True
FSIM June 2018,10,1.000,1,True
29th NATO Chess 2018,56,1.000,2,True
Armenian Clubs 2018,58,1.000,1,True
Werder Bremen IM,10,1.000,1,True
CCCSA Summer GMA 2018,10,1.000,2,True
CCCSA Summer GMB 2018,10,1.000,2,True
CCCSA Summer IMA 2018,10,1.000,2,True
CCCSA Summer IMB 2018,10,1.000,2,True
Silver Lake Open 2018,116,1.000,2,True
10th Carlos I Open 2018,52,1.000,1,True
13th Teplice Open 2018,76,1.000,1,True
15th Baltija Cup 2018,22,1.000,1,True
2nd El Aguila Masters,10,1.000,2,True
2nd Hersonissos Open 2018,60,1.000,1,True
36th Balaton GM 2018,10,1.000,1,True
36th Balaton IM 2018,10,1.000,1,True
36th Balaton Open 2018,35,1.000,1,True
AICF WGM 2018,12,1.000,2,True
Astana Open GM Norm 2018,10,1.000,1,True
Baltic zt II Stage 2018,24,1.000,2,True
1st Pelion Open 2018,34,1.000,1,True
Porto District Cup Final,8,1.000,1,True
14th Baltic Pearl Open,110,1.000,1,True
28th Gros Open 2018,42,1.000,1,True
32nd Pula Open 2018,97,1.000,1,True
Ceske Budejovice GM 2018,10,1.000,1,True
ch-CZE Women 2018,10,1.000,1,True
Dunajska Streda GM 2018,10,1.000,2,True
HSG Open 2018,54,1.000,1,True
National Open 2018,48,1.000,1,True
US Women's Open 2018,10,1.000,2,True
Marmaris Karya IM 2018,10,1.000,2,True
OSS International 2018,53,1.000,2,True
11th New York Int 2018,51,1.000,2,True
Open ch-Odoyev 2018,48,1.000,1,True
21st Iraklio Open 2018,20,1.000,1,True
CHN Team Men 2018,81,1.000,2,True
CHN Team Women 2018,52,1.000,2,True
Coupe de France 2018,16,1.000,1,True
71st ch-RUS HL 2018,118,1.000,1,True
68th ch-RUS HL w 2018,92,1.000,1,True
11th Asrian Memorial 2018,67,1.000,1,True
Yinzhou Cup 2018,4,1.000,4,False
ch-NED 2018,8,1.000,1,True
ch-NED w 2018,8,1.000,1,True
ch-SWE 2018,20,1.000,1,True
ch-IRQ 2018,36,1.000,2,True
12th Philadelphia Int,126,1.000,1,True
Karel Opocensky Mem 2018,20,1.000,1,True
Golden Prague Open 2018,61,1.000,1,True
Astana Open 2018,48,1.000,1,True
ch-Commonwealth 2018,167,1.000,1,True
ch-Commonwealth U20 2018,23,1.000,1,True
1st Belgrade Summer GM,20,1.000,2,True
1st Belgrade Summer IM,10,1.000,2,True
1st Belgrade Summer IM2,10,1.000,2,True
22nd Cap Aurora Open 2018,62,1.000,1,True
22nd Gioiosa Marea Open,15,1.000,2,True
26th Klatovy Open 2018,48,1.000,1,True
2nd Baltic Cup 2018,60,1.000,1,True
6th Cesme Open 2018,112,1.000,2,True
ChessAmateur Minsk 2018,179,1.000,2,True
Gold Coast Open 2018,47,1.000,2,True
Kibizov Memorial B 2018,10,1.000,1,True
Lanzarote Open 2018,50,1.000,2,True
5th Purtichju Open 2018,49,1.000,1,True
13th Edmonton GM 2018,10,1.000,2,True
21st Rhein-Main-Open 2018,209,1.000,2,True
43rd Keres Mem 2018,30,1.000,2,True
Laval Open 2018,28,1.000,2,True
Solta Amateur Open 2018,92,1.000,1,True
ch-HUN Youth U18 2018,26,1.000,1,True
38th Benasque Open 2018,73,1.000,1,True
41st Barbera Open 2018,88,1.000,1,True
125th ch-SCO Open 2018,53,1.000,1,True
Faroes Open 2018,36,1.000,2,True
Science Park Open A 2018,42,1.000,1,True
15th South Wales Int 2018,67,1.000,2,True
Najdorf Mem Open A 2018,113,1.000,1,True
Lueneburg GM 2018,10,1.000,2,True
Lueneburg IM 2018,10,1.000,2,True
ch-NOR 2018,22,1.000,1,True
46th Annual World Open,115,1.000,1,True
2nd Lasker Memorial 2018,26,1.000,2,True
20th Torredembarra Open,59,1.000,1,True
46th GM 2018,8,1.000,1,True
Helmut-Kohls-Turnier 2018,10,1.000,1,True
46th Sparkassen Open,54,1.000,1,True
Polugaevsky Memorial 2018,48,1.000,1,True
ch-USA Junior 2018,10,1.000,1,True
ch-USA Girls 2018,10,1.000,1,True
12th Leiden Open A 2018,62,1.000,1,True
13th Poti Open 2018,46,1.000,2,True
Orbis GM 2018,10,1.000,2,True
Orbis IM 2018,10,1.000,2,True
12th Portoroz Open 2018,53,1.000,1,True
20th Sant Marti Open 2018,115,1.000,1,True
118th ch-SUI 2018,10,1.000,1,True
33rd Gniota Memorial Open,35,1.000,1,True
FSGM July 2018,10,1.000,1,True
FSIM July 2018,10,1.000,1,True
FSFM July 2018,10,1.000,1,True
11th Paracin Summer Open,148,1.000,1,True
V4 Stiavnica Open 2018,124,1.000,1,True
ch-SVK 2018,10,1.000,1,True
17th Bergamo Open 2018,44,1.000,1,True
11th d'Ille et Vilaine Op,21,1.000,1,True
ch-SWE Master Elite 2018,20,1.000,1,True
ch-SWE Junior U20 2018,20,1.000,1,True
COL Olympiad Selection,24,1.000,2,True
37th St Veit Open 2018,44,1.000,1,True
51st Biel GM 2018,12,1.000,1,True
29th Czech Open A 2018,288,1.000,1,True
36th Andorra Open 2018,83,1.000,1,True
11th Paleochora Open 2018,125,1.000,1,True
93rd ch-ARG 2018,14,1.000,1,True
ch-AUT 2018,95,1.000,2,True
28th Heart of Finland Op,48,1.000,2,True
2nd Marko Damjanovic Mem,43,1.000,1,True
44th Sitges Open 2018,76,1.000,1,True
Yaroslav the Wise Open,51,1.000,1,True
IV Xativa Open 2018,54,1.000,2,True
33rd Schwarzacher Open,28,1.000,1,True
ch-CHN GpB Men 2018,77,1.000,1,True
ch-CHN GpB Women 2018,46,1.000,2,True
43rd Vsetin Open 2016,43,1.000,2,True
ch-CPV 2018,5,1.000,1,True
20th St Lo Open 2018,48,1.000,1,True
22nd Battle of Senta Open,84,1.000,2,True
93rd ch-Paris IdF 2018,38,1.000,1,True
9th Vaujany Open 2018,27,1.000,1,True
Third Saturday 81 IM 2018,24,1.000,2,True
19th 4NCL Congress 2018,33,1.000,2,True
European Youth U18 Teams,181,1.000,1,True
TCh-CHN B 2018,90,1.000,1,True
51st Biel Master Open,119,1.000,1,True
9th Hainan Danzhou GM,16,1.000,1,True
29th Czech Open B 2018,142,1.000,1,True
29th Czech Open J 2018,27,1.000,1,True
Condigne Dutch Open 2018,146,1.000,1,True
105th ch-GBR 2018,130,1.000,1,True
Pays de Charleroi Experts,20,1.000,2,True
4th Sabbiadoro Open 2018,60,1.000,1,True
Iuliu Szabo Memorial 2018,41,1.000,1,True
4th Sueca Open 2018,46,1.000,1,True
4th Villa de Gijon Open,47,1.000,1,True
4th l'EFE Metz IM 2018,10,1.000,2,True
4th l'EFE Metz WIM 2018,10,1.000,2,True
Golden Horseshoe Open,25,1.000,3,False
15th Sea Festival IM 2018,10,1.000,2,True
38th Plunge Open 2018,38,1.000,2,True
Third Saturday 80 2018,20,1.000,2,True
Asian Nations Cup 2018,98,1.000,1,True
Asian Nations Cup w 2018,66,1.000,1,True
Hungarian Youth Teams 2018,74,1.000,2,True
105th ch-GBR TB 2018,2,1.000,4,False
Wroclaw Open 2018,106,1.000,2,True
Riga Tech Open A 2018,181,1.000,2,True
22nd HZ Open 2018,176,1.000,1,True
27th Kavala Open 2018,82,1.000,1,True
2nd Irena Warakomska Mem,88,1.000,2,True
44th Badalona Open 2018,50,1.000,1,True
5th Prague Summer Open,94,1.000,2,True
Eurasia Cup SKB Kontur,116,1.000,1,True
11th Arad Open 2018,152,1.000,1,True
18th ch-Euro Seniors +50,43,1.000,1,True
Letnji Open Jezero 2018,28,1.000,1,True
1st Shenzhen Open 2018,41,1.000,1,True
22nd Wasselonne Open 2018,24,1.000,1,True
Aegean Open 2018,34,1.000,1,True
6th Brazil Open 2018,50,1.000,2,True
70th ch-MNE 2018,12,1.000,1,True
78th ch-ITA Semi-Final,39,1.000,1,True
89th ch-GER 2018,24,1.000,1,True
3rd German Women Masters,10,1.000,1,True
ZMDI Open 2018,35,1.000,1,True
At the source of the Don,10,1.000,2,True
Copel Telecom SESC Open,152,1.000,2,True
Grafica Yael ITT 2018,20,1.000,2,True
31st Kiel Open 2018,182,1.000,2,True
7th Arber Open 2018,224,1.000,1,True
Montreal Summer IM 2018,20,1.000,2,True
TCh-ESP Div Honor 2018,52,1.000,1,True
TCh-ESP Div 1 2018,57,1.000,1,True
Ding vs Topalov Match,2,1.000,1,True
Tan Zhongyi-Dzagnidze m,2,1.000,1,True
Inarkiev-Wei Yi Match,2,1.000,1,True
25th Abu Dhabi Masters,158,1.000,2,True
79th ch-ARM 1st League,14,1.000,1,True
AICF WGM Hyderabad 2018,12,1.000,2,True
Portuguese Masters 2018,10,1.000,2,True
SS Manhem GM 2018,10,1.000,2,True
SS Manhem IM 2018,10,1.000,2,True
La Palma Island Open 2018,46,1.000,1,True
Berkeley Summer IM Norm,20,1.000,2,True
Bruges Masters 2018,62,1.000,1,True
4th Chinggis Invitational,10,1.000,1,True
7th Washington Int 2018,32,1.000,2,True
26th Troya Open 2018,54,1.000,1,True
SC Kreuzberg IM 2018,10,1.000,1,True
ch-IRL 2018,36,1.000,1,True
52nd Mislata Open 2018,30,1.000,2,True
FSGM August 2018,10,1.000,1,True
16th Kesan Open 2018,78,1.000,2,True
16th Spilimbergo Open,64,1.000,2,True
19th Miquel Mas Open 2018,49,1.000,1,True
21st Olomouc GM 2018,10,1.000,2,True
21st Olomouc IM1 2018,10,1.000,2,True
21st Olomouc IM2 2018,10,1.000,2,True
21st Olomouc Open 2018,30,1.000,1,True
4th Eftychios Krommydakis,10,1.000,2,True
Grafica Yael GM 2018,10,1.000,1,True
TCh-MNE Premier 2018,78,1.000,1,True
6th Sinquefield Cup 2018,10,1.000,1,True
93rd ch-FRA 2018,10,1.000,1,True
ch-FRA w 2018,10,1.000,1,True
ch-FRA Accession 2018,26,1.000,1,True
7th Ideon Andron Op 2018,30,1.000,2,True
China Zonal 3.5 2018,42,1.000,2,True
BSSZ Aranytiz GM 2018,10,1.000,1,True
BSSZ Aranytiz IM 2018,10,1.000,1,True
Stare Mesto Open 2018,58,1.000,1,True
26th Poznan Open 2018,101,1.000,2,True
27th Feffernitz Open 2018,80,1.000,1,True
38th Presolana Open 2018,31,1.000,1,True
US Chess Masters 2018,87,1.000,2,True
15th Avicenna Open 2018,47,1.000,1,True
48th Continental Open,53,1.000,2,True
20th Sants Open 2018,175,1.000,1,True
22nd Copa Mercosur 2018,10,1.000,1,True
54th Rubinstein Mem,87,1.000,1,True
Stockholm Open 2018,16,1.000,1,True
XXVII Korensky Mem 2018,24,1.000,1,True
Berkeley Summer GM Norm,10,1.000,2,True
8th Split Open 2018,86,1.000,1,True
FSIM August 2018,12,1.000,1,True
11th Calgary Int 2018,22,1.000,1,True
TCh-ESP 2nd Div 2018,135,1.000,2,True
71st ch-RUS 2018,24,1.000,1,True
68th ch-RUS w 2018,24,1.000,1,True
Gelfand-Laznicka Classic,2,1.000,1,True
Steinberg-Kriebel Classic,2,1.000,1,True
93rd ch-FRA TB 2018,3,1.000,4,False
93rd ch-FRA TB2 2018,2,1.000,3,False
83rd ch-ESP 2018,110,1.000,1,True
15th Malaysian Open 2018,28,1.000,1,True
Wuerttemberg Masters 2018,20,1.000,1,True
Lviv Cup GM 2018,10,1.000,2,True
Lviv Cup IM 2018,10,1.000,2,True
18th Brasschaat Open 2018,59,1.000,1,True
6th ch-Francophonie 2018,68,1.000,1,True
10th Bjelovar Open 2018,28,1.000,1,True
US Chess Masters TB 2018,2,1.000,1,True
20th Sants TB 6th-8th,3,1.000,3,False
20th Sants TB 1st-5th,5,1.000,4,False
28th EY Open U18 2018,75,1.000,1,True
28th EY Girls U18 2018,66,1.000,1,True
28th EY Open U16 2018,113,1.000,1,True
28th EY Girls U16 2018,64,1.000,1,True
12th Hum na Sutli Open,56,1.000,1,True
2nd Aftab Cup Open 2018,39,1.000,2,True
Sinquefield GCT TB 2018,2,1.000,2,True
2nd Innsbruck Open 2018,147,1.000,2,True
ch-ENG Women 2018,28,1.000,2,True
CCCSA Labor Day GM 2018,20,1.000,2,True
CCCSA Labor Day IM 2018,20,1.000,2,True
84th Southwest Open 2018,104,1.000,2,True
Istanbul Open 2018,35,1.000,2,True
9th Hatay Open 2018,13,1.000,2,True
ch-POR 2018,10,1.000,2,True
ch-POR Women 2018,8,1.000,2,True
Diamond Cement GM Open,30,1.000,2,True
Calchess State 2018,19,1.000,2,True
2nd Marmaris Karya IM,20,1.000,2,True
TCh-SRB Premier 2018,154,1.000,1,True
71st ch-RUS TB 2018,2,1.000,2,True
68th ch-RUS w TB 2018,2,1.000,2,True
57th World Juniors 2018,165,1.000,2,True
36th World Junior Girls,97,1.000,2,True
Aarhus Festuge GM 2018,10,1.000,1,True
16th Amantea Open 2018,35,1.000,1,True
17th Izmir Open 2018,57,1.000,1,True
1st Compostela Masters,10,1.000,1,True
Monastir Open 2018,40,1.000,1,True
20th Trieste Open 2018,52,1.000,1,True
22nd Cesenatico Open 2018,28,1.000,1,True
20th Vicente Lopez 2018,10,1.000,1,True
Ricany Open A 2018,66,1.000,2,True
27th TCh-CRO Div 1a 2018,69,1.000,1,True
5th Fischer Mem GM 2018,10,1.000,1,True
5th Capablanca Mem GM,10,1.000,1,True
5th Capablanca Mem IM,10,1.000,1,True
Reykjavik Chess Club 2018,8,1.000,1,True
Tasnad Open 2018,36,1.000,2,True
Montreal Open 2018,26,1.000,2,True
3rd Mersin Open 2018,39,1.000,1,True
FSGM September 2018,10,1.000,1,True
FSIM September 2018,10,1.000,1,True
ch-CAN Junior 2018,10,1.000,2,True
ch-CAN Junior TB 2018,2,1.000,4,False
TCh-SRB Premier w 2018,91,1.000,1,True
TCh-SVK Women 2018,20,1.000,1,True
Olympiad Women 2018,1323,1.000,1,True
2nd Hyderabad Open 2018,69,1.000,1,True
Primorsko Open 2018,31,1.000,1,True
World University Men 2018,26,1.000,2,True
World University Women,24,1.000,2,True
St Petersburg GM 2018,20,1.000,1,True
XXIV Trevias Open 2018,25,1.000,1,True
TCh-Moscow 2018,63,1.000,1,True
Dutch League 2018-19,766,1.000,1,True
Oslo Open 2018,177,1.000,2,True
Tatry Open 2018,138,1.000,1,True
1st Ferreira do Alentejo,21,1.000,2,True
TCh-FIN 2018-19,450,1.000,1,True
1st Gujarat Open 2018,180,1.000,2,True
2nd Guimaraes Chess Open,98,1.000,2,True
9th Hradec Kralove Open,102,1.000,1,True
Barcelona Masters CAT-ARG,10,1.000,1,True
Panchenko Mem B 2018,10,1.000,1,True
German Youth Teams 2018,169,1.000,2,True
34th ECC Women 2018,56,1.000,1,True
St Louis Fall A 2018,10,1.000,1,True
St Louis Fall B 2018,10,1.000,1,True
SCO National Chess Open,55,1.000,1,True
Stavanger Open 2018,45,1.000,1,True
1st Goa Open 2018,144,1.000,1,True
15th Calvia Amateur Open,97,1.000,1,True
40th Arco Open 2018,140,1.000,1,True
Portuguese Supercup 2018,8,1.000,1,True
TCh-BEL 2018-19,816,1.000,1,True
Svidler-Shankland m 2018,2,1.000,1,True
Van Foreest-Fedoseev m,2,1.000,1,True
22nd Hoogeveen Open 2018,82,1.000,2,True
Haarlem Masters 2018,10,1.000,1,True
World Youth Open U18 2018,90,1.000,2,True
World Youth Girl U18 2018,83,1.000,2,True
World Youth Open U16 2018,101,1.000,2,True
World Youth Girl U16 2018,86,1.000,2,True
World Youth Open U14 2018,110,1.000,1,True
World Youth Girl U14 2018,100,1.000,2,True
3rd Sat Djenovici Oct GM,20,1.000,1,True
3rd Sat Djenovici Oct FM,5,1.000,2,True
Four Seasons FM 2018,10,1.000,1,True
Paraguay Champions 2018,10,1.000,2,True
1st Shakh Club Open 2018,23,1.000,1,True
44th Guernsey Open 2018,46,1.000,1,True
18th Sautron Open 2018,47,1.000,1,True
Larsen Memorial 2018,47,1.000,1,True
Mukachevo Masters 2018,10,1.000,2,True
Varennes Open 2018,39,1.000,2,True
1st Esbjerg Autumn IM,10,1.000,2,True
FSGM October 2018,10,1.000,1,True
FSIM October 2018,12,1.000,1,True
TCh-AUT 2nd Mitte 2018-19,322,1.000,1,True
TCh-AUT 2nd Ost 2018-19,429,1.000,1,True
TCh-AUT 2nd West 2018-19,334,1.000,1,True
22nd Hoogeveen Final 4,4,1.000,3,False
SPICE Cup Open 2018,38,1.000,2,True
Chigorin Memorial 2018,589,1.000,1,True
16th Cap D'Agde Open 2018,53,1.000,1,True
13th Deizisau Autumn Open,49,1.000,2,True
ch-TUR 2018,24,1.000,1,True
Thailand Pattaya Open,78,1.000,1,True
ch-UKR Semi-Final 2018,59,1.000,1,True
Marmaris Cleopatra WGM,10,1.000,2,True
Marmaris III IM 2018,10,1.000,2,True
October Lviv Tradition IM,10,1.000,2,True
Liffre Open 2018,20,1.000,1,True
Max Zavanelli Mem Open,55,1.000,2,True
17th Menton Open 2018,24,1.000,1,True
Kolomenskaya IM,10,1.000,2,True
Lichtenrader Herbst 2018,195,1.000,1,True
22nd OIBM 2018,395,1.000,1,True
2nd Du Te Cup 2018,6,1.000,1,True
XXV ProAm Copa Clarin Op,25,1.000,1,True
11th Maria Albulet Mem,15,1.000,2,True
4NCL International 2018,85,1.000,2,True
2nd Black Pawn H Open,25,1.000,2,True
Ferroli Open 2018,49,1.000,2,True
25th Venetian Autumn 2018,13,1.000,1,True
Leer Open 2018,22,1.000,1,True
12th Figueira da Foz Open,100,1.000,2,True
17th Iranian Super League,53,1.000,1,True
TCh-CZE Extraliga 2018-19,547,1.000,1,True
WCh 2018,2,1.000,1,True
St Louis Winter A 2018,10,1.000,1,True
St Louis Winter B 2018,10,1.000,1,True
MCC Greg Hjorth Open 2018,12,1.000,1,True
4NCL Div 1b 2018-19,205,1.000,1,True
Bundesliga 2018-19,726,1.000,1,True
TCh-SVK 2018-19,538,1.000,1,True
5th Gligoric Cup 2018,62,1.000,2,True
Tournament of Peace 2018,12,1.000,1,True
UT Dallas Fall Open 2018,37,1.000,2,True
14th Ugra Governor's Cup,28,1.000,1,True
World Senior 50+ 2018,98,1.000,1,True
World Senior 65+ 2018,176,1.000,1,True
World Senior 50+ w 2018,24,1.000,1,True
World Senior 65+ w 2018,19,1.000,1,True
Romania 100 Open 2018,46,1.000,1,True
8th Brno Open 2018,66,1.000,1,True
II Duchamp Int Open 2018,55,1.000,2,True
FSGM November 2018,10,1.000,1,True
FSIM November 2018,10,1.000,1,True
45th ch-IND w 2018,56,1.000,1,True
Marmaris Physkos GM 2018,10,1.000,2,True
TCh-CRO 2 League Centre q,12,1.000,1,True
TCh-AUT 2018-19,281,1.000,1,True
St Louis Inv GM 2018,10,1.000,2,True
St Louis Inv IM 2018,10,1.000,2,True
Baku Open 2018,80,1.000,1,True
78th ch-ITA 2018,24,1.000,1,True
15th Vasylyshyn GM,10,1.000,1,True
Pavlodar Open 2018,40,1.000,1,True
32nd Belgrade Trophy,231,1.000,1,True
34th Voivoda Cup 2018,10,1.000,2,True
44th OMICON ch-BAN 2018,52,1.000,1,True
Trofeo Degli Scudi 2018,15,1.000,2,True
CCCSA Fall GM 2018,10,1.000,2,True
CCCSA Fall IM 2018,10,1.000,2,True
Big Rook Grand Prize Inv,3,1.000,2,True
11th American Cont. Women,31,1.000,2,True
Tula GM 2 2018,10,1.000,2,True
10th Pilsen Open 2018,63,1.000,1,True
Third Saturday 83 GM 2018,10,1.000,2,True
Third Saturday 84 IM 2018,10,1.000,2,True
St Petersburg IM Norm,10,1.000,1,True
TCh-ROU Superliga 2018,146,1.000,1,True
TCh-AUT Frauen 2018-19,138,1.000,1,True
Emirates ch-Arab 2018,56,1.000,2,True
Emirates ch-Arab w 2018,40,1.000,2,True
Orbis 2 GM 2018,10,1.000,2,True
Orbis 2 IM 2018,10,1.000,2,True
78th ch-ITA Women 2018,16,1.000,1,True
78th ch-ITA U20 2018,16,1.000,1,True
Ramco Tech Open 2018,45,1.000,1,True
Pomar Memorial Open 2018,53,1.000,1,True
Third Saturday 89 GM 2018,12,1.000,2,True
Third Saturday 90 IM 2018,12,1.000,2,True
ch-IND U19 2018,48,1.000,1,True
ch-IND U19 Girls 2018,50,1.000,1,True
Ivy League Challenge 2018,23,1.000,2,True
TCh-ROU Superliga w 2018,68,1.000,1,True
17th Asian Continental,64,1.000,1,True
17th Asian Continental w,38,1.000,1,True
56th ch-IND 2018,76,1.000,1,True
67th ch-HUN 2018,16,1.000,1,True
ch-HUN Women 2018,10,1.000,1,True
Lidums AUS YM GM 2018,10,1.000,2,True
Szmetan-Giardelli GM 2018,12,1.000,1,True
Szmetan-Giardelli Open,124,1.000,1,True
78th ch-ITA TB 2018,2,1.000,2,True
78th ch-ITA TB Women 2018,2,1.000,5,False
78th ch-ITA U20 TB 2018,2,1.000,2,True
102nd ch-Marshall CC 2018,16,1.000,1,True
3rd Krunoslav Hulak Mem,63,1.000,1,True
8th Holuj-Radzikowska,10,1.000,1,True
TCh-ISL Div 1 2018-19,288,1.000,2,True
TCh-BAN Premier 2018,65,1.000,1,True
Nutcracker Classical 2018,8,1.000,1,True
Nutcracker Classical Youth,8,1.000,1,True
Sunway Sitges Open 2018,136,1.000,1,True
XXVIII Elgoibar GM 2018,10,1.000,2,True
30th Carlos Torre Mem,51,1.000,1,True
25th Zadar Open A 2018,64,1.000,2,True
87th ch-UKR 2018,10,1.000,1,True
78th ch-UKR Women 2018,10,1.000,1,True
ch-ISR 2018,30,1.000,1,True
ch-ISR Women 2018,15,1.000,1,True
68th ch-GRE 2018,10,1.000,1,True
41st ch-GRE Women 2018,10,1.000,1,True
9th Sharjah Cup for Women,61,1.000,2,True
Northwest Cup Final A,20,1.000,1,True
FSIM December 2018,10,1.000,1,True
Rome City Open 2018,34,1.000,1,True
5th Johor Open 2018,68,1.000,2,True
28th TCh-SLO 2018,157,1.000,1,True
Charlotte Open 2018,9,1.000,1,True
Open ch-MKD 2018,65,1.000,1,True
3rd Sat Djenovici Dec GM,10,1.000,2,True
Szczawno A GM 2018,10,1.000,2,True
Szczawno B IM 2018,10,1.000,2,True
5th Arica Open 2018,51,1.000,1,True
December Evenings IM 2018,10,1.000,1,True
December Evenings WIM,10,1.000,1,True
Third Saturday 93 GM 2018,20,1.000,2,True
ch-Voronezh 2018,61,1.000,1,True
Laos Open December 2018,39,1.000,2,True
XIII Termo-Eko Cup 2018,27,1.000,1,True
48th Rilton Cup 2018-19,315,1.000,1,True
1st Binhai Cup 2018,113,1.000,1,True
4th IIFL Wealth Mumbai Op,238,1.000,1,True
29th Cracovia Open A,161,1.000,1,True
2nd Schilcherland Open,85,1.000,2,True
Litomysl Open 2018-19,79,1.000,2,True
15th Schachtuerken Cup,30,1.000,1,True
27th Donau Open 2018,44,1.000,1,True
28th Erfurt Master Open,85,1.000,2,True
28th North American Open,72,1.000,1,True
35th Boeblinger Open 2018,58,1.000,1,True
42nd Zurich Christmas,41,1.000,1,True
7th Lorca Open 2018,94,1.000,2,True
9th Arco Christmas Open,32,1.000,2,True
Australian Open 2019,60,1.000,1,True
Karlstad Open 2018,25,1.000,2,True
2nd Montebelluna Cup 2018,34,1.000,2,True
University Challenge 2018,2,1.000,1,True
TCh-GER Junior U20 2018,95,1.000,2,True
Novi Sad vs TUR Centenary,10,1.000,2,True
Bay Area Int Open 2019,107,1.000,2,True
15th Vandoeuvre Open 2019,28,1.000,1,True
24th Bosnjaci Open,84,1.000,2,True
30th Roquetas de Mar Open,76,1.000,2,True
31st Staufer-Open 2019,140,1.000,2,True
3rd Vergani Cup 2019,35,1.000,2,True
4th Zicosur Open 2019,32,1.000,1,True
Akim Cup Pavlodar 2018,10,1.000,1,True
Barcelona Christmas IM,50,1.000,1,True
Basel Masters 2019,38,1.000,2,True
Philip Hogarty Mem GM 2019,10,1.000,2,True
Philip Hogarty Mem IM 2019,10,1.000,2,True
Maidenhair Tree Asian Am,47,1.000,2,True
Montreal Winter IM 2019,10,1.000,2,True
UAE President Cup 2019,17,1.000,2,True
Verona Open 2019,20,1.000,2,True
Fuad Jafarov Mem Masters,22,1.000,2,True
81st Tata Steel GpA,14,1.000,1,True
81st Tata Steel GpB,14,1.000,1,True
17th Delhi Open 2019,148,1.000,1,True
18th Prague Open 2019,131,1.000,1,True
44th Seville Open 2019,102,1.000,1,True
79th ch-ARM HL 2019,10,1.000,1,True
74th ch-ARM w HL 2019,10,1.000,1,True
Reykjavik Congress 2019,66,1.000,1,True
36th Mukachevo Rating IM,10,1.000,2,True
36th Untergrombach Open,44,1.000,1,True
7th Palmanova Open 2018,31,1.000,2,True
Caissa Guatemala Open,40,1.000,1,True
TCh-ISR 2019,322,1.000,1,True
TCh-NOR Elite 2018-19,205,1.000,1,True
81st Tata Steel TOP,10,1.000,1,True
11th Chennai Open 2019,113,1.000,1,True
Lozovatsky Mem A 2019,10,1.000,1,True
Lozovatsky Mem B 2019,10,1.000,1,True
FS Bucharest Jan GM,10,1.000,1,True
FS Bucharest Jan IM,10,1.000,1,True
74th ch-AZE 2019,20,1.000,1,True
Suetin Memorial 2019,10,1.000,2,True
V.E. Raev Memorial 2018,10,1.000,1,True
21st 4NCL Congress 2019,36,1.000,2,True
15th Moscow Open A 2019,381,1.000,1,True
12th Gora Sw. Anny Open,40,1.000,2,True
24th HIT Open 2019,104,1.000,2,True
CCCSA Winter GM 2019,10,1.000,2,True
CCCSA Winter IM 2019,10,1.000,2,True
45th Eastern Open 2018,44,1.000,2,True
Leanyfalu GM 2019,10,1.000,1,True
Leanyfalu IM 2019,10,1.000,1,True
Yuri M Nikitin Mem 2019,10,1.000,1,True
ch-IRI 2019,24,1.000,1,True
Orsha IM 2019,10,1.000,2,True
18th Marienbad GMA1 2019,10,1.000,2,True
18th Marienbad GMA2 2019,10,1.000,2,True
18th Marienbad IMB1 2019,10,1.000,2,True
18th Marienbad IMB2 2019,10,1.000,2,True
18th Marienbad Open 2019,78,1.000,1,True
4th Marmaris Karya IM,10,1.000,2,True
15th Moscow Open F 2019,79,1.000,1,True
ARM Olympiad Qualifier,2,1.000,1,True
85th ch-BRA 2019,24,1.000,1,True
Velammal-AICF WGM 2019,24,1.000,2,True
Paracin Winter GM 2019,20,1.000,2,True
Paracin Winter IM 2019,20,1.000,2,True
Portugal Open 2019,215,1.000,1,True
ch-LBN 2019,11,1.000,1,True
ch-MDA 2019,20,1.000,1,True
ch-MDA Women 2019,20,1.000,1,True
Manisa Rotary Club Closed,20,1.000,2,True
1st Cairns Cup 2019,10,1.000,1,True
20th Lienz Open 2019,66,1.000,2,True
27th Fajr Open 2019,51,1.000,1,True
3rd Marcel Duchamp Cup,126,1.000,2,True
Title Chase Winter GM,10,1.000,2,True
Title Chase Winter IM,10,1.000,2,True
Rodostosah GM 2019,10,1.000,2,True
Rodostosah WGM 2019,10,1.000,2,True
FSGM February 2019,10,1.000,1,True
FSIM February 2019,10,1.000,1,True
E-dream World Chess Queens Summit 2019,2,1.000,2,True
56th ch-CUB 2019,12,1.000,1,True
5th Marcel Duchamp Cup,130,1.000,2,True
17th Caspian Cup 2019,46,1.000,1,True
18th Rochefort Open 2019,36,1.000,1,True
19th Raciborz Open 2019,50,1.000,1,True
3rd Stars Cup 2019,8,1.000,2,True
39th TCh-IND 2019,52,1.000,1,True
Aeroflot Open A 2019,101,1.000,2,True
Graz Match 2019,2,1.000,1,True
Graz Open A 2019,81,1.000,1,True
IITU Masters 2019,10,1.000,1,True
Karoun Masters Cup 2019,29,1.000,1,True
Kragero Resort Chess 2019,76,1.000,2,True
Oceania Zonal 2019,28,1.000,2,True
Oceania Zonal Women 2019,9,1.000,2,True
ch-CHI 2019,12,1.000,2,True
33rd Cannes Open 2019,41,1.000,1,True
35th Cappelle Open 2019,59,1.000,1,True
19th Liberec Open 2019,115,1.000,1,True
Arab Cities 2019,41,1.000,2,True
10th Pfalz Open 2019,171,1.000,2,True
11th dMP Batavia GM 2019,10,1.000,1,True
19th Mediterranean Flower,10,1.000,2,True
83rd ch-BUL 2019,20,1.000,1,True
68th ch-BUL w 2019,16,1.000,1,True
Third Sat 105 GM 2019,10,1.000,2,True
Third Sat 109 IM2 2019,10,1.000,2,True
WWRR IM 2019,10,1.000,2,True
WWRR B 2019,10,1.000,2,True
ch-ROU 2019,50,1.000,1,True
ch-ROU Women 2019,21,1.000,1,True
9th Ferdowsi Open 2019,27,1.000,1,True
10th Southwest Class 2019,8,1.000,1,True
12th World Teams 2019,49,1.000,1,True
1st Prague Masters 2019,10,1.000,1,True
1st Prague Challengers,10,1.000,1,True
Prague International Open,427,1.000,1,True
9th HD Bank Cup 2019,143,1.000,2,True
FSGM March 2019,10,1.000,1,True
FSIM March 2019,10,1.000,1,True
Third Sat 108 Mix za norm,22,1.000,2,True
53rd Begonia Open 2019,28,1.000,1,True
5th Marmaris Karya IM,10,1.000,2,True
5th Vardaris Open 2019,47,1.000,1,True
8th March International,10,1.000,2,True
20th ch-EUR Indiv 2019,358,1.000,1,True
13th Agzamov Mem 2019,52,1.000,1,True
Asian Zonal zt 3.2 2019,40,1.000,1,True
77th ch-Urals 2019,29,1.000,1,True
ch-Urals Women 2019,17,1.000,1,True
51st Belgrade WGM 2019,10,1.000,1,True
ch-St Petersburg w 2019,20,1.000,1,True
Marshall Spring IM 2019,20,1.000,2,True
ch-LTU 2019,78,1.000,1,True
ch-POL U18 2019,44,1.000,2,True
90th ch-URU 2019,10,1.000,1,True
ch-CZE Junior 2019,12,1.000,2,True
37th Mukachevo Rating IM,10,1.000,2,True
4NCL 2018-19,134,1.000,1,True
63rd ch-USA 2019,12,1.000,1,True
59th ch-USA w 2019,12,1.000,1,True
3rd Sharjah Masters 2019,139,1.000,1,True
Asian Zonal zt 3.2 w 2019,24,1.000,1,True
CCCSA Spring GM 2019,10,1.000,2,True
Port de Pollensa Open,30,1.000,1,True
Boardwalk Pearson GM 2019,12,1.000,2,True
76th ch-GEO w 2019,12,1.000,1,True
Pleven Young Talents WIM,10,1.000,2,True
6th ESNA Teams 2019,48,1.000,2,True
Vugar Gashimov Mem 2019,20,1.000,1,True
1st La Palma GM 2019,20,1.000,2,True
21st Dubai Open 2019,118,1.000,2,True
ch-Moscow Final 2019,141,1.000,1,True
ch-Moscow Final w 2019,92,1.000,1,True
92nd ch-St Petersburg,12,1.000,1,True
3rd Holi Cup Lakecity Op,127,1.000,1,True
ch-CRO 2019,12,1.000,1,True
3rd ChessMates Paris 2019,50,1.000,2,True
TCh-SUI 2019,504,1.000,1,True
19th BCC Open 2019,119,1.000,1,True
Katowice Festival GM 2019,10,1.000,2,True
Katowice Festival IM 2019,10,1.000,2,True
13th ch-SRB 2019,10,1.000,1,True
ch-NOR Women 2019,21,1.000,2,True
ch-Euro Seniors +65 Women,10,1.000,1,True
ch-Euro Amateurs U2300,10,1.000,1,True
ch-East Asia 2019,48,1.000,1,True
FSGM April 2019,20,1.000,1,True
FSIM April 2019,20,1.000,1,True
20th ch-EUR Indiv w 2019,130,1.000,1,True
Zonal 2.5 2019,53,1.000,2,True
Zonal 2.5 Women 2019,14,1.000,2,True
Budapest Spring Open 2019,126,1.000,1,True
Fagernes GM Open 2019,42,1.000,2,True
Fagernes GM B 2019,10,1.000,2,True
42nd San Sebastian Open,57,1.000,1,True
12th Montalvo Mem 2019,73,1.000,1,True
ch-DEN 2019,10,1.000,1,True
ch-FAI 2019,8,1.000,1,True
6th Sochi Amateur Open,107,1.000,2,True
Lagan Spring IM 2019,10,1.000,2,True
25th Schloss Open 2019,20,1.000,2,True
College Final Four 2019,20,1.000,2,True
TCh-CHN 2019,334,1.000,1,True
GRENKE Chess Classic 2019,10,1.000,1,True
GRENKE Chess Open 2019,515,1.000,2,True
3rd Du Te Cup 2019,6,1.000,1,True
2nd Zurich Easter Open,35,1.000,1,True
ch-RUS Junior 2019,10,1.000,1,True
ch-RUS Junior Girls 2019,10,1.000,1,True
4NCL Easter Congress 2019,41,1.000,2,True
50th Mar Del Plata Open,60,1.000,1,True
O2C Doeberl Cup 2019,30,1.000,2,True
Paskturneringen Open 2019,47,1.000,1,True
Southend Easter Masters,12,1.000,2,True
65th ch-WLS 2019,20,1.000,2,True
ch-CAT 2019,67,1.000,2,True
46th La Roda Open 2019,102,1.000,1,True
3rd Sat Djenovici Apr IM,10,1.000,2,True
ch-VEN 2018,14,1.000,2,True
ch-KAZ 2019,24,1.000,1,True
ch-KAZ Women 2019,10,1.000,1,True
ch-ROU U20 2019,6,1.000,2,True
ch-ROU U18 2019,29,1.000,2,True
13th Foxwoods Open,76,1.000,2,True
Zonal 2.4 2019,31,1.000,2,True
ch-DEN TB 2019,2,1.000,5,False
37th Metz Open 2019,39,1.000,2,True
17th IRI Super League S2,44,1.000,1,True
ch-CZE 2019,135,1.000,1,True
Polonia Wroclaw Master GM,20,1.000,2,True
Polonia Wroclaw Master IM,20,1.000,2,True
Sydney Int Open 2019,24,1.000,2,True
1st Ghaem Cup 2019,34,1.000,1,True
31st ch-GER Seniors +50,45,1.000,1,True
31st ch-GER Seniors +65,85,1.000,1,True
6th Marmaris Karya IM,10,1.000,2,True
Copa Bolivar 2019,26,1.000,2,True
Orbis GM/IM MIX Open 2019,14,1.000,2,True
Zonal 4.1 2019,20,1.000,2,True
ch-SYR 2019,11,1.000,2,True
World Schools U17 2019,19,1.000,1,True
51st Italian Teams GpA,46,1.000,1,True
51st Italian Teams GpB,45,1.000,2,True
25th Sigeman & Co 2019,8,1.000,1,True
54th Capablanca Mem Elite,6,1.000,1,True
49th Bosna Open 2019,200,1.000,2,True
5th Ordu Open 2019,69,1.000,2,True
6th Fischer Mem GM 2019,20,1.000,1,True
6th Capablanca Mem GM,20,1.000,1,True
1st Tal Mem IM 2019,20,1.000,1,True
12th Triandrias Open 2019,42,1.000,1,True
1st Easter in Corfu Open,50,1.000,2,True
Zone 4.3 2019,32,1.000,2,True
Zonal 4.4 2019,52,1.000,1,True
29th ch-SLO 2019,83,1.000,2,True
29th ch-SLO Women 2019,20,1.000,2,True
ch-DOM 2019,114,1.000,2,True
ch-GRE Juniors 2019,44,1.000,2,True
ch-LAT 2019,68,1.000,2,True
ch-LAT Women 2019,48,1.000,1,True
52nd ch-JPN 2019,64,1.000,2,True
Third Sat 110 GM 2019,10,1.000,2,True
Third Sat 114 GM 2019,10,1.000,2,True
Third Sat 115 IM 2019,10,1.000,2,True
3rd LBHM All India Rated ,109,1.000,1,True
46th Selangor Open 2019,15,1.000,1,True
Miodrag Milicevic GM 2019,20,1.000,2,True
Manisa Yunusemre IM 2019,20,1.000,2,True
TCh-FRA Top 12 w GpA,175,1.000,2,True
TCh-FRA Top 12 w GpB,178,1.000,2,True
TCh-Kosovo 2019,66,1.000,1,True
51st Italian Teams Women,29,1.000,1,True
51st Italian Teams T8,40,1.000,1,True
51st Italian Teams T9,40,1.000,1,True
TCh-RUS Premier 2019,73,1.000,1,True
TCh-RUS HL 2019,86,1.000,1,True
TCh-RUS Women 2019,57,1.000,1,True
4NCL Div 1c 2018-19,73,1.000,1,True
ch-CHN 2019,12,1.000,1,True
ch-CHN Women 2019,12,1.000,1,True
ch-POL 2019,10,1.000,1,True
ch-POL Women 2019,10,1.000,1,True
13th ch-SRB w 2019,10,1.000,1,True
ch-UZB Women 2019,10,1.000,1,True
ch-South America Junior,24,1.000,2,True
Aktogay Masters 2019,10,1.000,2,True
1st Archibald Open 2019,51,1.000,2,True
38th Mukachevo Rating IM,10,1.000,2,True
ch-Bratislava Centenary,10,1.000,2,True
Chebanenko Memorial 2019,10,1.000,1,True
Chowdhury Mem Rating 2019,27,1.000,1,True
V Concordia Open 2019,110,1.000,2,True
African Zonal 4.2 Open,49,1.000,2,True
Assaubayeva-Ibrayev Match,2,1.000,1,True
Bolton Easter 2019,22,1.000,2,True
FSGM May 2019,10,1.000,1,True
FSIM May 2019,10,1.000,1,True
Zirva Cup GM Norm 2019,10,1.000,2,True
Cretan Team Cup Final 4,16,1.000,1,True
41st POR-Cup Last 16,64,1.000,1,True
St Louis Norm Congress GM,10,1.000,2,True
St Louis Norm Congress IM,10,1.000,2,True
1st Archibald Open TB,2,1.000,2,True
17th Somov Memorial 2019,12,1.000,2,True
71st ch-MNE 2019,33,1.000,1,True
Copenhagen CC 2019,60,1.000,2,True
3rd Sat Djenovici May GM,10,1.000,2,True
ch-BLR U20 2019,10,1.000,1,True
ch-BLR U20 Women 2019,10,1.000,1,True
TCh-FRA Top 12 2019,134,1.000,1,True
St Louis Norm GM TB,2,1.000,3,False
German Masters 2019,16,1.000,1,True
German Masters Women 2019,16,1.000,1,True
37th ch-GER 2019,64,1.000,2,True
10th WLC Weekender 2019,36,1.000,1,True
Icelandic Open 2019,86,1.000,2,True
Laszlo Barczay Mem 2019,72,1.000,1,True
28th Chicago Open 2019,73,1.000,1,True
2nd 4NCL Spring Bank 2019,52,1.000,2,True
7th Marmaris Karya IM,10,1.000,2,True
Zonal 3.4 2019,25,1.000,1,True
Zonal 3.4 Women 2019,14,1.000,1,True
ch-TUN 2019,12,1.000,1,True
ch-MKD 2019,10,1.000,1,True
Bodensee Open 2019,134,1.000,1,True
Sochi GM 2019,10,1.000,2,True
FIDE Women's Candidates,28,1.000,1,True
41st Nezhmetdinov Mem,67,1.000,1,True
11th Capo d'Orso Open,36,1.000,1,True
12th KIIT Cat A Open 2019,117,1.000,1,True
2nd Bamberg Open 2019,144,1.000,2,True
Contaud Open 2019,33,1.000,1,True
Fredericia IM 2019,20,1.000,2,True
Fredericia WIM 2019,20,1.000,2,True
Ontario Open 2019,15,1.000,1,True
Guillermo Garcia Masters,20,1.000,1,True
Guillermo Garcia Mixto,50,1.000,1,True
Mitropa Cup 2019,93,1.000,1,True
Mitropa Cup Women 2019,82,1.000,1,True
White Rook RUS-IND Boys,4,1.000,1,True
TCh-NOR Club 2019,251,1.000,1,True
7th Norway Chess 2019,10,1.000,1,True
20th Karpov Poikovsky,10,1.000,1,True
18th Asian Continental,73,1.000,1,True
18th Asian Continental w,36,1.000,1,True
CCCSA Summer A GM 2019,10,1.000,2,True
CCCSA Summer B IM 2019,10,1.000,2,True
CCCSA Summer C IM 2019,10,1.000,2,True
12th Mayors Cup Open 2019,96,1.000,1,True
13th BPB Limburg Open,58,1.000,1,True
14th Angers Open 2019,70,1.000,1,True
ch-GER Youth U18 2019,27,1.000,2,True
NSW Open 2019,28,1.000,1,True
Potiguar Open 2019,42,1.000,1,True
ch-FIN 2019,15,1.000,1,True
FSGM June 2019,10,1.000,1,True
FSIM June 2019,10,1.000,1,True
6th Cattolica Open 2019,48,1.000,1,True
41st POR-Cup QF,32,1.000,1,True
Navara-Ding Match 2019,2,1.000,4,False
10th Dolomiti Open 2019,42,1.000,1,True
12th Asrian Memorial 2019,54,1.000,1,True
4th Baskent University Op,67,1.000,1,True
Japfa GM 2019,12,1.000,2,True
Japfa WGM 2019,12,1.000,2,True
National Open 2019,83,1.000,1,True
US Women's Open 2019,15,1.000,1,True
14th Teplice Open 2019,142,1.000,1,True
37th Balaton GM 2019,10,1.000,1,True
37th Balaton IM 2019,10,1.000,1,True
13th Blind International,15,1.000,1,True
4 Springare IM 2019,10,1.000,2,True
ch-CZE Women 2019,10,1.000,1,True
18th Premier League BIH,73,1.000,1,True
Netanya Masters 2019,20,1.000,1,True
Netanya Open 2019,268,1.000,1,True
St Louis Summer C,6,1.000,1,True
Asian Zonal 3.1 2019,29,1.000,2,True
ch-Nordic 2019,63,1.000,2,True
Panevezys Elite Open 2019,26,1.000,2,True
11th Carlos I Open 2019,49,1.000,1,True
29th Gros Open 2019,40,1.000,1,True
2nd Goa Open 2019,143,1.000,1,True
33rd Pula Open 2019,87,1.000,1,True
39th Mukachevo Rating IM,10,1.000,2,True
FISCA Open 2019,41,1.000,1,True
7th Norway Open 2019,39,1.000,1,True
HSG Open 2019,55,1.000,1,True
Barcelona June IM 2019,10,1.000,1,True
14th Edmonton GM 2019,10,1.000,2,True
Silver Lake Open 2019,113,1.000,2,True
19th William Addison Mem,28,1.000,1,True
1st Cattolica Weekend,34,1.000,2,True
Karel Opocensky Mem 2019,10,1.000,2,True
Frantisek Zita Mem 2019,10,1.000,2,True
16th Baltija Cup 2019,40,1.000,1,True
Mentese GM 2019,10,1.000,2,True
Mentese WGM 2019,10,1.000,2,True
CHN League Men 2019,72,1.000,1,True
CHN League Women 2019,49,1.000,1,True
Croatia GCT 2019,24,1.000,1,True
10th Danzhou GM 2019,16,1.000,1,True
ch-NED 2019,7,1.000,1,True
ch-NED w 2019,8,1.000,1,True
72nd ch-RUS HL 2019,118,1.000,1,True
72nd ch-RUS HL Women,98,1.000,1,True
ch-Commonwealth 2019,148,1.000,2,True
6th Purtichju Open 2019,61,1.000,1,True
Nis Open 2019,41,1.000,1,True
Prishtina Open 2019,67,1.000,2,True
19th IPCA WCh 2019,86,1.000,1,True
11th Lublin GM 2019,4,1.000,1,True
11th Rheinland-Pfalz Open,107,1.000,2,True
2nd Bohumin Open 2019,47,1.000,1,True
3rd Baltic Cup 2019,18,1.000,2,True
Platja d'Aro Open 2019,57,1.000,1,True
Gold Coast Open 2019,47,1.000,2,True
Lanzarote Open 2019,55,1.000,2,True
Laval Open 2019,37,1.000,2,True
North American Girls U20,18,1.000,2,True
Solta Amateur Open 2019,55,1.000,1,True
2nd Belgrade Summer GM,24,1.000,2,True
2nd Belgrade Summer IM,24,1.000,2,True
2nd Belgrade Summer IM2,20,1.000,2,True
ch-Odessa Region 2019,12,1.000,1,True
ch-USA Cadet 2019,8,1.000,2,True
37th TCh-GRE Cup Final,51,1.000,1,True
32nd Leon GM 2019,4,1.000,4,False
ch-NED TB 2019,2,1.000,2,True
ch-SWE 2019,11,1.000,1,True
Grandelius-McShane Match,2,1.000,7,False
Shaoxing Women's Open,34,1.000,1,True
94th ch-Paris IdF 2019,45,1.000,2,True
Science Park Open A 2019,45,1.000,1,True
Baku Summer Festival GM,12,1.000,2,True
Baku Summer Festival IM,12,1.000,2,True
38th St Veit Open 2019,43,1.000,1,True
39th Benasque Open 2019,73,1.000,1,True
42nd Barbera Open 2019,82,1.000,1,True
126th ch-SCO Open 2019,61,1.000,1,True
12th Paracin Summer Open,166,1.000,1,True
13th Portoroz Open 2019,59,1.000,1,True
16th South Wales Int 2019,61,1.000,2,True
Najdorf Mem Open A 2019,132,1.000,1,True
1st Saint-Quentin Open,52,1.000,1,True
21st Torredembarra Open,51,1.000,1,True
Asian Juniors 2019,21,1.000,2,True
Asian Juniors Girls 2019,23,1.000,1,True
47th Annual World Open,138,1.000,1,True
47th Annual World Open TB,2,1.000,1,True
15th Baltic Pearl Open,98,1.000,1,True
GER-AZE Women 2019,21,1.000,1,True
Ruzomberok GM 2019,20,1.000,1,True
Ruzomberok Open 2019,152,1.000,1,True
Chess House Summer IM,20,1.000,2,True
Ceske Budejovice GM 2019,20,1.000,1,True
7th Cesme Open A 2019,61,1.000,1,True
Continental Class,5,1.000,1,True
47th GM 2019,8,1.000,1,True
Sportland.NRW Youth Cup,10,1.000,1,True
13th Leiden Crown Group,10,1.000,1,True
13th Leiden Open A 2019,46,1.000,1,True
14th Poti Open 2019,46,1.000,2,True
ch-USA Junior 2019,10,1.000,1,True
ch-USA Girls 2019,10,1.000,1,True
ch-USA Senior 2019,10,1.000,1,True
ch-Africa 2019,40,1.000,1,True
ch-Africa Women 2019,20,1.000,1,True
10th Vaujany Open 2019,48,1.000,1,True
119th ch-SUI 2019,10,1.000,1,True
119th ch-SUI Masters 2019,48,1.000,1,True
119th ch-SUI Women 2019,6,1.000,2,True
12th Paleochora Open 2019,77,1.000,1,True
Polugaevsky Memorial 2019,54,1.000,1,True
1st Rey Ardid Masters,10,1.000,2,True
1st Thailand Festival,48,1.000,2,True
21st Sant Marti Open 2019,131,1.000,1,True
34th Schwarzacher Open,44,1.000,1,True
Aegean Open 2019,40,1.000,1,True
Astana Open 2019,69,1.000,1,True
Orbis 2 GM 2019,10,1.000,2,True
Orbis 2 IM 2019,10,1.000,2,True
Orbis 2 WIM 2019,10,1.000,2,True
FSGM July 2019,10,1.000,1,True
FSIM July 2019,10,1.000,1,True
ch-SWE Master Elite 2019,10,1.000,1,True
ch-SWE Junior U20 2019,10,1.000,1,True
12th New York Int 2019,24,1.000,1,True
18th Bergamo Open 2019,28,1.000,1,True
ch-CHN GpB Men 2019,71,1.000,1,True
ch-CHN GpB Women 2019,37,1.000,2,True
44th Vsetin Open 2019,70,1.000,2,True
8th Tabiya Alcoy Masters,10,1.000,2,True
Villa Tehuelches Open,36,1.000,2,True
Kibizov Memorial A 2019,10,1.000,1,True
Kibizov Memorial B 2019,10,1.000,2,True
Asian Cities Teams 2019,58,1.000,1,True
41st Portuguese Cup,18,1.000,1,True
52nd Biel GM 2019,8,1.000,1,True
52nd Biel Master Open,84,1.000,1,True
30th Czech Open A 2019,301,1.000,1,True
1st Plomari Open 2019,21,1.000,2,True
Xinqiao Cup Men 2019,2,1.000,1,True
Xinqiao Cup Women 2019,2,1.000,1,True
ch-USA Junior TB 2019,2,1.000,2,True
119th ch-SUI Masters TB,2,1.000,2,True
13th Philadelphia Int,107,1.000,2,True
29th Heart of Finland Op,33,1.000,1,True
7th Oviedo Open 2019,36,1.000,1,True
18th Condom IM 2019,10,1.000,2,True
V Xativa Open 2019,51,1.000,2,True
Zonal 2.3 Women 2019,25,1.000,2,True
22nd 4NCL Congress 2019,55,1.000,2,True
27th Klatovy Open 2019,59,1.000,1,True
Werner-Ott-Open 2019,15,1.000,1,True
39th Plunge Open 2019,35,1.000,2,True
6th Sables-d'Olonne Open,48,1.000,1,True
Third Sat 116 GM 2019,10,1.000,2,True
Third Sat 117 IM 2019,10,1.000,2,True
TCh-CHN B 2019,82,1.000,1,True
TCh-TUR Super League 2019,109,1.000,2,True
106th ch-GBR 2019,108,1.000,1,True
Belt and Road Hunan Op A,145,1.000,1,True
37th Andorra Open 2019,162,1.000,1,True
12th Arad Open 2019,156,1.000,1,True
7th Famalicao Open 2019,101,1.000,1,True
ch-GER Women's Open 2019,22,1.000,1,True
8th Washington Int 2019,35,1.000,2,True
Dutch Open 2019,104,1.000,1,True
ch-BEL 2019,20,1.000,2,True
5th Sabbiadoro Open 2019,55,1.000,2,True
45th Sitges Open 2019,76,1.000,1,True
30th Czech Open B 2019,139,1.000,1,True
30th Czech Open C 2019,113,1.000,1,True
30th Czech Tintera Open,22,1.000,1,True
27th Saint-Affrique Open,21,1.000,1,True
34th Avoine Open 2019,56,1.000,1,True
46th ch-IND w 2019,73,1.000,2,True
91st BSK 2019,21,1.000,2,True
ch-ESP U18 2019,121,1.000,2,True
5th Sueca Open 2019,54,1.000,1,True
5th Villa de Gijon Open,43,1.000,1,True
Glorney Cup 2019,30,1.000,2,True
52nd Biel ATO 2019,60,1.000,1,True
26th Abu Dhabi Masters,150,1.000,2,True
29th EY Open U18 2019,108,1.000,1,True
29th EY Girls U18 2019,72,1.000,1,True
29th EY Open U14 2019,159,1.000,1,True
29th EY Girls U16 2019,96,1.000,1,True
29th EY Open U16 2019,127,1.000,1,True
45th Badalona Open 2019,49,1.000,1,True
7th ch-Francophonie 2019,66,1.000,1,True
9th Split Open 2019,95,1.000,1,True
Hell International 2019,36,1.000,2,True
Lueneburg GM 2019,10,1.000,1,True
Lueneburg IM 2019,10,1.000,1,True
Riga Tech Open A 2019,153,1.000,1,True
Montreal Summer IM 2019,20,1.000,2,True
23rd Wasselonne Open 2019,26,1.000,1,True
12th Calgary Int 2019,13,1.000,2,True
24th Pannonia Cup 2019,53,1.000,2,True
8th Gumerov Memorial 2019,10,1.000,2,True
Chess Day IM 2019,10,1.000,1,True
5th l'EFE Metz IM 2019,10,1.000,2,True
8th Marmaris Karya IM,20,1.000,2,True
28th TCh-MKD 2019,67,1.000,1,True
72nd ch-RUS 2019,12,1.000,1,True
69th ch-RUS w 2019,12,1.000,1,True
Belt and Road Hunan Op C,262,1.000,2,True
CZECH IT mate! 2019,2,1.000,2,True
17th Spilimbergo Open,68,1.000,1,True
1st Athens of the East Op,94,1.000,1,True
7th Pontevedra Open 2019,38,1.000,1,True
Barcelona August IM 2019,10,1.000,1,True
Bruges Masters 2019,57,1.000,1,True
Dresden Open 2019,31,1.000,1,True
FSGM August 2019,10,1.000,1,True
FSIM August 2019,10,1.000,1,True
La Palma Island Open 2019,46,1.000,1,True
SS Manhem GM 2019,10,1.000,2,True
SS Manhem IM 2019,10,1.000,2,True
Battle of Boyaca 200 Open,62,1.000,2,True
Iuliu Szabo Memorial 2019,88,1.000,2,True
ONJK Group A 2019,31,1.000,2,True
ch-Panamerican U20 2019,51,1.000,2,True
ch-ALG 2019,16,1.000,2,True
VII Quart de Poblet Open,45,1.000,1,True
Wroclaw Open 2019,69,1.000,2,True
6th Prague Summer Open,90,1.000,1,True
3rd Irena Warakomska Mem,97,1.000,2,True
28th Kavala Open 2019,76,1.000,1,True
7th Sinquefield Cup 2019,12,1.000,1,True
94th ch-FRA 2019,10,1.000,1,True
ch-FRA w 2019,10,1.000,1,True
ch-FRA Accession 2019,33,1.000,1,True
80th ch-ARM 1st League,14,1.000,1,True
23rd Copa Mercosur 2019,10,1.000,1,True
28th Feffernitz Open 2019,69,1.000,1,True
BSSZ Aranytiz GM 2019,10,1.000,1,True
BSSZ Aranytiz IM 2019,10,1.000,1,True
Lviv Cup 2019,67,1.000,1,True
Portuguese Masters 2019,10,1.000,2,True
Stare Mesto Open 2019,54,1.000,1,True
Vienna Open 2019,188,1.000,1,True
ch-UAE 2019,14,1.000,1,True
20th Miquel Mas Open 2019,38,1.000,1,True
Tirnavia Retiho Mem 2019,10,1.000,2,True
16th Malaysian Open 2019,15,1.000,1,True
22nd Olomouc GM 2019,10,1.000,2,True
22nd Olomouc IM1 2019,10,1.000,2,True
22nd Olomouc IM2 2019,10,1.000,2,True
22nd Olomouc Open 2019,45,1.000,1,True
7th ch-Iberoamericano,93,1.000,1,True
Helsinki U20 2019,10,1.000,2,True
Helsinki Seniors 2019,10,1.000,2,True
Helsinki Girls 2019,10,1.000,2,True
Josef Kupper Mem 2019,58,1.000,2,True
V Copel Masters Open 2019,57,1.000,2,True
ch-CAN Junior 2019,21,1.000,2,True
40th Mukachevo Rating IM,10,1.000,2,True
Stockholm Open 2019,12,1.000,1,True
49th Continental Open,47,1.000,2,True
120th US Open Seniors,16,1.000,1,True
120th US Open Denker,21,1.000,1,True
120th US Open Barber K8,19,1.000,1,True
120th US Op Haring Girls,15,1.000,1,True
217th YMCA Summer A 2019,16,1.000,1,True
69th ch-RUS w TB 2019,2,1.000,3,False
94th ch-FRA TB 2019,2,1.000,4,False
ch-FRA w TB 2019,2,1.000,2,True
3rd Hyderabad Open 2019,94,1.000,1,True
Skalica Open 2019,40,1.000,2,True
1st Welsh Masters 2019,10,1.000,2,True
13th Hum na Sutli Open,56,1.000,1,True
3rd Aftab Cup Open 2019,30,1.000,1,True
19th Brasschaat Open 2019,58,1.000,1,True
US Chess Masters 2019,87,1.000,2,True
US Chess Masters TB 2019,4,1.000,1,True
Van Wely-Nguyen Classical,2,1.000,1,True
Werle-Kriebel Classical,2,1.000,1,True
53rd Mislata Open 2019,27,1.000,2,True
Serbian League 2019,154,1.000,1,True
TCh-ESP 2nd Div 2019,185,1.000,1,True
7th Sinquefield Cup TB,2,1.000,4,False
21st Trieste Open 2019,81,1.000,1,True
2nd San Cristobal Open,93,1.000,1,True
85th Southwest Open 2019,111,1.000,2,True
DCCA Ron Bruce Premier,39,1.000,2,True
St Petersburg GM 2019,10,1.000,1,True
1st Sivas Open 2019,36,1.000,2,True
21st Sants Open 2019,260,1.000,1,True
Wuerttemberg IM 2019,20,1.000,2,True
ch-ENG Women 2019,44,1.000,2,True
3rd Agios Nikolaos 2019,80,1.000,1,True
3rd Innsbruck Open 2019,107,1.000,2,True
5th Manojlovica Mem 2019,10,1.000,2,True
Istanbul Open 2019,84,1.000,1,True
Open ch-MKD 2019,29,1.000,2,True
Ricany Open A 2019,67,1.000,2,True
23rd Vicente Lopez 2019,10,1.000,1,True
TCh-POL Ekstraliga 2019,134,1.000,1,True
TCh-ESP Div 1 2019,104,1.000,1,True
27th Heraklion Open 2019,66,1.000,1,True
China zt 3.5 Women 2019,24,1.000,2,True
MGL-HUN Friendship Cup,6,1.000,2,True
ch-POR 2019,10,1.000,2,True
1st Niteroi Chess Open,106,1.000,2,True
Balaton Summer's End GM,20,1.000,2,True
Balaton Summer's End IM,20,1.000,2,True
Go-Makkah Open 2019,16,1.000,2,True
23rd Cesenatico Open 2019,35,1.000,1,True
Northumbria Masters 2019,54,1.000,2,True
Skolkovo WGP 2019,12,1.000,1,True
St Louis Fall A 2019,10,1.000,1,True
16th Avicenna Open 2019,45,1.000,1,True
1st Lakecity Open 2019,101,1.000,1,True
ch-Vienna State 2019,10,1.000,1,True
7th Fischer Mem GM 2019,10,1.000,1,True
7th Capablanca Mem GM,10,1.000,1,True
1st Lasker Mem GM 2019,10,1.000,1,True
2nd Tal Mem IM 2019,10,1.000,1,True
Arisan Chess Ladies WGM,6,1.000,2,True
Arisan Chess Ladies WIM,10,1.000,2,True
FSGM September 2019,10,1.000,1,True
FSIM September 2019,10,1.000,1,True
25th Cutro Open 2019,20,1.000,2,True
City of Dublin Masters,35,1.000,2,True
Hans Wild Tournament 2019,6,1.000,2,True
Montreal Open 2019,26,1.000,2,True
Toronto Open Crown 2019,35,1.000,2,True
SCO Open 2019,53,1.000,1,True
2nd Gujarat Open 2019,139,1.000,1,True
Gaprindashvili Cup 2019,45,1.000,1,True
94th ch-ARG 2019,12,1.000,1,True
Baku Open 2019,60,1.000,1,True
Blansko Chess Masters,10,1.000,1,True
Fuerteventura w Masters,10,1.000,2,True
Satka Autumn 2019,47,1.000,1,True
1st Mutxamel IM 2019,10,1.000,2,True
TCh-EUR Senior +50 2019,59,1.000,1,True
TCh-EUR Senior +65 2019,70,1.000,1,True
TCh-ROU 1st League 2019,78,1.000,1,True
TCh-ROU Div A 2019,66,1.000,1,True
24th City of Barcelona Op,108,1.000,1,True
Tatry Open 2019,183,1.000,1,True
ch-MGL 2019,12,1.000,2,True
ch-MGL Women 2019,12,1.000,2,True
POR Associations Cup 2019,17,1.000,1,True
TCh-ESP Div Honor 2019,100,1.000,1,True
28th TCh-CRO Div 1a 2019,131,1.000,1,True
28th TCh-CRO Div 1b 2019,136,1.000,1,True
28th TCh-CRO Women 2019,90,1.000,2,True
Almaty Open 2019,36,1.000,2,True
Chigorin Memorial 2019,344,1.000,1,True
PAR Torneo de Campeones,10,1.000,2,True
World Youth Open U18 2019,53,1.000,1,True
World Youth Girl U18 2019,46,1.000,1,True
World Youth Open U16 2019,54,1.000,1,True
World Youth Girl U16 2019,48,1.000,1,True
World Youth Open U14 2019,60,1.000,1,True
World Youth Girl U14 2019,51,1.000,1,True
12th Maria Albulet Mem,16,1.000,2,True
41st Mukachevo Rating IM,10,1.000,2,True
Lichtenrader Herbst 2019,46,1.000,1,True
Zuoz Open 2019,21,1.000,1,True
ch-UKR Semi-Final 2019,22,1.000,1,True
ch-Midwest Collegiate,16,1.000,2,True
ch-Midwest Collegiate TB,2,1.000,2,True
Momcilo Gvozednovic Mem,10,1.000,2,True
FSGM October 2019,10,1.000,1,True
FSIM October 2019,10,1.000,1,True
Banja Luka Challenge 1,7,1.000,2,True
TCh-AUT 2019-20,169,1.000,1,True
TCh-CZE Extraliga 2019-20,400,1.000,1,True
58th World Juniors 2019,94,1.000,2,True
37th World Junior Girls,94,1.000,2,True
23rd Hoogeveen Matches,4,1.000,1,True
Braunschweig CC 150 Jahre,10,1.000,2,True
Haarlem Masters 2019,10,1.000,1,True
Liffre Open 2019,20,1.000,1,True
18th Menton Open 2019,30,1.000,1,True
4 Springare Autumn IM,10,1.000,2,True
45th Guernsey Open 2019,42,1.000,1,True
Targu Mures Open 2019,51,1.000,1,True
23rd 4NCL Congress 2019,42,1.000,2,True
10th Marmaris Karya IM,10,1.000,2,True
22nd European Teams,386,1.000,1,True
22nd European Teams Women,312,1.000,1,True
23rd OIBM 2019,333,1.000,1,True
13th Figueira da Foz Open,86,1.000,2,True
1st Cyprus Int Open 2019,77,1.000,1,True
Romanian Open 2019,67,1.000,2,True
Uppsala GM 2019,10,1.000,2,True
Harrachov Open 2019,30,1.000,2,True
23rd Hoogeveen Final 4,4,1.000,1,True
14th Deizisau Autumn Open,40,1.000,1,True
7th Piala Radja FM 2019,10,1.000,2,True
Aksu Masters 2019,10,1.000,1,True
Copa Meranol Saci IM 2019,10,1.000,2,True
Portuguese Supercup 2019,8,1.000,1,True
29th TCh-SLO West 2019,146,1.000,1,True
Karpov Trophy Final 2019,6,1.000,6,False
Hull 4NCL GM 2019,20,1.000,2,True
Hull 4NCL Open 2019,38,1.000,2,True
10th Hradec Kralove Open,117,1.000,1,True
4th ch-ASEAN 2019,36,1.000,2,True
4th ch-ASEAN Women 2019,45,1.000,2,True
4th Paytakht Cup 2019,44,1.000,1,True
TCh-NOR Elite 2019-20,207,1.000,1,True
TCh-NOR Ostland Div 1,5,1.000,1,True
Superbet TB 2019,2,1.000,2,True
St Louis Winter A 2019,10,1.000,1,True
St Louis Winter B 2019,10,1.000,1,True
35th ECC Open 2019,434,1.000,1,True
35th ECC Women 2019,66,1.000,1,True
45th SAIF POWERTEC ch-BAN,30,1.000,1,True
26th Venetian Autumn 2019,18,1.000,2,True
ch-IRI Semi-Final 2019,30,1.000,1,True
ch-IRI Women 2019,12,1.000,2,True
9th Brno Open 2019,62,1.000,1,True
FSGM November 2019,10,1.000,1,True
FSIM November 2019,9,1.000,1,True
FSFM November 2019,6,1.000,1,True
World Senior 50+ w 2019,20,1.000,1,True
World Senior 65+ w 2019,15,1.000,1,True
84th ch-ESP 2019,115,1.000,1,True
Konyaalti Open 2019,42,1.000,2,True
Timbues Open 2019,47,1.000,1,True
ch-Cearense 2019,20,1.000,1,True
I Machado de Assis Open,74,1.000,1,True
2nd Ivy League Challenge,24,1.000,2,True
79th ch-ITA 2019,24,1.000,1,True
69th ch-GRE 2019,10,1.000,1,True
42nd ch-GRE Women 2019,10,1.000,1,True
ch-TUR 2019,22,1.000,1,True
St Louis Inv GM 2019,10,1.000,2,True
St Louis Inv IM 2019,10,1.000,2,True
World Champions Group,10,1.000,1,True
ch-POL U20 2019,47,1.000,2,True
ch-POL U20 Women 2019,18,1.000,2,True
GM Duel Nguyen vs Priasmo,2,1.000,2,True
Nov Lviv Tradition IM,10,1.000,2,True
103rd ch-Marshall CC 2019,10,1.000,2,True
103rd ch-Marshall CC TB,3,1.000,3,False
15th Ugra Governor's Cup,44,1.000,2,True
ch-PAR 2019,10,1.000,1,True
Bundesliga 2019-20,599,1.000,2,True
18th Iranian Super League,60,1.000,1,True
58th TCh-DEN Ex 2019-20,391,1.000,1,True
79th ch-ITA Women 2019,16,1.000,1,True
79th ch-ITA U20 2019,16,1.000,1,True
Szmetan-Giardelli Super,12,1.000,1,True
16th Vasylyshyn GM,20,1.000,1,True
75th Nis CC GM 2019,20,1.000,1,True
Tournament of Peace 2019,12,1.000,1,True
St Louis Inv GM TB 2019,2,1.000,3,False
Selfoss Open 2019,19,1.000,1,True
35th Voivoda Cup 2019,20,1.000,2,True
Bionext Chihuahua Open,67,1.000,2,True
7th Contrecoeur Open 2019,17,1.000,2,True
Banff Open 2019,24,1.000,1,True
Marshall Fall IM 2019,10,1.000,2,True
Dutch League 2019-20,378,1.000,1,True
79th ch-ITA 3rd-4th TB,2,1.000,4,False
79th ch-ITA Women 2-3 TB,2,1.000,2,True
79th ch-ITA 2nd-5th U20,3,1.000,3,False
Monaco WGP 2019,12,1.000,1,True
Szmetan-Giardelli ITT GM,12,1.000,1,True
4th Krunoslav Hulak Mem,63,1.000,1,True
III Duchamp Int Open 2019,71,1.000,1,True
9th Holuj-Radzikowska,12,1.000,1,True
FSIM December 2019,10,1.000,1,True
Russian Cup Final w 2019,8,1.000,1,True
ch-RSA 2019,12,1.000,1,True
Yosef Dobkin Mem 2019,20,1.000,1,True
1st SAARC Open 2019,145,1.000,1,True
Rigochess IM 2019,20,1.000,2,True
CCCSA Fall GM 2019,20,1.000,2,True
CCCSA Fall IM 2019,20,1.000,2,True
AICF WGM 2019,12,1.000,2,True
Orbis 3 GM 2019,10,1.000,2,True
Orbis 3 IM 2019,10,1.000,2,True
Third Sat 121 Mix 2019,32,1.000,2,True
Third Sat 122 GM 2019,10,1.000,2,True
Third Sat 123 IM 2019,10,1.000,2,True
ch-PHI 2019,11,1.000,2,True
6th Johor Open 2019,63,1.000,2,True
8th Palmanova Open 2019,22,1.000,2,True
Sunway Sitges Open 2019,244,1.000,1,True
68th ch-HUN 2019,16,1.000,3,False
57th ch-IND 2019,105,1.000,1,True
88th ch-UKR 2019,10,1.000,1,True
79th ch-UKR Women 2019,10,1.000,1,True
Aarhus Chess House GM Dec,10,1.000,2,True
XXIX Elgoibar GM 2019,10,1.000,2,True
11th Penang Open 2019,111,1.000,2,True
Orbis 4 GM 2019,10,1.000,2,True
Orbis 4 IM 2019,10,1.000,2,True
2nd Citta di Imola Open,34,1.000,2,True
Lidums AUS YM 2019,10,1.000,2,True
4th Rome City Masters,20,1.000,1,True
Skopje Open 2019,72,1.000,2,True
ch-Paranaense 2019,29,1.000,2,True
19th Deaf Olympiad Team,48,1.000,1,True
FIDE Disabled Cup 2019,30,1.000,1,True
TCh-BAN Premier 2019,65,1.000,1,True
57th Groningen Open 2019,64,1.000,1,True
Tri Kralja Closed 2019,10,1.000,2,True
ch-UAE President Cup 2019,18,1.000,1,True
6th Arica Open 2019,28,1.000,1,True
1st Barreau de Paris GM,10,1.000,2,True
2nd Ferreira do Alentejo,22,1.000,2,True
Yinzhou Cup Women 2019,4,1.000,4,False
Dnipro Head Cup GM 2019,10,1.000,2,True
I Juan Santamaria GpA,10,1.000,2,True
Radnickichess IM 2019,10,1.000,1,True
Central Am. Caribbean U20,21,1.000,2,True
December Evenings A 2019,10,1.000,1,True
December Evenings B 2019,10,1.000,1,True
Hastings Masters 2019-20,241,1.000,1,True
49th Rilton Cup 2019-20,232,1.000,1,True
20th Litomysl Open,52,1.000,1,True
28th Donau Open 2019,42,1.000,1,True
30th Cracovia Open A,129,1.000,2,True
3rd Schilcherland Open,56,1.000,1,True
CCCSA Holiday GM 2019,10,1.000,2,True
CCCSA Holiday IM 2019,10,1.000,2,True
Przepiorki Mem 2019,55,1.000,2,True
Montebelluna Dec 2019,34,1.000,2,True
XXXVIII Zamenhofa Mem,39,1.000,2,True
43rd Zurich Christmas,40,1.000,1,True
University Challenge 2019,2,1.000,1,True
10th Arco Christmas Open,30,1.000,2,True
29th Erfurt Master Open,68,1.000,1,True
8th Lorca Open 2019,59,1.000,2,True
29th North American Open,64,1.000,1,True
IM Donaldson Championship,23,1.000,2,True
TCh-GER Junior U20 2019,98,1.000,2,True
WCh Women 2020,2,1.000,1,True
10th Sharjah Women's Cup,75,1.000,1,True
25th Bosnjaci Open,64,1.000,1,True
42nd White Tower Open,48,1.000,2,True
5th IIFL Wealth Mumbai Op,224,1.000,1,True
ch-AUS 2020,21,1.000,1,True
Reykjavik Congress 2020,100,1.000,1,True
32nd Staufer-Open 2020,137,1.000,2,True
37th Untergrombach Open,47,1.000,1,True
Irish New Year Norm IM1,10,1.000,2,True
Irish New Year Norm IM2,10,1.000,2,True
Basel Masters 2020,42,1.000,1,True
Charlotte Open 2020,60,1.000,2,True
Obro New Year 2019,44,1.000,1,True
16th Vandoeuvre Open 2019,28,1.000,1,True
4th Excelsior Palace Open,9,1.000,1,True
Karlstad Open 2019,34,1.000,2,True
ch-Lower Saxony 2020,25,1.000,2,True
Montebelluna Elite 2020,36,1.000,2,True
16th Schachtuerken Cup,22,1.000,1,True
82nd Tata Steel GpA,14,1.000,1,True
82nd Tata Steel GpB,14,1.000,1,True
2nd Binhai Cup 2020,79,1.000,2,True
80th ch-ARM 2020,10,1.000,1,True
75th ch-ARM w 2020,10,1.000,1,True
18th Delhi Open 2020,128,1.000,1,True
19th Prague Open 2020,75,1.000,1,True
Xtracon Invite Chess 2020,10,1.000,2,True
59th ch-BRA Women 2020,8,1.000,2,True
2nd Caissa Guatemala Open,37,1.000,1,True
V.E. Raev Memorial 2020,10,1.000,2,True
4NCL Div 1a 2019-20,212,1.000,1,True
4NCL Div 1b 2019-20,218,1.000,1,True
82nd Tata Steel Qualifier,10,1.000,1,True
12th Chennai Open 2020,111,1.000,1,True
19th Marienbad IMB1 2020,10,1.000,2,True
19th Marienbad IMB2 2020,10,1.000,2,True
CCCSA Winter GM 2020,10,1.000,2,True
CCCSA Winter IM 2020,10,1.000,2,True
Lozovatsky Mem A 2020,10,1.000,1,True
Orsha GM 2020,10,1.000,2,True
Orsha IM 2020,10,1.000,2,True
Third Sat 125 IM 2020,10,1.000,2,True
ch-IRI 2020,12,1.000,2,True
20th Raciborz Open 2020,32,1.000,1,True
114th Ann. Club Argentino,10,1.000,2,True
46th Eastern Open 2019,37,1.000,2,True
WCh Women TB 2020,2,1.000,4,False
16th Moscow Open A 2020,416,1.000,1,True
16th Moscow Open Women,226,1.000,1,True
25th HIT Open 2020,114,1.000,2,True
Lozovatsky Mem B 2020,10,1.000,1,True
Le Blanc et Noir GpA 2020,19,1.000,2,True
PNWCC Open MLK Master,16,1.000,2,True
XII Bela Perenyi Mem 2020,10,1.000,1,True
Gibraltar Masters TB 2020,4,1.000,5,False
Paracin Winter IM 2020,20,1.000,2,True
ch-MDA 2020,19,1.000,1,True
ch-MDA Women 2020,20,1.000,1,True
ch-TUN 2020,11,1.000,2,True
ch-BLR 1st 2020,52,1.000,1,True
ch-BLR 1st Women 2020,24,1.000,1,True
2nd Cairns Cup 2020,10,1.000,1,True
Hillerod 100th Ann. WIM,10,1.000,2,True
Hillerod 100th Ann. Open,35,1.000,1,True
30 Opawskie Mountains Cup,10,1.000,2,True
4th Marcel Duchamp Cup,107,1.000,2,True
FSGM February 2020,10,1.000,1,True
FSIM February 2020,10,1.000,1,True
28th Fajr Open 2020,17,1.000,1,True
Third Sat 125 GM Special,10,1.000,2,True
Third Sat 126 IM 2020,10,1.000,2,True
40th TCh-IND 2020,104,1.000,1,True
2nd Prague Masters 2019,10,1.000,1,True
2nd Prague Challengers,10,1.000,1,True
2nd Prague Futures,10,1.000,1,True
Go-Makkah Masters 2020,10,1.000,2,True
Graz Open A 2020,176,1.000,2,True
13th Gora Sw. Anny Open,12,1.000,2,True
18th Caspian Cup 2020,47,1.000,1,True
Utrecht Masters 2020,10,1.000,1,True
2nd Compostela Masters,10,1.000,2,True
Rigochess Feb GM 2020,10,1.000,1,True
Rigochess Feb IM 2020,10,1.000,1,True
19th Burgdorf Open 2020,49,1.000,1,True
24th 4NCL Congress 2020,30,1.000,2,True
Third Sat 127 Mix 2020,25,1.000,2,True
2nd Bundesliga Nord 19-20,333,1.000,1,True
2nd Bundesliga Sud 19-20,316,1.000,1,True
2nd Bundesliga Ost 19-20,334,1.000,1,True
4NCL Div 2a 2019-20,210,1.000,1,True
4NCL Div 2b 2019-20,215,1.000,1,True
Aeroflot Open A 2020,97,1.000,1,True
2nd Prague Masters 2020,10,1.000,1,True
2nd Prague Masters TB,2,1.000,2,True
12th Batavia GM 2020,18,1.000,1,True
WWRR IM 2020,10,1.000,2,True
WWRR B 2020,10,1.000,2,True
19th Rochefort Open 2020,29,1.000,1,True
ch-URU Semi-Final 2020,46,1.000,2,True
36th Cappelle Open 2020,65,1.000,1,True
Kragero Resort Chess 2020,82,1.000,2,True
ch-Oregon 2020,10,1.000,2,True
Third Sat 128 GM 2020,10,1.000,2,True
Sretenje 2020,6,1.000,2,True
34th Cannes Open 2020,38,1.000,1,True
ch-CHI 2020,11,1.000,2,True
57th ch-CUB 2020,12,1.000,1,True
ch-CUB Women 2020,24,1.000,1,True
Lausanne WGP 2020,12,1.000,1,True
20th Mediterranean Flower,10,1.000,2,True
Marshall GM Norm 2020,20,1.000,2,True
Marshall IM Norm 2020,20,1.000,2,True
Elevate My Chess Feb IM,10,1.000,2,True
ch-SRB Semi-Final 2020,80,1.000,2,True
ch-SRB SF Women 2020,24,1.000,2,True
95th ch-ARG Semi-Final,163,1.000,1,True
6th Vardaris Open 2020,123,1.000,2,True
20th Liberec Open 2020,66,1.000,1,True
ch-CHI Women 2020,10,1.000,1,True
6th Nutcracker Classical,8,1.000,1,True
52nd Belgrade WGM 2020,10,1.000,1,True
ch-AZE w 2020,10,1.000,1,True
Montreal Winter IM 2020,10,1.000,2,True
1st ITT FENAMAC GpA 2020,20,1.000,2,True
Bicaz City Cup 2020,92,1.000,1,True
Arab Cities 2020,27,1.000,1,True
2nd ITT FENAMAC GpA 2020,10,1.000,2,True
2nd ITT FENAMAC GpB 2020,10,1.000,2,True
Boardwalk Pearson IM 2020,6,1.000,2,True
ch-BLR Junior 2020,10,1.000,1,True
ch-BLR u20 Women 2020,4,1.000,1,True
FSGM March 2020,10,1.000,1,True
4th ChessMates Murmansk,58,1.000,2,True
4th New Chess Brains GM,10,1.000,2,True
54th Begonia Open 2020,25,1.000,1,True
Brazil Caxambu Open 2020,67,1.000,2,True
Brazil Catanduva Op 2020,43,1.000,2,True
Jorge Luis Borges Mem,10,1.000,2,True
ch-POL U18 2020,40,1.000,2,True
ch-POL U16 2020,50,1.000,2,True
84th ch-BUL 2020,36,1.000,1,True
FIDE Candidates 2020,16,1.000,1,True
Zonal 4.2 Ch. 2020,13,1.000,1,True
36th ChessOrg Open,99,1.000,1,True
Petah Tikva Winter GM,20,1.000,1,True
Petah Tikva Winter IMA,30,1.000,1,True
Mestarit Areenalla 2020,12,1.000,1,True
Offerspill Invitational,29,1.000,1,True
Pal Benko Mem IM 2020,10,1.000,1,True
ch-CRO 2020,12,1.000,1,True
Riga Summer Open 2020,28,1.000,1,True
16th Baltic Pearl Open,34,1.000,1,True
16th Baltic Pearl IM,20,1.000,1,True
Kveinys Mem Open 2020,60,1.000,2,True
GM Clarion Congress GM,10,1.000,1,True
Aegean Open 2020,31,1.000,1,True
40th Plunge Open 2020,37,1.000,2,True
FSIM July 2020,10,1.000,1,True
Stepan Avagyan Mem 2020,10,1.000,1,True
Orbis July GM 2020,10,1.000,2,True
54th Ilmar Raud Mem 2020,33,1.000,1,True
45th Vsetin Open 2020,70,1.000,2,True
Chess Challenge 4 2020,4,1.000,2,True
13th Paleochora Open 2020,55,1.000,1,True
3rd Bohumin Open 2020,65,1.000,1,True
Open Desko Liberec 2020,42,1.000,1,True
17th Sea Festival A 2020,29,1.000,1,True
24th Battle of Senta Open,29,1.000,2,True
13th Paracin Summer Open,72,1.000,2,True
Valencian Community 2020,8,1.000,2,True
29th TCh-CRO Junior 2020,51,1.000,2,True
53rd Biel GMT 2020,8,1.000,1,True
Paul Keres Mem WIM  2020,20,1.000,2,True
ITT Valencia Bressol 2020,10,1.000,1,True
Copenhagen CC 2020,10,1.000,2,True
77th ch-GEO w 2020,10,1.000,1,True
Copenhagen CC IM 2020,10,1.000,2,True
7th Prague Summer Open,125,1.000,1,True
7th Prague Summer Match,2,1.000,1,True
4th Irena Warakomska Mem,33,1.000,2,True
ch-POL Women 2020,10,1.000,1,True
ch-EST 2020,10,1.000,1,True
ch-EST Women 2020,9,1.000,1,True
Majstrovstva SR GM 2020,10,1.000,1,True
18th Spilimbergo Open,39,1.000,1,True
23rd Pirc Memorial 2020,10,1.000,2,True
ch-GEO Junior U20 2020,28,1.000,1,True
ch-GEO Junior Women U20,19,1.000,1,True
Wroclaw Open 2020,31,1.000,2,True
Barcelonca GM Tarde 2020,10,1.000,1,True
Barcelonca IM Manana 2020,10,1.000,1,True
ch-Odessa Region 2020,20,1.000,1,True
ch-IRL 2020,33,1.000,1,True
6th Sabbiadoro Open 2020,33,1.000,2,True
TJ Spartak-Navara simul,9,1.000,1,True
56th Rubinstein Mem,55,1.000,1,True
German Masters 2020,8,1.000,1,True
German Masters Women 2020,8,1.000,1,True
ch-GER DEM 2020,34,1.000,2,True
Barcelona Aug GM 2020,10,1.000,1,True
Santo Tirso IM 2020,10,1.000,2,True
ch-BEL 2020,10,1.000,1,True
ch-POL Women TB 2020,2,1.000,2,True
3rd QCP Open & Fort Worth,14,1.000,2,True
BSSZ Aranytiz GM 2020,10,1.000,1,True
BSSZ Aranytiz IM 2020,10,1.000,1,True
ch-CZE 2020,76,1.000,1,True
Calliditas Open 2020,61,1.000,2,True
ch-ISL 2020,10,1.000,1,True
Skalica Open Masters 2020,10,1.000,2,True
Skalica Open 2020,65,1.000,2,True
CCCSA Summer GM 2020,10,1.000,2,True
CCCSA Summer IM 2020,10,1.000,2,True
Ustron Open A 2020,65,1.000,3,False
ch-GER DEM Women 2020,23,1.000,2,True
Barcelona Aug IM 2020,9,1.000,1,True
ch-ESP U18 2020,86,1.000,2,True
22nd Trieste Open 2020,37,1.000,1,True
1st Sergiy Shystarev Mem,65,1.000,2,True
TCh-POL Ekstraliga 2020,132,1.000,1,True
85th ch-ESP 2020,195,1.000,1,True
ch-POR 2020,10,1.000,2,True
Panchenko Mem Open A 2020,125,1.000,1,True
ch-Mineiro Classico Abs,37,1.000,2,True
2nd Mutxamel IM 2020,20,1.000,2,True
7th Cattolica Open 2020,51,1.000,1,True
Pal Benko Mem Int GM 2020,20,1.000,2,True
Pal Benko Mem Int IM 2020,20,1.000,2,True
4th Innsbruck Open 2020,88,1.000,1,True
Talent Meets Experience,23,1.000,1,True
EtVaS CC Round Robin 2020,6,1.000,2,True
Laszlo Barczay Mem 2020,53,1.000,1,True
ch-CRO w 2020,16,1.000,2,True
ch-LAT 2020,23,1.000,1,True
ch-LAT Women 2020,16,1.000,1,True
Riga Open 2020,21,1.000,1,True
Offerspill Nordic Inv,33,1.000,1,True
TCh-ESP CECLUB Div2 2020,147,1.000,1,True
TCh-POL 1st League 2020,70,1.000,1,True
ch-Moscow Final w 2020,8,1.000,1,True
72nd ch-MNE 2020,37,1.000,2,True
ch-SRI 2020,14,1.000,2,True
ch-POR Women 2020,11,1.000,2,True
30th ch-SLO 2020,71,1.000,2,True
ch-CZE Women 2020,10,1.000,1,True
70th TCh-BUL 2020,35,1.000,1,True
31st Czech Open E 2020,114,1.000,1,True
Primorsko Open 2020,44,1.000,1,True
Reykjavik CC Autumn 2020,20,1.000,1,True
Mendrisio Open 2020,19,1.000,1,True
FSIM September 2020,10,1.000,1,True
Thessaloniki Cup Final 4,22,1.000,1,True
CZE-POL Match 2020,10,1.000,1,True
11th Dolomiti Open 2020,43,1.000,2,True
13th Arad Open 2020,46,1.000,1,True
31st Czech Open A 2020,115,1.000,2,True
FSGM August 2020,10,1.000,1,True
FSIM August 2020,10,1.000,1,True
TCh-SRB Premier 2020,171,1.000,2,True
8th Norway Chess 2020,6,1.000,1,True
1st Chartres GM 2020,20,1.000,2,True
78th ch-Urals 2020,56,1.000,1,True
93rd ch-St Petersburg,20,1.000,1,True
88th ch-St Petersburg W,16,1.000,1,True
Tatry Open 2020,91,1.000,2,True
ch-TUN Subsidiaire 2020,30,1.000,1,True
CCCSA Fall GM 2020,20,1.000,2,True
CCCSA Fall IM 2020,20,1.000,2,True
Fagernes GM Open 2020,48,1.000,2,True
TCh-ESP Div Honor 2020,54,1.000,1,True
TCh-ESP Div 1 2020,57,1.000,1,True
ch-DEN 2020,10,1.000,1,True
GMT Banicky kahanec 2020,10,1.000,1,True
FSGM October 2020,10,1.000,1,True
FSIM October 2020,10,1.000,1,True
84th ch-BLR 2020,7,1.000,1,True
64th ch-BLR w 2020,7,1.000,1,True
Rigochess Oct IM 2020,10,1.000,1,True
42nd Arco Open 2020,104,1.000,1,True
Barcelona October IM 2020,10,1.000,1,True
Satka Autumn 2020,30,1.000,1,True
ch-FAI 2020,8,1.000,2,True
ch-ALB 2020,8,1.000,1,True
Bassano October Open 2020,30,1.000,1,True
Rigochess Oct GM 2020,10,1.000,1,True
TCh-SRB Premier w 2020,115,1.000,2,True
Tegernsee Masters 2020,19,1.000,1,True
ch-KOS 2020,54,1.000,1,True
ch-FAI TB 2020,2,1.000,4,False
12th Lublin GM 2020,8,1.000,2,True
Third Sat 143 Mix 2020,18,1.000,2,True
US Class Master 2020,36,1.000,3,False
Pirot IM 2020,20,1.000,2,True
Krk Golden Island Open,29,1.000,2,True
27th BIH Teams A 2020,113,1.000,2,True
13th Montalvo Mem Closed,10,1.000,2,True
ch-TUR 2020,10,1.000,1,True
Third Sat 144 Mix 2020,20,1.000,2,True
TCh-RUS Premier 2020,74,1.000,1,True
TCh-RUS Women 2020,60,1.000,1,True
89th ch-UKR 2020,34,1.000,1,True
ch-LTU 2020,10,1.000,2,True
ch-LTU w 2020,11,1.000,2,True
1st Magistral Barbera,10,1.000,1,True
FSGM November 2020,10,1.000,1,True
FSIM November 2020,10,1.000,1,True
Third Sat 146 Mix 2020,21,1.000,2,True
53rd ch-JPN 2020,55,1.000,2,True
FEDA Int Scheveningen,20,1.000,1,True
FEDA Int GM 2020,20,1.000,1,True
FEDA Int IM 2020,20,1.000,1,True
FEDA Int WGM 2020,20,1.000,1,True
34th Belgrade Trophy,91,1.000,1,True
ch-POL U20 2020,146,1.000,2,True
ch-POL U20 Women 2020,62,1.000,2,True
CCCSA Thanksgiving GM,10,1.000,2,True
CCCSA Thanksgiving IM,10,1.000,2,True
Bassano Nov Weekend 2020,30,1.000,1,True
Mukachevo Young Talents,6,1.000,2,True
Third Sat 155 Mix 2020,11,1.000,2,True
ch-Kumania 2020,12,1.000,2,True
70th ch-RUS w 2020,12,1.000,1,True
25th Magistral Barcelona,10,1.000,1,True
14th ch-SRB 20120,10,1.000,2,True
14th ch-SRB w 2020,10,1.000,2,True
80th ch-UKR Women 2020,20,1.000,1,True
Oleksandr Stadnyk Mem,12,1.000,2,True
7th Sunway Sitges 2020,136,1.000,1,True
ch-RUS Junior 2020,10,1.000,1,True
ch-RUS Junior Girls 2020,10,1.000,1,True
COL Tierra de Atletas-B,11,1.000,2,True
Kazakhstan Cup 2020,12,1.000,2,True
Kazakhstan Cup Women,10,1.000,2,True
FSIM December 2020,10,1.000,1,True
ch-COL 2020,12,1.000,2,True
ch-COL Women 2020,12,1.000,2,True
3rd Citta di Imola Open,32,1.000,1,True
70th ch-RUS w TB 2020,2,1.000,3,False
North Am Junior Girls U20,53,1.000,1,True
ch-RUS Junior TB 2020,2,1.000,3,False
CCCSA Holiday GM 2020,10,1.000,2,True
CCCSA Holiday IM 2020,10,1.000,2,True
5th Vergani Cup Dec 2020,36,1.000,2,True
31st Cracovia Open A,132,1.000,2,True
7th Sunway Sitges TB 2-5,4,1.000,5,False
7th Sunway Sitges TB 6-8,3,1.000,3,False
Roquetas de Mar Masters,10,1.000,2,True
5th Vergani Cup Jan 2021,33,1.000,2,True
Mujib Borsho Invitational,44,1.000,2,True
CCCSA Winter GM 2021,10,1.000,2,True
CCCSA Winter IM 2021,10,1.000,2,True
Lozovatsky Mem A 2021,70,1.000,2,True
128th ch-NZL Open 2021,24,1.000,1,True
Suetin Memorial 2021,10,1.000,2,True
81st ch-ARM 2021,28,1.000,1,True
7th Floripa Open 2021,217,1.000,2,True
TCh-AUT 2021,88,1.000,2,True
TCh-AUT Women 2021,19,1.000,1,True
1st Vezerkepzo GM 2021,20,1.000,1,True
1st Vezerkepzo IM 2021,20,1.000,1,True
Paracin Winter GM 2021,20,1.000,2,True
Paracin Winter IM 2021,20,1.000,2,True
Paracin Winter Amateur,39,1.000,1,True
81st ch-ARM 1st League,28,1.000,1,True
Barcelona Closed IM 7 Feb,10,1.000,1,True
Paracin Orbis 1 GM 2021,10,1.000,2,True
Paracin Orbis 1 IM 2021,10,1.000,2,True
ch-BLR U18 2021,32,1.000,1,True
Carnevale Master Open,22,1.000,2,True
CCCSA Charlotte Masters,20,1.000,2,True
RADNICKICHESS GM 2021,10,1.000,1,True
RADNICKICHESS IM 2021,10,1.000,1,True
Paracin Orbis 2 IM Mix,18,1.000,2,True
Third Sat 167 Mix 2021,19,1.000,2,True
81st ch-ARM Highest 2021,12,1.000,1,True
76th ch-ARM Women 2021,10,1.000,1,True
Third Sat Mix 158 2021,23,1.000,2,True
FSGM February 2021,10,1.000,1,True
FSIM February 2021,10,1.000,1,True
Montenegro IM Feb 2021,20,1.000,2,True
Barcelona GM 16 Feb 2021,10,1.000,1,True
Barcelona IM 16 Feb 2021,10,1.000,1,True
1st Hotel Sheraton Venice,22,1.000,1,True
RADNICKICHESS T2R-GM 2021,10,1.000,2,True
RADNICKICHESS T2R-IM 2021,10,1.000,2,True
Third Sat Mix 157 2021,25,1.000,2,True
ch-MDA 2021,22,1.000,1,True
40th ch-ISR 2021,32,1.000,1,True
ch-ISR Women 2021,14,1.000,1,True
Swiss Young Masters 2021,10,1.000,1,True
21st Mediterranean Flower,10,1.000,2,True
Montenegro GM Mar 2021,10,1.000,2,True
91st ch-URU 2021,19,1.000,2,True
Barcelona IM 15 Mar 2021,10,1.000,1,True
Konsalt Chess Master 2021,10,1.000,2,True
Mykolaiv IM 2021,20,1.000,2,True
1st Spring Weekend 2021,37,1.000,1,True
55th Begonia Open 2021,43,1.000,1,True
TCh-AUT 2nd Bund. Mitte,79,1.000,2,True
78th ch-GEO w 1st League,23,1.000,1,True
CCCSA Spring GM 2021,10,1.000,2,True
CCCSA Spring IM 2021,10,1.000,2,True
First GM Mix Bassano 2021,15,1.000,2,True
First IM Mix Bassano 2021,10,1.000,2,True
Montenegro Mix Mar 2021,16,1.000,2,True
ch-POL Junior U18,44,1.000,1,True
ch-SRB Semi-Final 2021,40,1.000,2,True
ch-SRB SF Women 2021,13,1.000,2,True
ch-Urals Men 2021,43,1.000,1,True
TCh-BAN Premier 2021,58,1.000,1,True
ch-Moscow Final w 2021,44,1.000,1,True
94th ch-St Petersburg,32,1.000,1,True
89th ch-St Petersburg W,17,1.000,1,True
ch-FAI Landslidsbolkur,16,1.000,1,True
Nakhchivan Premium 2021,24,1.000,1,True
80th ch-GEO 1st League,72,1.000,1,True
Oceania Hybrid 3.6 Zonal,6,1.000,2,True
Oceania Hybrid 3.6 zt TB,2,1.000,7,False
ARM Nat Team Qualifier,4,1.000,1,True
Israeli Youth U16 2021,17,1.000,1,True
Israeli Youth U18 2021,22,1.000,2,True
Charlotte Spring Classic,35,1.000,2,True
2nd GM Mix Bassano 2021,28,1.000,2,True
DSB Squad Challenge 2021,10,1.000,2,True
DSB Women Squad Challenge,8,1.000,1,True
Rujna Zora-1 GM 2021,10,1.000,2,True
Rujna Zora-1 IM 2021,10,1.000,2,True
Rujna Zora-1 ASK IM 2021,10,1.000,2,True
Belgrade Spring Open 2021,52,1.000,1,True
FSGM April 2021,10,1.000,1,True
6th Easter Montesilvano,28,1.000,1,True
9th BAN Games Classical t,52,1.000,1,True
O2C Doeberl Cup 2021,37,1.000,1,True
V Semana Santa Alicante,74,1.000,1,True
Galician Championship,45,1.000,1,True
2nd Colonial Open 2021,29,1.000,2,True
ch-FAI Landslidsbolkur TB,2,1.000,4,False
1st Easter Bassano Open A,40,1.000,2,True
ch-CAT Sub18-20 2021,30,1.000,1,True
Orsha Open 2021,36,1.000,1,True
Orsha IM 2021,10,1.000,2,True
Portuguese Masters 2021,10,1.000,2,True
Portuguese Honra 2021,10,1.000,2,True
Third Sat Mix 200 2021,18,1.000,2,True
IV Closed GM Barcelona,10,1.000,1,True
XIII Closed IM Barcelona,10,1.000,1,True
2nd Charlotte Masters,12,1.000,2,True
Konsalt Chess Master Apr,10,1.000,2,True
ch-IRI 2021,16,1.000,2,True
ch-CRO Junior Teams 2021,48,1.000,2,True
2nd Vezerkepzo GM 2021,10,1.000,1,True
2nd Vezerkepzo IM 2021,10,1.000,1,True
Rujna Zora-2 GM 2021,10,1.000,2,True
Rujna Zora-2 IM 2021,10,1.000,2,True
Third Sat Mix 201 2021,21,1.000,2,True
Kyiv Spring Masters 1,10,1.000,1,True
Belgrade Spring GM1 2021,10,1.000,2,True
Belgrade Spring IM1 2021,10,1.000,2,True
ch-ISL 2021,10,1.000,1,True
ch-RUS Junior 2021,25,1.000,1,True
ch-RUS Junior Girls 2021,20,1.000,1,True
Niksic Mem 2021,16,1.000,2,True
3rd Vezerkepzo GM 2021,10,1.000,1,True
3rd Vezerkepzo IM 2021,10,1.000,2,True
SUI World Cup Q Classical,6,1.000,1,True
ch-ROU Women 2021,12,1.000,2,True
Vladimir Bato Kontic Mem,22,1.000,2,True
Rujna Zora-3 GM 2021,10,1.000,2,True
Rujna Zora-3 IM 2021,15,1.000,2,True
RADNICKICHESS T2R-GM,10,1.000,1,True
Belgrade Spring GM2 2021,10,1.000,2,True
Belgrade Spring IM2 2021,10,1.000,2,True
TCh-RUS Premier 2021,65,1.000,1,True
TCh-RUS Women 2021,50,1.000,1,True
TCh-RUS HL 2021,69,1.000,1,True
ch-POL Women 2021,20,1.000,1,True
FSGM May 2021,10,1.000,1,True
ch-CHN 2021,12,1.000,2,True
ch-CHN Women 2021,12,1.000,2,True
75th ch-AZE Prelim 2021,12,1.000,1,True
87th ch-BLR 2021,16,1.000,1,True
Zonal 3.4 2021,29,1.000,1,True
XIV Closed IM Barcelona,10,1.000,1,True
XV Closed IM Barcelona,10,1.000,1,True
FSIM May 2021,10,1.000,1,True
ch-SRB U18 2021,8,1.000,1,True
Konsalt Chess Master May,10,1.000,2,True
TCh-LTU 2021,89,1.000,1,True
2nd Chartres GM 2021,10,1.000,2,True
2nd Chartres Match 1 2021,2,1.000,1,True
2nd Chartres Match 2 2021,2,1.000,1,True
75th ch-AZE Final 2021,4,1.000,5,False
4th Vezerkepzo GM 2021,10,1.000,1,True
4th Vezerkepzo IM 2021,10,1.000,1,True
MNE World Cup Eliminator,4,1.000,4,False
Mykolaiv GM May 2021,10,1.000,2,True
SLO On/L World Cup QFinal,2,1.000,5,False
I Fenamac Efideporte GpB,10,1.000,2,True
I Fenamac Efideporte GpC,10,1.000,2,True
TCh-UKR 2021,45,1.000,1,True
Gibraltar WGP 2021,24,1.000,1,True
ch-Africa 2021,54,1.000,1,True
Cattolica Summer GM Mix,22,1.000,2,True
1st Silicon Valley Open,24,1.000,1,True
43rd Nezhmetdinov Mem,84,1.000,1,True
CCCSA Memorial Day GM,10,1.000,2,True
CCCSA Memorial Day IM,10,1.000,2,True
ch-ISL Women 2021,14,1.000,1,True
ch-Sarajevo 2021,20,1.000,2,True
ch-AZE Women 2021,12,1.000,1,True
5th Vezerkepzo GM 2021,10,1.000,1,True
5th Vezerkepzo IM 2021,10,1.000,1,True
Superbet Classic 2021,10,1.000,1,True
Banja Vrujci 2 GM 2021,12,1.000,2,True
Stepan Avagyan Mem 2021,10,1.000,1,True
8th Cattolica Open 2021,74,1.000,2,True
Tatra Limba Open 2021,106,1.000,2,True
Malopolska Championships,43,1.000,2,True
22nd Hotel Adriatico 2021,30,1.000,1,True
Kfar Sava GM 2021,20,1.000,1,True
7th Gligoric Cup 2021,32,1.000,1,True
PNWCC vs Belgrade Hybrid,4,1.000,2,True
PNWCC vs Moscow Hybrid,4,1.000,2,True
3rd Prague Masters 2021,8,1.000,1,True
3rd Prague Futures,8,1.000,1,True
78th ch-GEO w 2021,9,1.000,1,True
XVI Closed IM Barcelona,10,1.000,2,True
50th Ann Mariupol CC 2021,39,1.000,2,True
Banja Vrujci 3 GM 2021,10,1.000,2,True
Breyer Memorial 2021,8,1.000,1,True
FSGM June 2021,10,1.000,1,True
FSIM June 2021,10,1.000,1,True
6th Vezerkepzo GM 2021,10,1.000,1,True
6th Vezerkepzo IM 2021,10,1.000,1,True
Magistral O Teu Xacobeo,20,1.000,2,True
11th ch-Mediterranean,122,1.000,2,True
2nd Barreau de Paris GM,10,1.000,2,True
Lobanov Memorial 2021,41,1.000,1,True
National Open 2021,78,1.000,1,True
US Women's Open 2021,12,1.000,1,True
Carolinas Classic 2021,35,1.000,2,True
12th Dolomiti Open 2021,20,1.000,1,True
74th ch-RUS HL 2021,108,1.000,1,True
71st ch-RUS HL w 2021,100,1.000,1,True
FISCA Open 2021,36,1.000,1,True
Silver Lake Open A 2021,130,1.000,2,True
South Ural Cup 2021,20,1.000,1,True
Vezerkepzo GM Mix 2021,34,1.000,2,True
12th Carlos I Open 2021,84,1.000,1,True
I Llinars Int Open 2021,138,1.000,1,True
14th Philadelphia Int,66,1.000,1,True
17th Baltic Pearl IM,20,1.000,1,True
Young Talents Kharkiv,12,1.000,2,True
ch-ISL Women TB 2021,2,1.000,2,True
Banja Vrujci 1 GM 2021,20,1.000,2,True
Remembering Glig 2021,10,1.000,2,True
PNWCC-Sofia Hybrid 2021,7,1.000,2,True
TCh-BUL 2021,25,1.000,1,True
German Youth Teams U20 2021,102,1.000,2,True
ch-SWE 2021,10,1.000,1,True
ch-SWE Junior U20 2021,10,1.000,1,True
Terme Krka ch-SLO Open,45,1.000,2,True
49th Annual World Open,123,1.000,1,True
4th Bohumin Open 2021,41,1.000,1,True
55th Ilmar Raud Mem 2021,27,1.000,1,True
Clarion Congress GM,10,1.000,1,True
FSGM July 2021,10,1.000,1,True
Tuapse Open 2021,65,1.000,1,True
46th Seville Open 2021,64,1.000,1,True
2nd Rey Ardid Masters,20,1.000,2,True
II Fenamac GpA 2021,20,1.000,2,True
II Fenamac GpB 2021,20,1.000,2,True
German Team  Cup 2021,17,1.000,1,True
Valenciana Division Honor,28,1.000,1,True
120th ch-SUI 2021,10,1.000,1,True
14th Paracin Summer Open,94,1.000,1,True
Karel Opocensky Mem 2021,10,1.000,1,True
Golden Prague Open 2021,35,1.000,1,True
40th Benasque Open 2021,43,1.000,1,True
Najdorf Mem Open A 2021,90,1.000,1,True
Aegean Open 2021,39,1.000,1,True
Slovakia Open 2021,82,1.000,1,True
Magnezit 120 Open 2021,24,1.000,1,True
V Closed GM Barcelona,10,1.000,2,True
V Closed IMA Barcelona,10,1.000,2,True
V Closed IMB Barcelona,10,1.000,2,True
ch-NOR 2021,26,1.000,1,True
49th Annual World Open TB,2,1.000,1,True
FSIM July 2021,10,1.000,1,True
Germany Grand Prix 2021,10,1.000,2,True
Sportland NRW Cup 2021,10,1.000,2,True
ch-USA Junior 2021,10,1.000,1,True
ch-USA Girls 2021,10,1.000,1,True
ch-USA Seniors 2021,10,1.000,1,True
ch-FIN 2021,10,1.000,1,True
Basel Special Open 2021,71,1.000,1,True
Malaya Zemlya Open 2021,51,1.000,1,True
3rd Charlotte Masters,22,1.000,2,True
1st Bastia Summer Open,35,1.000,1,True
1st Conil International,23,1.000,1,True
17th Baltic Pearl Open A,87,1.000,1,True
32nd Czech Open E 2021,132,1.000,1,True
32nd Czech Open A 2021,135,1.000,1,True
German Masters Women 2021,10,1.000,1,True
ch-GER DEM 2021,38,1.000,2,True
ch-GER DEM Women 2021,28,1.000,2,True
14th Paleochora Open 2021,73,1.000,1,True
BSSZ Aranytiz GM 2021,10,1.000,1,True
BSSZ Aranytiz IM 2021,10,1.000,1,True
I Jerez Culture IM 2021,10,1.000,2,True
Orbis 4 GM 2021,10,1.000,2,True
Orbis 4 IM 2021,10,1.000,2,True
Akva Gold 2 GM 2021,10,1.000,2,True
Vienna GM 2021,10,1.000,1,True
Targu Mures Open 2021,55,1.000,1,True
12th Vaujany Open 2021,56,1.000,1,True
80th ch-ITA Semi-Final,39,1.000,1,True
Chernivtsi Masters 2021,10,1.000,2,True
Chernivtsi Open 2021,29,1.000,2,True
III Fenamac GpB 2021,10,1.000,2,True
Konventum-Hojstrupgaard,32,1.000,2,True
Mulhouse GM 2021,20,1.000,2,True
Mulhouse IM 2021,20,1.000,2,True
Open Desko Liberec 2021,36,1.000,1,True
Orbis 3 GM 2021,14,1.000,2,True
Orbis 3 IM 2021,10,1.000,2,True
RADNICKICHESS July GM T1,10,1.000,1,True
25th Battle of Senta Open,48,1.000,2,True
Akva Gold 1 GM 2021,10,1.000,2,True
Akva Gold 1 IM 2021,10,1.000,2,True
Third Saturday Mix 211,21,1.000,2,True
Valencia Cuna Open 2021,43,1.000,1,True
Warsaw Chess Open A 2021,56,1.000,2,True
54th Biel GM 2021,16,1.000,1,True
54th Biel Master Open,145,1.000,1,True
30th Kavala Open 2021,77,1.000,1,True
10th Split Open 2021,93,1.000,1,True
14th Arad Open 2021,117,1.000,1,True
Kveinys Mem Open 2021,38,1.000,2,True
Maccabi Ramat Gan 2021,21,1.000,1,True
VI Closed GM Barcelona,20,1.000,1,True
IXX Closed IM Barcelona,20,1.000,1,True
5th Irena Warakomska Mem,153,1.000,2,True
7th Vezerkepzo GM 2021,20,1.000,1,True
7th Vezerkepzo IM 2021,22,1.000,2,True
BSV-IM-Turnier 2021,10,1.000,2,True
Wroclaw Open A 2021,28,1.000,1,True
ch-USA Seniors TB 2021,2,1.000,2,True
CCCSA Summer GMA 2021,20,1.000,2,True
CCCSA Summer GMB 2021,20,1.000,2,True
CCCSA Summer IMC 2021,20,1.000,2,True
CCCSA Summer IMD 2021,20,1.000,2,True
Aarhus Chess House Summer,34,1.000,2,True
11th Vojvodina Open 2021,57,1.000,2,True
21st ch-EUR Indiv w 2021,117,1.000,1,True
1st Merlin Lezajsk Master,18,1.000,2,True
19th Spilimbergo Open,60,1.000,1,True
4th Solta Open 2021,113,1.000,1,True
Muswell Hill IM 2021,10,1.000,2,True
Smyslov Memorial 2021,10,1.000,1,True
LXVI Mexican Open 2021,65,1.000,2,True
Keres Memorial IM 2021,10,1.000,2,True
Copenhagen CC GM 2021,10,1.000,2,True
Copenhagen CC IM 2021,10,1.000,2,True
1st Merida World Heritage,34,1.000,1,True
Vinnytsia Summer IM 2021,10,1.000,2,True
RADNICKICHESS IM Aug T1,10,1.000,1,True
Akva Gold 3 IM 2021,18,1.000,2,True
ch-NED Jeugd A 2021,16,1.000,1,True
TCh-ESP 2nd Div 2021,179,1.000,1,True
28th TCh-BIH 1.A 2021,58,1.000,2,True
57th Rubinstein Mem GM,10,1.000,1,True
86th ch-ESP 2021,128,1.000,1,True
Smuk Skak GM 2021,10,1.000,1,True
82nd ch-ARM 1st League,14,1.000,1,True
Stare Mesto Open 2021,54,1.000,1,True
Ustron Open A 2021,39,1.000,2,True
ch-BEL 2021,10,1.000,1,True
FSGM August 2021,10,1.000,1,True
FSIM August 2021,15,1.000,1,True
51st Continental Open,32,1.000,2,True
8th Prague Summer Open,102,1.000,1,True
Iuliu Szabo Memorial 2021,46,1.000,1,True
Riga Tech Open A 2021,120,1.000,2,True
Third Saturday Mix 214,22,1.000,2,True
Third Saturday Mix 216,17,1.000,2,True
Uppsala GM 2021,10,1.000,2,True
Uppsala IM Gp1 2021,10,1.000,2,True
Uppsala IM Gp2 2021,10,1.000,2,True
Put Svile IM 5 2021,10,1.000,2,True
36th Geraardsbergen Open,59,1.000,1,True
245th YMCA Summer B 2021,16,1.000,1,True
121st US Open Denker,15,1.000,1,True
121st US Open Irwin,17,1.000,1,True
Portugal - Galiza Match,8,1.000,1,True
8th Sinquefield Cup 2021,10,1.000,1,True
ch-CAT 2021,10,1.000,1,True
28th Nikaia Open,39,1.000,1,True
2nd Tras-os-Montes Open,47,1.000,1,True
38th Collado Villalba Op,93,1.000,1,True
8th Vezerkepzo IM 2021,18,1.000,2,True
Ciutat de Barcelona A,52,1.000,1,True
Skalica Masters 2021,10,1.000,1,True
Skalica Open 2021,66,1.000,1,True
Wood Green Inv 2021,10,1.000,2,True
ch-CRO w 2021,14,1.000,2,True
PNWCC Summer of Seattle,30,1.000,2,True
Put Svile IM Mix 6 2021,18,1.000,2,True
RADNICKICHESS IM Aug T2,10,1.000,1,True
Wuerttemberg Masters 2021,8,1.000,2,True
14th Agzamov Mem 2021,43,1.000,1,True
Brugse Meesters 2021,33,1.000,1,True
ch-MKD 2021,36,1.000,2,True
29th TCh-MKD 2021,67,1.000,1,True
21st ch-EUR Indiv 2021,348,1.000,1,True
Kvisla Invitational 2021,20,1.000,2,True
Montserrat Masters 2021,20,1.000,2,True
Northumbria Masters GM,20,1.000,2,True
Northumbria Masters IM,20,1.000,2,True
Northumbria Masters 2021,70,1.000,2,True
TCh-SUI 2021,396,1.000,1,True
Barreau de Paris Elite,6,1.000,2,True
CCCSA Labor Day GMA 2021,10,1.000,2,True
CCCSA Labor Day GMB 2021,10,1.000,2,True
CCCSA Labor Day IMC 2021,10,1.000,2,True
CCCSA Labor Day IMD 2021,10,1.000,2,True
AMAKS Resort Orbit 2021,53,1.000,1,True
IV Concello de Carballo,30,1.000,1,True
Kyiv Independence Cup GM,6,1.000,2,True
40th Zalakaros Open 2021,41,1.000,1,True
Guimaraes Open 2021,146,1.000,1,True
V Maia Open 2021,85,1.000,1,True
3rd San Cristobal Open,82,1.000,1,True
TCh-EUR Senior +50 2021,90,1.000,1,True
PNWCC vs Bulgaria Hybrid,18,1.000,2,True
TCh-POL 1st League 2021,177,1.000,1,True
TCh-POL 2nd League 2021,253,1.000,1,True
9th Norway Chess 2021,6,1.000,1,True
1. Int Swiss Masters 2021,26,1.000,2,True
ch-POR 2021,10,1.000,1,True
ch-CZE Women 2021,10,1.000,1,True
Eivissa Masters 2021,10,1.000,2,True
26th 4NCL Congress 2021,64,1.000,2,True
Orasului Cup 2021,37,1.000,2,True
ch-Nordic Youth Gp A 2021,11,1.000,2,True
TCh-ESP Div 1 2021,60,1.000,1,True
Norway Chess Open Masters,173,1.000,2,True
36th ECC Women 2021,40,1.000,1,True
Manx Liberty Masters 2021,10,1.000,1,True
DSB Rising Stars GM 2021,10,1.000,2,True
DSB Rising Stars IM 2021,10,1.000,2,True
Vezerkepzo GM Mix Sept,13,1.000,2,True
Vezerkepzo IM Sept 2021,10,1.000,1,True
ch-Vienna State 2021,10,1.000,1,True
ch-CZE 2021,10,1.000,1,True
ch-LAT 2021,20,1.000,1,True
Primorsko Open 2021,60,1.000,1,True
Joytu Sheikh Hasina GM Op,62,1.000,1,True
XXVII San Miguel Open 2021,8,1.000,2,True
PGNiG POL Bydgoszcz KO,16,1.000,4,False
PNWCC-Pirot Hybrid 2021,13,1.000,2,True
SVK Club Cup 2021,40,1.000,2,True
26th Sigeman & Co 2021,8,1.000,1,True
Junior U21 Round Table Op,71,1.000,1,True
ch-SVK 2021,10,1.000,1,True
White Horse GM 2021,20,1.000,2,True
White Horse IM 2021,20,1.000,2,True
ch-UKR Semi-Final 2021,46,1.000,1,True
1st Prague Autumn Open,60,1.000,2,True
Indy FIDE - Premier 2021,30,1.000,2,True
XV IRT Alicante 2021,54,1.000,1,True
29th TCh-CRO Div 1a 2021,130,1.000,1,True
29th TCh-CRO Div 1b 2021,145,1.000,1,True
29th TCh-CRO Women 2021,70,1.000,1,True
TCh-SRB Premier w 2021,57,1.000,2,True
British OTB Championship,21,1.000,1,True
ChessMood Open 2021,60,1.000,1,True
Doppelbauer Kiel GM 2021,10,1.000,2,True
Pearl Lobanov Mem 2021,65,1.000,1,True
Rio Grande Centennial,71,1.000,1,True
ZZSzach President IM 2021,10,1.000,2,True
1st Year Long GM 2021,20,1.000,1,True
1st Year Long IM 2021,22,1.000,2,True
Panchenko Mem Open B 2021,57,1.000,2,True
Romanian Teams 1st League,78,1.000,2,True
TCh-POL Ekstraliga 2021,73,1.000,1,True
TCh-ROU Superliga Women,28,1.000,2,True
31st TCh-SLO 2021,101,1.000,1,True
ch-USA 2021,12,1.000,1,True
ch-USA w 2021,12,1.000,1,True
74th ch-RUS 2021,12,1.000,1,True
71st ch-RUS w 2021,12,1.000,1,True
Fagernes GM Open 2021,68,1.000,2,True
43rd Arco Open 2021,153,1.000,1,True
Tournament of Peace 2021,10,1.000,1,True
FSGM October 2021,10,1.000,1,True
FSIM October 2021,6,1.000,1,True
La Nucia Open 2021,43,1.000,1,True
Vignir-Tiger Match 2021,2,1.000,1,True
ASK Mix 2021,14,1.000,2,True
TCh-ESP Div Honor 2021,54,1.000,1,True
TCh-SWE Group 1 Qualifier,16,1.000,1,True
TCh-SWE Group 3 Qualifier,25,1.000,1,True
TCh-SWE Group 4 Qualifier,26,1.000,1,True
52nd Italian Teams GpA,46,1.000,1,True
52nd Italian Teams GpB,46,1.000,1,True
52nd Italian Teams Final,48,1.000,1,True
3rd Yerevan Open A 2021,66,1.000,1,True
SPICE Cup Open 2021,32,1.000,2,True
ch-NED Women 2021,8,1.000,1,True
ch-DEN 2021,10,1.000,1,True
Vezerkepzo GM Oct 2021,10,1.000,2,True
Vezerkepzo IM Oct 2021,10,1.000,2,True
2nd Year Long GM 2021,10,1.000,1,True
2nd Year Long IM 2021,10,1.000,1,True
38th Muensterland Open,55,1.000,1,True
British OTB Women 2021,7,1.000,2,True
31st NATO Chess 2021,95,1.000,2,True
sachy.cz Extraliga 2021-22,687,1.000,1,True
ch-USA TB 2021,3,1.000,2,True
1st Torrelavega GM 2021,10,1.000,1,True
Chigorin Memorial 2021,268,1.000,1,True
Sheikh Russel GM 2021,102,1.000,1,True
24th Hoogeveen Open 2021,34,1.000,1,True
Obro 85th Anniversary,24,1.000,2,True
Hull 4NCL Int GM 2021,10,1.000,2,True
V.I. Flaming Mem 2021,10,1.000,2,True
ch-KOS 2021,10,1.000,1,True
TCh-SWE Lag-SM 2021,37,1.000,1,True
FIDE Grand Swiss 2021,216,1.000,1,True
FIDE Grand Swiss Women,200,1.000,1,True
15th Figueira da Foz Open,51,1.000,1,True
24th OIBM 2021,245,1.000,1,True
87th ch-BRA 2021,331,1.000,2,True
Vinnytsia Autumn IM 2021,10,1.000,2,True
ch-LTU 2021,10,1.000,2,True
15th Malaga Open,127,1.000,1,True
1st EJCOA Forest Hall Inv,10,1.000,2,True
EY Girls U20 2021,10,1.000,2,True
EY U18 2021,36,1.000,2,True
EY Girls U18 2021,32,1.000,2,True
LEM-Master Sachsen-Anhalt,12,1.000,2,True
ITT Republica Argentina,10,1.000,1,True
Cattolica Halloween Open,52,1.000,2,True
Accedia Masters Classic,10,1.000,2,True
2nd Cyprus Int Open 2021,49,1.000,1,True
15th Deizisau Autumn Open,57,1.000,2,True
Third Saturday Mix 217,14,1.000,2,True
PNWCC-Pirot Hybrid #2,14,1.000,2,True
PNWCC-Pirot Hybrid #3,17,1.000,2,True
TCh-AUT 2nd Ost 2021-22,390,1.000,1,True
TCh-AUT 2nd West 2021-22,336,1.000,1,True
TCh-NOR Elite 2021-22,136,1.000,1,True
11th Hradec Kralove Open,55,1.000,1,True
FSGM November 2021,12,1.000,1,True
FSIM November 2021,12,1.000,1,True
28th ProAm Copa Clarin Op,35,1.000,1,True
Vezerkepzo GM Oct/Nov,20,1.000,1,True
Vezerkepzo IM Oct/Nov,20,1.000,1,True
GM ASK 3 2021,20,1.000,2,True
1st ITT Latinoamericano A,10,1.000,2,True
1st ITT Latinoamericano B,10,1.000,2,True
ch-IRQ 2021,20,1.000,2,True
23rd European Teams,191,1.000,1,True
23rd European Teams Women,154,1.000,1,True
17th Ugra Governor's Cup,37,1.000,1,True
President of UZB Prizes,51,1.000,1,True
New York GM A Inv 2021,10,1.000,2,True
New York GM B Inv 2021,10,1.000,2,True
New York IM C Inv 2021,10,1.000,2,True
GoAudit Open 2021,34,1.000,2,True
ASK Mix 2 2021,18,1.000,2,True
Third Saturday Mix 218,18,1.000,2,True
PNWCC-Pirot Hybrid #4,27,1.000,2,True
Dutch League 2021-22,675,1.000,1,True
GM Warmup Match 2021,2,1.000,1,True
Vezerkepzo GM Nov 2021,10,1.000,1,True
Vezerkepzo IM Nov 2021,10,1.000,1,True
Romanian Open 2021,22,1.000,2,True
2nd Magistral Barbera,10,1.000,1,True
43rd Barbera Open 2021,28,1.000,1,True
10th Brno IM 2021,10,1.000,2,True
MP Masters 2021,8,1.000,2,True
5th Mersin Open 2021,59,1.000,2,True
28th Lazio Chess 2021,21,1.000,1,True
Florence Move Open A,6,1.000,1,True
Banff Open 2021,51,1.000,2,True
WCh 2021,4,1.000,1,True
ch-NED Final 2021,8,1.000,1,True
Tel Aviv Int. 2021,20,1.000,1,True
35th Belgrade Trophy,177,1.000,1,True
92nd ch-URU Final 2021,22,1.000,1,True
US Chess Masters 2021,103,1.000,2,True
ch-HUN Qualifier 2021,4,1.000,2,True
Polish Supercup 2021,2,1.000,6,False
GM ASK 4 2021,10,1.000,2,True
Rujna Zora-5 GM 2021,10,1.000,2,True
Third Saturday Mix 220,23,1.000,2,True
Third Saturday Mix 223,28,1.000,2,True
Third Saturday Mix 224,26,1.000,2,True
12th LCC ENG v ROW 2021,6,1.000,1,True
ch-KAZ 2021,12,1.000,2,True
43rd ch-GRE Women 2021,10,1.000,1,True
80th ch-ITA 2021,12,1.000,1,True
80th ch-ITA Women 2021,8,1.000,1,True
15th ch-SRB 2021,10,1.000,1,True
15th ch-SRB w 2021,10,1.000,1,True
18th Vasylyshyn GM,10,1.000,1,True
18th Vasylyshyn IM,10,1.000,1,True
2nd elllobregat Open 2021,58,1.000,1,True
47th La Roda Open 2021,81,1.000,1,True
RADNICKICHESS IM Dec T1,10,1.000,1,True
ch-Arab Indiv 2021,66,1.000,2,True
10th Palmanova Open 2021,16,1.000,2,True
Third Saturday Mix 225 A,43,1.000,2,True
ch-ISR Open 2021,77,1.000,1,True
Holuj-Radzikowska POL-ROW,51,1.000,1,True
Apolonii Litwinskiej MemA,6,1.000,5,False
69th ch-HUN 2021,10,1.000,1,True
69th ch-HUN Women 2021,8,1.000,1,True
90th ch-UKR 2021,10,1.000,1,True
81st ch-UKR Women 2021,10,1.000,1,True
95th ch-ARG 2021,12,1.000,1,True
FSGM December 2021,10,1.000,1,True
FSIM December 2021,10,1.000,1,True
ch-BLR 1st Men 2021,41,1.000,1,True
ch-PHI 2021,12,1.000,2,True
ch-TUR 2021,10,1.000,1,True
Benidorm Open A 2021,49,1.000,1,True
8th Sunway Sitges 2021,237,1.000,1,True
CCCSA Holiday GM 2021,10,1.000,2,True
CCCSA Holiday IM 2021,10,1.000,2,True
18th Vandoeuvre Open 2021,27,1.000,1,True
2nd EJCOA Forest Hall Inv,10,1.000,2,True
Portuguese Masters 2021-2,10,1.000,2,True
RADNICKICHESS IM Dec T2,10,1.000,1,True
Vezerkepzo GM Dec 2021,10,1.000,1,True
Vezerkepzo IM Dec 2021,10,1.000,1,True
81st ch-GEO 1st League,19,1.000,1,True
7th Arica Open 2021,31,1.000,1,True
1st Magistral Integracion,10,1.000,2,True
8th Sunway Sitges TB 1-4,4,1.000,5,False
8th Sunway Sitges TB 5-8,4,1.000,5,False
31st North American Open,67,1.000,1,True
Charlotte Open 2021,61,1.000,2,True
XXX Elgoibar GM 2021,10,1.000,2,True
GM ASK 5 2021,10,1.000,2,True
North Am Junior Girls U21,9,1.000,1,True
PNWCC Thanksgiving RR,10,1.000,1,True
3rd Sat Djenovici Dec FM,8,1.000,1,True
32nd Cracovia Open A,164,1.000,2,True
Irish New Year GM 2022,10,1.000,2,True
129th ch-NZL Open 2022,22,1.000,1,True
Vezerkepzo GM Christmas,40,1.000,1,True
Vezerkepzo IM Christmas,40,1.000,1,True
26th Bosnjaci Open,64,1.000,1,True
46th ch-BAN 2021,28,1.000,1,True
18th Mont de Marsan,19,1.000,1,True
Vergani Cup Dec 2021,52,1.000,2,True
20th Prague Open 2022,106,1.000,1,True
88th ch-BLR 2022,12,1.000,1,True
Tatra Limba Open 2022,24,1.000,2,True
38th Untergrombach Open,10,1.000,1,True
10th Grokhotov Mem 2022,10,1.000,2,True
II Cerrado Promocion FNA,10,1.000,2,True
Vinnytsia Winter IM 2022,10,1.000,2,True
Vergani Cup Jan 2022,55,1.000,1,True
15th Lazio Chess 2022,25,1.000,1,True
30th Donau Open 2021,41,1.000,1,True
Tata Steel Challengers,98,1.000,1,True
CCCSA Winter GMA 2022,10,1.000,2,True
CCCSA Winter IMB 2022,10,1.000,2,True
CCCSA Winter IMC 2022,10,1.000,2,True
Malopolska Winter Cup,15,1.000,2,True
Nakhchivan Premium 2 2022,12,1.000,1,True
New York Winter GMA 2022,10,1.000,2,True
New York Winter GMB 2022,10,1.000,2,True
New York Winter IMD 2022,10,1.000,2,True
20th Marienbad GMA1 2022,10,1.000,2,True
20th Marienbad GMA2 2022,10,1.000,2,True
20th Marienbad IMB1 2022,10,1.000,2,True
20th Marienbad IMB2 2022,10,1.000,2,True
20th Marienbad IMB3 2022,10,1.000,2,True
Andranik Margaryan Mem IM,50,1.000,1,True
Marseille Christmas IM,10,1.000,2,True
46th ch-BAN TB 2021,2,1.000,2,True
Battle of the Sexes 2022,42,1.000,1,True
Paracin Winter IM 2022,10,1.000,2,True
Lozovatsky Mem A 2022,64,1.000,1,True
20th Marienbad Open 2022,34,1.000,1,True
27th 4NCL Congress 2022,44,1.000,2,True
62nd USAFOCC AFO,9,1.000,1,True
62nd USAFOCC VOC,7,1.000,1,True
Vezerkepzo GM Winter 2022,20,1.000,1,True
Vezerkepzo IM Winter 2022,20,1.000,1,True
chessemy Open 2022,303,1.000,1,True
81st ch-GEO 2022,23,1.000,1,True
Orbis 1 IM 2022,14,1.000,2,True
13th Marmaris Karya IM,10,1.000,2,True
ch-TUN 2022,12,1.000,2,True
Almaty Academy IM 2022,10,1.000,2,True
FIDE Grand Prix 1 Pool A,4,1.000,1,True
FIDE Grand Prix 1 Pool B,4,1.000,1,True
FIDE Grand Prix 1 Pool C,4,1.000,1,True
FIDE Grand Prix 1 Pool D,4,1.000,1,True
76th ch-AZE Prelim 2022,24,1.000,1,True
Al Mahmud Memorial 2022,82,1.000,1,True
GM ASK 6 2022,20,1.000,2,True
Vienna IM Feb 2022,10,1.000,2,True
21st Liberec Open 2022,72,1.000,1,True
Orbis 2 IM 2022,17,1.000,2,True
14th Marmaris Karya IM,10,1.000,2,True
FIDE GP 1 Pool B TB,2,1.000,2,True
FIDE GP 1 Pool D TB,2,1.000,2,True
20th Rochefort Open 2022,27,1.000,1,True
38th Cappelle Open 2022,65,1.000,1,True
FSGM February 2022,10,1.000,1,True
FSIM February 2022,10,1.000,1,True
Predrag Nesic Memorial IM,10,1.000,2,True
20th Orsha Open A 2022,31,1.000,1,True
20th Orsha Open F 2022,10,1.000,2,True
GM ASK 7 2022,10,1.000,2,True
IM ASK 4 2022,18,1.000,2,True
Mentese Flowers WGM 2022,10,1.000,2,True
PNWCC vs BUL Hybrid #3,31,1.000,2,True
Shenzhen Chess GM Match,2,1.000,1,True
Vienna GM Feb 2022,10,1.000,1,True
Vienna WIM Feb 2022,10,1.000,1,True
Osasco 60 Anos GM,10,1.000,1,True
ch-CHI 2022,12,1.000,2,True
Clichy 92 IM 2022,10,1.000,2,True
Uganda IM Norm 2022,10,1.000,2,True
76th ch-AZE Final 2022,4,1.000,3,False
GM ASK 8 2022,10,1.000,2,True
IM ASK 5 2022,18,1.000,2,True
Caissa Hotel Pirgos Gp A,12,1.000,2,True
Caissa Hotel Plati Gp A,24,1.000,2,True
Caissa Hotel Kumru GpA,12,1.000,2,True
Caissa Hotel Argistra GpA,12,1.000,2,True
IM Mix Hotel Putnik 20,28,1.000,2,True
Third Saturday Mix 233,28,1.000,2,True
73rd ch-SGP 2022,17,1.000,1,True
58th ch-IND 2022,116,1.000,1,True
47th ch-IND w 2022,94,1.000,1,True
Vezerkepzo GM Feb 2022,20,1.000,1,True
Vezerkepzo IM Feb 2022,20,1.000,1,True
35th Cannes Open 2022,44,1.000,1,True
Kragero Resort Chess 2022,86,1.000,2,True
3rd EJCOA Inv 2022,10,1.000,2,True
ch-ROU Women 2022,33,1.000,2,True
ch-MDA 2022,18,1.000,1,True
PNWCC President Day RR,10,1.000,2,True
GM ASK 9 2022,10,1.000,2,True
IM ASK 6 2022,16,1.000,2,True
Third Saturday GM Mix 237,16,1.000,2,True
Caissa Hotel Petro Gp A,12,1.000,2,True
FIDE Grand Prix 2 Pool A,4,1.000,1,True
FIDE Grand Prix 2 Pool B,4,1.000,1,True
FIDE Grand Prix 2 Pool C,4,1.000,1,True
FIDE Grand Prix 2 Pool D,4,1.000,1,True
ENG-SWE Challenge Match,2,1.000,1,True
GM Belgrade 2022,10,1.000,1,True
Grandiscacchi Cattolica,46,1.000,1,True
22nd Mediterranean Flower,10,1.000,2,True
Third Saturday GM Mix 242,12,1.000,2,True
GM ASK 10 2022,20,1.000,2,True
IM ASK 7 2022,32,1.000,2,True
Caissa Hotel Asli GpA,24,1.000,2,True
Bundesliga 2021-22,717,1.000,1,True
St Louis Spring A TB,7,1.000,2,True
FSGM March 2022,10,1.000,1,True
1st Guwahati Open 2022,105,1.000,1,True
I Magistral CN Helios,10,1.000,2,True
Perez Chess Open 2022,47,1.000,1,True
Wachtebeke Winter Open,88,1.000,1,True
Third Saturday IM Mix 244,22,1.000,2,True
IM ASK 8 2022,10,1.000,2,True
TCh-BAN Premier 2022,64,1.000,1,True
Moja Open GM/IM Norm 2022,10,1.000,1,True
Vezerkepzo GM Mar 2022,10,1.000,1,True
Vezerkepzo IM Mar 2022,10,1.000,1,True
ch-SRB Semi-Final 2022,54,1.000,2,True
ch-Urals 2022,40,1.000,1,True
Charlotte Spring GMA 2022,10,1.000,2,True
Charlotte Spring IMB 2022,10,1.000,2,True
Charlotte Spring IMC 2022,10,1.000,2,True
Charlotte Spring IMD 2022,10,1.000,2,True
Charlotte Spring IME 2022,10,1.000,2,True
ch-CZE U18 U20 2022,12,1.000,2,True
Festival Jeunes IM 2022,20,1.000,2,True
Primavera Cattolica Open,65,1.000,2,True
58th ch-CUB 2022,11,1.000,1,True
8th Ekrem Galijatovic Mem,10,1.000,2,True
Third Saturday IM Mix 245,10,1.000,2,True
ch-VIE 2022,75,1.000,2,True
FIDE Grand Prix 3 Pool A,4,1.000,1,True
FIDE Grand Prix 3 Pool B,4,1.000,1,True
FIDE Grand Prix 3 Pool C,4,1.000,1,True
FIDE Grand Prix 3 Pool D,4,1.000,1,True
22nd ch-EUR Indiv 2022,627,1.000,1,True
China HangZhou GM 2022,8,1.000,2,True
Torre Blanca 50 2022,20,1.000,1,True
19th Delhi Open 2022,85,1.000,1,True
Millennium Meisterturnier,10,1.000,2,True
Vezerkepzo 7days 2022,20,1.000,2,True
RUDAR 1 IM March 2022,18,1.000,2,True
Zonal 2.3 2022,33,1.000,1,True
95th ch-St Petersburg,15,1.000,1,True
ch-POL U18 2022,44,1.000,1,True
IM ASK 9 2022,10,1.000,2,True
2nd Sunday IM Mar 2022,10,1.000,2,True
TCh-LTU 2022,93,1.000,1,True
FIDE GP 3 Pool B TB,2,1.000,4,False
FIDE GP 3 Pool C TB,2,1.000,2,True
Chelyabinskiy Variant B,44,1.000,1,True
53rd Belgrade WGM 2022,20,1.000,1,True
FSIM April 2022,10,1.000,1,True
3rd Gujarat Open 2022,104,1.000,1,True
Fourth Sunday IM Mar 2022,10,1.000,2,True
Fagernes GM Open 2022,70,1.000,2,True
92nd ch-URU 2022,12,1.000,1,True
ch-DEN 2022,10,1.000,1,True
ch-FAI 2022,8,1.000,1,True
BSV-IM-Turnier 2022,10,1.000,2,True
3rd La Palma GM 2022,6,1.000,2,True
45th ch-THA 2022,33,1.000,2,True
FSGM April 2022,10,1.000,1,True
WALTON International 2022,82,1.000,1,True
China HangZhou GM Match,2,1.000,1,True
ECF Women's Norm 2022,10,1.000,2,True
1st She Plays To Win 2022,10,1.000,2,True
3rd Sat Djenovici Mix Mar,23,1.000,1,True
Mission 360 GM/IM Norm #1,10,1.000,2,True
Mission 360 GM/IM Norm #2,10,1.000,2,True
Caissa Hotel Liman GpA,12,1.000,2,True
College Final Four 2022,22,1.000,2,True
41st TCh-IND 2022,52,1.000,1,True
CHN Team Asian Games Q2,6,1.000,1,True
New York Spring GMA 2022,10,1.000,2,True
New York Spring IMB 2022,10,1.000,2,True
New York Spring IMC 2022,10,1.000,2,True
New York Spring IMD 2022,10,1.000,2,True
Swiss Young Masters 2022,10,1.000,1,True
ch-FIN 2022,10,1.000,1,True
ch-FRA U20 2022,17,1.000,1,True
2nd Easter Bassano Open A,46,1.000,2,True
66th ch-WLS 2022,20,1.000,2,True
Paskturneringen Open 2022,60,1.000,1,True
14th Foxwoods Open,54,1.000,1,True
48th La Roda Open 2022,80,1.000,1,True
51st Mar Del Plata Open,54,1.000,1,True
LXVII Mexican Open 2022,74,1.000,2,True
O2C Doeberl Cup 2022,32,1.000,1,True
VI Semana Santa Alicante,95,1.000,1,True
Caissa Hotel Yagmur GpA,12,1.000,2,True
55th Capablanca Mem Elite,10,1.000,1,True
ch-ISL 2022,20,1.000,1,True
ch-RUS Junior 2022,10,1.000,1,True
ch-RUS Junior Girls 2022,10,1.000,1,True
CV Open 2022,26,1.000,1,True
German Masters der Frauen,10,1.000,1,True
Rhodes Easter Cup 2022,16,1.000,1,True
ch-BLR U20 2022,12,1.000,2,True
Canadian Zonal 2022,28,1.000,2,True
Canadian Women's zt 2022,9,1.000,2,True
ch-Berlin 2022,23,1.000,1,True
Caissa Hotel Rugzar Gp A,12,1.000,2,True
DCC April GM Inv 2022,12,1.000,2,True
I Menorca Open 2022,51,1.000,1,True
I Rio Chess Open 2022,100,1.000,1,True
ICU Easter GM 2022,10,1.000,2,True
Mission 360 GM/IM Norm #3,10,1.000,2,True
Pobeskydi Open 2022,52,1.000,2,True
3rd Colonial Open 2022,29,1.000,2,True
2nd Sunday IM Apr 2022,10,1.000,2,True
53rd Italian Teams GpA,47,1.000,2,True
53rd Italian Teams GpB,45,1.000,2,True
53rd Italian Teams Final,77,1.000,1,True
Play Off Liga Gallega,12,1.000,1,True
I Sunway Formentera Open,87,1.000,1,True
Open ch-MKD 2022,104,1.000,2,True
Swietokrzyskie GM 2022,20,1.000,2,True
Swietokrzyskie IM 2022,18,1.000,2,True
8th Fischer Memorial 2022,20,1.000,1,True
3rd Heraklion Tal Mem,20,1.000,1,True
ch-LAT 2022,51,1.000,2,True
Lengyel Levente Mem 2022,20,1.000,1,True
SonFlow Cup A 2022,12,1.000,2,True
SonFlow Cup B 2022,12,1.000,2,True
Caissa Hotel Bahar GpA,12,1.000,2,True
Mitropa Cup 2022,76,1.000,1,True
Mitropa Cup Women 2022,88,1.000,1,True
TCh-RUS Premier 2022,57,1.000,1,True
TCh-RUS Women 2022,52,1.000,1,True
TCh-RUS HL 2022,84,1.000,1,True
TCh-CAT Final 2022,56,1.000,1,True
TCh-CAT Relegation 2022,80,1.000,1,True
Superbet Classic 2022,10,1.000,1,True
27th Sigeman & Co 2022,8,1.000,1,True
15th Agzamov Mem 2022,43,1.000,1,True
Guillermo Garcia Elite,20,1.000,1,True
Guillermo Garcia Premier,20,1.000,1,True
15th American Continental,111,1.000,2,True
Club Silla 60 Masters,6,1.000,2,True
XXII Foment Martinenc Op,129,1.000,1,True
ch-RSA 2022,9,1.000,2,True
Kvisla Invitational 2022,10,1.000,2,True
Charlotte May GMA 2022,10,1.000,2,True
Charlotte May GMB 2022,10,1.000,2,True
Charlotte May IMC 2022,10,1.000,2,True
Sligo Spring Masters 2022,26,1.000,2,True
IM Dani Petrovca 2022,10,1.000,2,True
Chessable ENG Seniors 50+,20,1.000,2,True
Chessable ENG Seniors 65+,31,1.000,2,True
Dutch Youth U18 2022,13,1.000,1,True
Charlotte ALTO 2022,20,1.000,1,True
27th Space Coast Open,23,1.000,1,True
Marmaris Icmeler IM 2022,10,1.000,2,True
Third Saturday GM Mix 251,10,1.000,2,True
Third Saturday IM Mix 252,10,1.000,2,True
Caissa Hotel Yunus GpA,24,1.000,2,True
Superbet Classic TB 2022,3,1.000,2,True
31st SEA Games Standard,12,1.000,2,True
31st SEA Women Standard,10,1.000,2,True
ch-CZE 2022,48,1.000,1,True
ch-MGL National 2022,12,1.000,1,True
ch-MGL National Women,12,1.000,1,True
PGNiG ch-POL Women 2022,10,1.000,1,True
Mission 360 GM/IM Norm #4,10,1.000,2,True
Rio Negro Open 2022,43,1.000,1,True
Akademija MIX 002 2022,6,1.000,2,True
Nakhchivan Open 2022,39,1.000,1,True
VII Closed GM Barcelona,10,1.000,2,True
EtVaS CC FM 2022,6,1.000,2,True
12th WLC Weekender 2022,61,1.000,3,False
Marmaris Karya-18 GM 2022,10,1.000,2,True
Third Saturday IM Mix 257,10,1.000,2,True
5th Sharjah Masters 2022,80,1.000,1,True
13th KIIT Cat A Open 2022,95,1.000,1,True
Saint Louis Congress GM,10,1.000,2,True
Saint Louis Congress IM,10,1.000,2,True
HSK GM 2022,10,1.000,2,True
HSK IM 2022,10,1.000,2,True
Grandiscacchi Ch Open A,20,1.000,2,True
Vezerkepzo GM May 2022,10,1.000,2,True
Vezerkepzo IM May 2022,10,1.000,2,True
ch-CZE Women 2022,10,1.000,1,True
Chessable ch-ENG 2022,33,1.000,2,True
Chessable ch-ENG Women,9,1.000,2,True
ch-PER 2022,19,1.000,1,True
ch-TUN Ind. Closed 2022,12,1.000,2,True
ch-AZE Women 2022,8,1.000,1,True
Marmaris Karya-19 GM 2022,10,1.000,2,True
FSGM May 2022,10,1.000,1,True
FSIM May 2022,10,1.000,1,True
Croatian Cup 2022,86,1.000,1,True
TCh-FIN 2020-22,522,1.000,1,True
2nd Festival d'Estate OpA,55,1.000,2,True
Chess Week Przeworsk GM,70,1.000,2,True
Copenhagen CC GM 2022,20,1.000,2,True
Copenhagen CC IM 2022,20,1.000,2,True
Fredericia IM 2022,10,1.000,2,True
Rudolf Teschner Mem 2022,35,1.000,1,True
Bodensee Open 2022,93,1.000,1,True
3rd Sat GM/IM Mix 263,12,1.000,2,True
ch-SUI Bundesturnier TP-1,51,1.000,1,True
Third Saturday IM Mix 277,12,1.000,2,True
2nd Sunday GM May 2022,12,1.000,2,True
10th Norway Chess 2022,20,1.000,1,True
Norway Chess Open A 2022,50,1.000,2,True
1st Colonia de Sant Jordi,10,1.000,1,True
Targu Mures Open A 2022,51,1.000,2,True
1st Maharashtra GM Open,97,1.000,1,True
Laszlo Barczay Mem 2022,46,1.000,1,True
Sea Harbor Open 2022,46,1.000,1,True
FSGM June 2022,6,1.000,1,True
Ropotamo Inv 2022,10,1.000,2,True
14th BPB Limburg Open,60,1.000,1,True
14th BPB Limburg Match,2,1.000,1,True
36th Voivoda Cup 2022,10,1.000,2,True
Cattolica Chess Open A,38,1.000,1,True
Davos Challenge Open 2022,51,1.000,2,True
Cez Trophy 2022,4,1.000,4,False
Cez Trophy TB 2022,2,1.000,3,False
44th Nezhmetdinov Mem,84,1.000,1,True
Edinburgh Bicentenary IM,10,1.000,2,True
Janos Rigo Mem IM 2022,20,1.000,1,True
31st Chicago Open 2022,100,1.000,1,True
Hanoi GM 2022,10,1.000,2,True
Hanoi IM 2022,10,1.000,2,True
15th Angers Open 2022,39,1.000,2,True
ch-LTU 2022,10,1.000,2,True
GM Grandiscacchi GM Mix,11,1.000,2,True
8th Gligoric Cup 2022,61,1.000,1,True
4th Prague Masters 2022,10,1.000,1,True
4th Prague Challengers,10,1.000,1,True
4th Prague Futures,10,1.000,1,True
13th Asrian Memorial 2022,37,1.000,1,True
Vizag GM Open 2022,84,1.000,1,True
ch-FACV Closed 2022,8,1.000,2,True
81st ch-ITA Semi-Final,41,1.000,2,True
St Louis Summer B TB,4,1.000,3,False
FSIM June 2022,10,1.000,1,True
Uppsala June GM 2022,10,1.000,2,True
96th ch-ARG 2022,102,1.000,1,True
NSW Open 2022,23,1.000,1,True
Julia Graton Squarizi Mem,10,1.000,2,True
National Open 2022,76,1.000,2,True
Third Saturday GM Mix 266,20,1.000,2,True
MNE Chess June GM 01 2022,12,1.000,2,True
TCh-FRA Top 16 GpB 2022,86,1.000,1,True
FIDE Candidates 2022,16,1.000,1,True
15th Teplice Open 2022,107,1.000,1,True
Silver Lake Open A 2022,52,1.000,2,True
Stepan Avagyan Mem 2022,10,1.000,1,True
13th Chennai Open 2022,97,1.000,1,True
1st Caplin Menchik Mem,10,1.000,1,True
34th Pula Open 2022,76,1.000,1,True
Tuapse Open 2022,33,1.000,1,True
Vezerkepzo GM June 2022,10,1.000,1,True
Vezerkepzo IM June 2022,10,1.000,1,True
ch-IRI 2022,14,1.000,2,True
13th Dolomiti Open 2022,26,1.000,2,True
79th ch-GEO w 2022,10,1.000,1,True
Carolinas Classic 2022,27,1.000,1,True
HSG Open 2022,54,1.000,1,True
IM Turnier Graz May 2022,11,1.000,2,True
May Toronto Norm 2022,10,1.000,2,True
Ontario Open 2022,31,1.000,2,True
Eastern Ontario GM Norm,10,1.000,3,False
Ajedrez En Las Balsas,60,1.000,2,True
Sant Jordi U2400 Open,27,1.000,1,True
Third Saturday GM Mix 271,10,1.000,2,True
Third Saturday GM Mix 274,10,1.000,2,True
TCh-FRA Top 16 Haute 2022,74,1.000,1,True
TCh-FRA Top 16 Basse 2022,87,1.000,1,True
75th ch-RUS HL 2022,89,1.000,1,True
72nd ch-RUS HL w 2022,88,1.000,1,True
Bydgoszcz Open A 2022,101,1.000,1,True
Bydgoszcz WGM 2022,20,1.000,1,True
II Llinars Int Open 2022,70,1.000,1,True
Krakow International 2022,87,1.000,2,True
15th Philadelphia Int,74,1.000,2,True
IM FISCA Round Robin 2022,10,1.000,2,True
Panevezys Open 2022,32,1.000,2,True
2nd Sunday GM June 2022,10,1.000,2,True
18th Baltija Cup 2022,40,1.000,1,True
258th YMCA Spring B 2022,36,1.000,1,True
Roger J Morin Inv 2022,5,1.000,2,True
Serbia Open 2022,333,1.000,1,True
56th Ilmar Raud Mem 2022,32,1.000,1,True
5th Solta Open 2022,83,1.000,1,True
ch-SWE 2022,10,1.000,1,True
127th ch-SCO Open 2022,16,1.000,1,True
22nd Torredembarra Open,31,1.000,1,True
28th Klatovy Open 2022,49,1.000,1,True
2nd Athens of the East Op,127,1.000,1,True
2nd Doppelbauer Kiel GM,20,1.000,2,True
Doppelbauer Kiel IM 2022,20,1.000,2,True
Purtichju Open 2022,43,1.000,1,True
50th Annual World Open,183,1.000,1,True
Arsen Yeghiazaryan Mem,20,1.000,1,True
Ceske Budejovice GM 2022,10,1.000,1,True
Ceske Budejovice IM 2022,10,1.000,1,True
18th Baltic Pearl Open A,94,1.000,1,True
ch-USA Junior 2022,10,1.000,1,True
ch-USA Girls 2022,10,1.000,1,True
ch-USA Seniors 2022,10,1.000,1,True
New York Summer GMA 2022,10,1.000,2,True
New York Summer GMB 2022,10,1.000,2,True
New York Summer IMC 2022,10,1.000,2,True
New York Summer IMD 2022,10,1.000,2,True
ch-NOR 2022,14,1.000,1,True
Golden Prague Open 2022,25,1.000,1,True
Aegean Open 2022,33,1.000,1,True
15th Paracin Open A 2022,159,1.000,1,True
41st Benasque Open 2022,71,1.000,1,True
17th South Wales Int 2022,43,1.000,2,True
44th Barbera Open 2022,51,1.000,1,True
21st ch-Euro Seniors +65,32,1.000,1,True
FSIM July 2022,10,1.000,1,True
41st St Veit Open 2022,115,1.000,1,True
Bastia Open 2022,36,1.000,1,True
Tremblay-en-France IM,10,1.000,2,True
3rd Koge Lang Sommer 2022,10,1.000,2,True
ch-SWE Junior U20 2022,10,1.000,1,True
ch-SWE Master Elite 2022,10,1.000,1,True
5th Baskent University Op,38,1.000,2,True
5th Bohumin Open 2022,71,1.000,1,True
14th Gijon Closed 2022,10,1.000,2,True
28th 4NCL Congress 2022,76,1.000,2,True
8th ch-Francophonie 2022,37,1.000,1,True
Chowdhury Mem Rating 2022,32,1.000,2,True
Coupe de France 2022,16,1.000,1,True
55th Biel GM 2022,8,1.000,1,True
55th Biel Master Open,98,1.000,1,True
18th Moscow Open A 2022,117,1.000,1,True
18th Moscow Open B w 2022,34,1.000,1,True
Deutschland Grand Prix,7,1.000,1,True
49th Sparkassen Open,69,1.000,1,True
49th NRW Youth Cup 2022,10,1.000,1,True
11th Split Open 2022,70,1.000,1,True
15th Poti Open 2022,39,1.000,1,True
Wood Green Inv 2022,10,1.000,2,True
Maccabi Closed GM 2022,10,1.000,1,True
Svetozar Gligoric Mem,100,1.000,2,True
Najdorf Mem Open B 2022,87,1.000,1,True
ch-USA Seniors TB 2022,5,1.000,4,False
ch-USA Girls TB1 2022,3,1.000,2,True
ch-USA Girls TB2 2022,3,1.000,2,True
19th Condom Open 2022,28,1.000,1,True
32nd ch-SLO 2022,37,1.000,2,True
ch-Paris IdF 2022,47,1.000,2,True
3rd Valencia Cuna Open,47,1.000,1,True
Skolernes 50 years GM,10,1.000,2,True
German Team Cup 2022,16,1.000,1,True
33rd Czech Open A 2022,149,1.000,1,True
Charlotte Summer GMA 2022,10,1.000,2,True
Charlotte Summer IMB 2022,10,1.000,2,True
Charlotte Summer IMC 2022,10,1.000,2,True
Charlotte Summer IMD 2022,10,1.000,2,True
38th Andorra Open 2022,37,1.000,1,True
46th Sitges Open 2022,68,1.000,1,True
28th Saint-Affrique Open,21,1.000,1,True
36th Avoine Open 2022,55,1.000,1,True
10th Pontevedra Open 2022,44,1.000,1,True
Small Land Open 2022,54,1.000,1,True
1000GM 2022,10,1.000,2,True
1000IM 2022,10,1.000,2,True
Science Park Open A 2022,42,1.000,1,True
30th Heart of Finland Op,83,1.000,1,True
35th Schwarzacher Open,31,1.000,1,True
Hollywood Norm Classic #1,10,1.000,2,True
13th Vaujany Open 2022,52,1.000,1,True
Floripa Winter 2022,93,1.000,2,True
ch-USA Cadet 2022,8,1.000,2,True
43rd Portuguese Cup,18,1.000,1,True
31st Kavala Open 2022,94,1.000,1,True
Wroclaw Open A 2022,81,1.000,2,True
Dutch Open 2022,69,1.000,1,True
Braunschweig IM 2022,20,1.000,2,True
Vezerkepzo Summer GM 2022,20,1.000,1,True
Vezerkepzo Summer IM 2022,20,1.000,1,True
5th Limpedea Cup,10,1.000,2,True
Canadian Open 2022,49,1.000,1,True
9th Famalicao Open 2022,56,1.000,1,True
19th Sea Festival A 2022,10,1.000,1,True
10th Qazvin Cup 2022,25,1.000,1,True
4th Juvisy IM 2022,10,1.000,1,True
4th Belgrade Summer GM,12,1.000,2,True
4th Belgrade Summer IM,10,1.000,2,True
24th HZ Open 2022,157,1.000,1,True
1st Thessaloniki Int 2022,47,1.000,1,True
37th Geraardsbergen Open,36,1.000,1,True
46th Badalona Open 2022,36,1.000,1,True
9th Prague Summer Open,124,1.000,1,True
Minsk-2022,93,1.000,1,True
RUDAR 3 IM August 2022,10,1.000,2,True
SS Manhem IM 2022,10,1.000,2,True
Iuliu Szabo Memorial 2022,10,1.000,2,True
2nd Merida World Heritage,51,1.000,2,True
VIII Closed GM Barcelona,20,1.000,1,True
VIII Closed IM Barcelona,20,1.000,1,True
Hollywood Norm Classic #3,42,1.000,2,True
RADNICKICHESS GM RR2 2022,20,1.000,2,True
4th Bamberg Open 2022,58,1.000,1,True
58th Rubinstein Mem GM,10,1.000,2,True
Reti Mem GM 2022,10,1.000,1,True
Reti Mem IM 2022,10,1.000,1,True
87th ch-ESP 2022,109,1.000,2,True
ch-AUT 2022,67,1.000,2,True
ch-BEL 2022,10,1.000,1,True
Bruges Masters 2022,40,1.000,1,True
23rd Olomouc A GM 2022,10,1.000,2,True
23rd Olomouc B1 IM 2022,10,1.000,2,True
23rd Olomouc B2 IM 2022,10,1.000,2,True
23rd Olomouc C Open 2022,31,1.000,1,True
Smuk Skak GM 2022,10,1.000,1,True
Stare Mesto Open 2022,42,1.000,1,True
Ustron Open A 2022,72,1.000,1,True
9th Washington Int 2022,34,1.000,2,True
RUDAR 4 IM August 2022,10,1.000,2,True
Uppsala GM 2022,10,1.000,2,True
ONJK Group A 2022,11,1.000,2,True
20th Spilimbergo Open,52,1.000,1,True
34th Kiel Open 2022,134,1.000,1,True
Istanbul Open 2022,52,1.000,1,True
28th Abu Dhabi Masters,148,1.000,2,True
German Masters 2022,10,1.000,1,True
DEM 2022,44,1.000,2,True
DFEM 2022,26,1.000,2,True
BSSZ Aranytiz GM 2022,10,1.000,1,True
BSSZ Aranytiz IM 2022,10,1.000,1,True
23rd Sants Open 2022,104,1.000,1,True
3rd Tras-os-Montes Open,95,1.000,2,True
AMAKS Resort Orbit 2022,35,1.000,1,True
Skalica Open 2022,68,1.000,1,True
Riga Tech Open A 2022,100,1.000,1,True
Zheliandinov Memorial 2022,12,1.000,2,True
FSGM August 2022,10,1.000,1,True
FSIM August 2022,10,1.000,1,True
122nd US Open Barber 2022,13,1.000,1,True
122nd US Open Denker 2022,21,1.000,1,True
122nd US Open Haring 2022,13,1.000,1,True
122nd US Open Irwin 2022,22,1.000,1,True
TCh-TUR Super League 2022,108,1.000,1,True
22nd Dubai Open 2022,244,1.000,1,True
4th San Cristobal Open,94,1.000,1,True
Aix-en-Provence GM 2022,10,1.000,2,True
Maia Chess Open 2022,122,1.000,1,True
Montserrat Open 2022,72,1.000,1,True
V Concello de Carballo,28,1.000,1,True
20th EU U14 2022,33,1.000,1,True
RUDAR 5 IM August 2022,10,1.000,2,True
OBRO International 2022,20,1.000,2,True
GP Romania Stage 3 2022,60,1.000,1,True
ch-Nordic Youth Gp A 2022,12,1.000,2,True
TCh-ESP 2nd Div 2022,202,1.000,1,True
9th Sinquefield Cup 2022,10,1.000,1,True
1000GM Labor Day GM 2022,10,1.000,2,True
1000GM Labor Day IM 2022,10,1.000,2,True
14th Montalvo Mem,63,1.000,2,True
24th Trieste Open 2022,45,1.000,1,True
Bobby Fischer 1972 GMA,10,1.000,2,True
Graz Open A 2022,40,1.000,1,True
II Niteroi Chess Open,172,1.000,2,True
Northumbria GM 2022,10,1.000,2,True
Northumbria IM 2022,10,1.000,2,True
SVW Int. Masters 2022,20,1.000,1,True
Enea TCh-POL Ekstraliga,67,1.000,1,True
TCh-POL 2nd League 2022,338,1.000,1,True
9th Sinquefield Cup TB,2,1.000,2,True
75th ch-RUS 2022,12,1.000,1,True
72nd ch-RUS w 2022,12,1.000,1,True
2nd President of UZB 2022,40,1.000,2,True
Mindsports Masters GM,10,1.000,2,True
Mindsports Masters IM,10,1.000,2,True
FSIM September 2022,12,1.000,1,True
4th Mutxamel IM 2022,6,1.000,2,True
Quebec Open 2022,41,1.000,2,True
Bucaramanga Ciudad Bonita,20,1.000,2,True
I Deputacion da Coruna,46,1.000,1,True
TCh-CHN DivA Standard,227,1.000,1,True
Astana WGP 2022,12,1.000,1,True
26th HIT Open 2022,98,1.000,2,True
Panchenko Mem Open A 2022,127,1.000,1,True
Panchenko Mem Open B 2022,77,1.000,1,True
Chhattisgarh CM Masters,124,1.000,1,True
SixDays Budapest Sept GM,20,1.000,2,True
SixDays Budapest Sept IM,20,1.000,2,True
ch-Vienna State 2022,10,1.000,1,True
City Park Sochi Open 2022,29,1.000,1,True
ch-POR 2022,9,1.000,2,True
ch-POR Women 2022,8,1.000,1,True
FISU World Uni Classic,35,1.000,2,True
3rd Barreau de Paris GM,10,1.000,2,True
6th Villa de Gijon Open,40,1.000,1,True
Hess. Schachverbandes IM,24,1.000,2,True
Japfa GM Match 2022,2,1.000,2,True
Japfa GM Match Women 2022,2,1.000,2,True
World Youth Open U18 2022,68,1.000,1,True
World Youth Open U16 2022,75,1.000,1,True
World Youth Girls U16,452,1.000,1,True
World Youth Open U14 2022,90,1.000,1,True
20th Premier League BIH,59,1.000,1,True
TCh-ESP Div Honor 2022,53,1.000,1,True
TCh-ESP Div 1 2022,60,1.000,1,True
75th ch-RUS TB 2022,2,1.000,3,False
ch-SVK 2022,20,1.000,2,True
4th ESNA Ind 2022,20,1.000,2,True
1st Pedro Henriquez Urena,20,1.000,2,True
1000GM #0003 GM 2022,10,1.000,2,True
1000GM #0004 IM 2022,10,1.000,2,True
30th TCh-CRO Div 1a 2022,133,1.000,1,True
37th ECC Open 2022,316,1.000,1,True
37th ECC Women 2022,78,1.000,1,True
21st Karpov Poikovsky,18,1.000,1,True
Itzehoe Open 2022,66,1.000,2,True
ChessMood Open 2022,64,1.000,1,True
Isola del Sole Open 2022,34,1.000,1,True
30th TCh-CRO Women 2022,73,1.000,2,True
1st League Cent-SRB 2022,89,1.000,2,True
ch-USA 2022,14,1.000,1,True
ch-USA w 2022,14,1.000,1,True
4th Yerevan Open A 2022,55,1.000,1,True
44th Arco Open 2022,174,1.000,1,True
Skyline Open 2022,43,1.000,2,True
13th Calgary Int 2022,10,1.000,2,True
25th Basel Schachfestival,46,1.000,1,True
Pearl Open 2022,52,1.000,1,True
TCh-AUT 2nd Mitte 2022-23,339,1.000,1,True
TCh-AUT 2nd West 2022-23,326,1.000,1,True
TCh-ROU Superliga 2022,71,1.000,1,True
Tournament of Peace 2022,10,1.000,1,True
25th Hoogeveen Matches,4,1.000,1,True
25th Hoogeveen Open 2022,98,1.000,2,True
ProAm 100 Ani FADA 2022,170,1.000,2,True
Vezerkepzo GM Oct 2022,10,1.000,1,True
FSGM October 2022,10,1.000,1,True
FSIM October 2022,10,1.000,1,True
Hvar Open 2022,53,1.000,2,True
15th Chioggia Open A 2022,30,1.000,2,True
3rd La Nucia Open 2022,53,1.000,1,True
ch-Int CAN 2022,29,1.000,2,True
Hull 4NCL GM 2022,10,1.000,2,True
Hull 4NCL Open 2022,46,1.000,2,True
Odensemesterskabet IM,11,1.000,2,True
Rogachev Masters 2022,20,1.000,2,True
V.I. Flaming Mem 2022,10,1.000,2,True
TCh-ISL Kvika 2022-23,120,1.000,2,True
ECo-C Extraliga 2022-23,527,1.000,1,True
Portuguese Supercup 2022,8,1.000,1,True
ch-USA Women TB 2022,2,1.000,3,False
20th BCC Open 2022,68,1.000,1,True
Chigorin Memorial 2022,222,1.000,1,True
4th EJCOA Inv 2022,10,1.000,2,True
25th Hoogeveen Matches TB,2,1.000,2,True
25th Hoogeveen Final 4,4,1.000,3,False
RADNICKICHESS IM Oct 2022,10,1.000,2,True
Vezerkepzo IM Oct 2022,10,1.000,1,True
ch-ALG 2022,16,1.000,1,True
Bundesliga 2022-23,790,1.000,1,True
4NCL 2022-23,600,1.000,1,True
30th TCh-MKD 2022,59,1.000,1,True
19th Asian Continental,177,1.000,1,True
19th Asian Continental w,98,1.000,1,True
16th Malaga Open,109,1.000,2,True
13th Maria Albulet Mem,20,1.000,2,True
ch-CAT 2022,16,1.000,2,True
ch-CAT Women 2022,16,1.000,2,True
16th Deizisau Autumn Open,36,1.000,1,True
Vezerkepzo Fall GM 2022,20,1.000,1,True
Vezerkepzo Fall IM 2022,20,1.000,1,True
1000GM Hollywood Masters,70,1.000,2,True
5th Kaltern-Trophy 2022,36,1.000,2,True
Challengers Tour Final 4,4,1.000,4,False
IV Mar de Ajo Open 2022,30,1.000,2,True
RADNICKICHESS IM 2 Oct,10,1.000,1,True
Zonal 2.4 2022,46,1.000,2,True
Scarborough Congress 2022,34,1.000,1,True
Icelandic Women Open 2022,11,1.000,1,True
TCh-EUR Senior +50 2022,230,1.000,1,True
TCh-EUR Senior +65 2022,214,1.000,1,True
TCh-SLO Div 1 West 2022,89,1.000,1,True
ECo-C TCh-SVK 2022-23,550,1.000,1,True
Frauenbundesliga 2022-23,468,1.000,1,True
TCh-AUT 2nd Ost 2022-23,472,1.000,1,True
St Louis Fall A 2022,10,1.000,1,True
St Louis Fall B 2022,10,1.000,1,True
Copa Mercosur 2022,20,1.000,1,True
Vicente Lopez 2022,20,1.000,1,True
12th Hradec Kralove Open,55,1.000,1,True
25th OIBM 2022,200,1.000,1,True
30th EY Open U18 2022,49,1.000,1,True
30th EY Girls U18 2022,45,1.000,1,True
FSGM November 2022,10,1.000,1,True
Texas Collegiate Superfin,29,1.000,2,True
GoAudit Open 2022,32,1.000,2,True
Baden-Baden Herbstopen,40,1.000,1,True
TCh-AUT 2022-23,249,1.000,1,True
TCh-SRB 1st League w 2022,97,1.000,1,True
81st ch-ITA 2022,12,1.000,1,True
11th Beirut Open 2022,60,1.000,1,True
FSIM November 2022,10,1.000,1,True
ch-CHN 2022,12,1.000,2,True
ch-CHN Women 2022,12,1.000,2,True
ch-CHN TB 6th-7th 2022,2,1.000,2,True
11th Brno IM 2022,10,1.000,2,True
30th EY Open U16 2022,56,1.000,1,True
30th EY Girls U16 2022,48,1.000,1,True
30th EY Open U14 2022,53,1.000,1,True
30th EY Girls U14 2022,48,1.000,1,True
30th EY Open U12 2022,54,1.000,1,True
Radzikowska POL-ROW TB,20,1.000,2,True
New York Fall GMA 2022,10,1.000,2,True
New York Fall IMC 2022,10,1.000,2,True
New York Fall IMD 2022,10,1.000,2,True
Magistral Franca Garcia,10,1.000,2,True
TCh-SRB Druga 2022,93,1.000,2,True
TCh-NOR Elite 2022-23,227,1.000,1,True
81st ch-ITA Women 2022,8,1.000,1,True
81st ch-ITA U20 2022,8,1.000,1,True
World Senior 50+ 2022,118,1.000,1,True
World Senior 65+ 2022,143,1.000,1,True
Charlotte Fall GMA 2022,10,1.000,2,True
Charlotte Fall GMB 2022,10,1.000,2,True
Charlotte Fall GMC 2022,10,1.000,2,True
Charlotte Fall IMD 2022,10,1.000,2,True
Charlotte Fall IME 2022,10,1.000,2,True
ch-Commonwealth 2022,64,1.000,1,True
Int ch-Central SRB 2022,49,1.000,1,True
Vezerkepzo Nov GM 2022,12,1.000,2,True
Vezerkepzo Nov GM2 2022,10,1.000,1,True
Vezerkepzo Nov IM 2022,10,1.000,1,True
18th Ugra Governor's Cup,39,1.000,1,True
Asian Juniors 2022,28,1.000,2,True
11th Brno Open 2022,57,1.000,1,True
Maplewood Inv 2022,10,1.000,2,True
Nakhchivan CC IM 2022,10,1.000,2,True
Banff Open 2022,53,1.000,2,True
ch-TUR 2022,20,1.000,1,True
Charlotte Fall IMF 2022,10,1.000,2,True
US Chess Masters 2022,113,1.000,2,True
16th IT Tuzla 2022,34,1.000,2,True
1st ESNA Ind Women 2022,9,1.000,2,True
20th Turkey Bowl Open,18,1.000,1,True
41st ch-ISR 2022,32,1.000,1,True
ch-ISR Women 2022,10,1.000,1,True
ch-CRO 2022,24,1.000,1,True
ch-KAZ 2022,14,1.000,2,True
ch-KAZ Women 2022,11,1.000,2,True
70th ch-HUN 2022,10,1.000,1,True
70th ch-HUN Women 2022,10,1.000,1,True
71st ch-GRE 2022,10,1.000,1,True
44th ch-GRE Women 2022,11,1.000,2,True
97th ch-ARG 2022,12,1.000,2,True
The Game has begun! Boys,20,1.000,1,True
The Game has begun! Girls,20,1.000,1,True
RUDAR 6 IM December 2022,10,1.000,2,True
3rd elllobregat Open 2022,114,1.000,1,True
CFSL Golden Jubilee Open,36,1.000,2,True
SixDays Budapest Nov GM,50,1.000,2,True
SixDays Budapest Nov IM,40,1.000,2,True
1st ITT Sabaneta 2022,113,1.000,2,True
2nd Magistral Integration,20,1.000,2,True
ch-KOS 2022,31,1.000,2,True
ch-CRO 2021,24,1.000,1,True
Bangabandhu Premier 2022,99,1.000,1,True
16th ch-SRB 2022,10,1.000,1,True
16th ch-SRB w 2022,10,1.000,1,True
IV Duchamp Int Open 2022,118,1.000,2,True
GM Bijeljina 1 2022,10,1.000,2,True
Almaty Academy Dec GM,10,1.000,2,True
Almaty Academy Dec IM,10,1.000,2,True
106th ch-Marshall CC 2022,15,1.000,2,True
ch-CRO w 2022,8,1.000,1,True
11th Palmanova Open 2022,37,1.000,2,True
Wiener Advent Open 2022,38,1.000,1,True
ch-POL Semifinal 2022,38,1.000,1,True
Gran Hotel Bali Open A,435,1.000,1,True
1000GM Bay Area GM 2022,10,1.000,2,True
1000GM Bay Area IM 2022,10,1.000,2,True
December Evenings 2022,20,1.000,1,True
ITT Fortalece Sede 2022,26,1.000,2,True
1st Al-Beruniy Open 2022,26,1.000,2,True
Thailand Team Open 2022,48,1.000,2,True
32nd Carlos Torre Mem,73,1.000,2,True
SPICE Cup Open 2022,77,1.000,2,True
19th Vandoeuvre Open 2022,28,1.000,1,True
47th ch-Bangahbandhu 2022,14,1.000,1,True
88th ch-BRA 2022,101,1.000,2,True
Portuguese Masters 2022-3,10,1.000,2,True
Portuguese Honra 2022-3,10,1.000,2,True
FSGM December 2022,10,1.000,1,True
FSIM December 2022,10,1.000,1,True
GM Bijeljina 2 2022,10,1.000,1,True
2nd Almaty Academy Dec GM,10,1.000,2,True
Caissa Hotel Papatya Gp,12,1.000,2,True
Fortalece Sede Palmira,26,1.000,2,True
3rd elllobregat Open TB,3,1.000,2,True
MPCL Manny Pacquiao Open,52,1.000,2,True
Malmo Open 2022,62,1.000,1,True
NCC IM 2 2022,10,1.000,2,True
ch-NED w 2022,6,1.000,1,True
58th Groningen Open 2022,40,1.000,1,True
59th ch-IND 2022-23,325,1.000,1,True
48th ch-IND w 2022,193,1.000,1,True
RUDAR 8 IM December 2022,10,1.000,2,True
9th Sunway Sitges TB 7-8 2022,2,1.000,3,False
9th Sunway Sitges TB 4-7 2022,4,1.000,5,False
9th Sunway Sitges TB 2-3 2022,2,1.000,3,False
Vezerkepzo GM Dec 2022,10,1.000,1,True
Vezerkepzo IM Dec 2022,10,1.000,1,True
4th Almaty Academy Dec IM,10,1.000,2,True
14th Penang Open 2022,76,1.000,2,True
RUDAR 7 IM December 2022,10,1.000,2,True
Caissa Hotel Krizantem Gp,12,1.000,2,True
50th Rilton Cup 2022-23,267,1.000,1,True
33rd Cracovia Open A,138,1.000,2,True
130th ch-NZL Open 2023,43,1.000,1,True
ch-NED w Final Matches,6,1.000,1,True
11th Lorca Open 2022,66,1.000,2,True
32nd North American Open,100,1.000,1,True
7th Johor Open 2022,72,1.000,2,True
Basel Christmas Open 2022,47,1.000,1,True
Karlstad Open 2022,37,1.000,1,True
Fortalece Sede Cali 2022,32,1.000,2,True
CXU Obro New Year 2022,50,1.000,1,True
XLI Ludwika Zamenhofa Mem,70,1.000,2,True
Caissa Hotel Sebboy Gp,12,1.000,2,True
Andranik Margaryan Mem GM,40,1.000,2,True
21st Prague Open 2023,101,1.000,1,True
82nd ch-GEO 2023,10,1.000,1,True
Australian Open 2023,46,1.000,1,True
Vezerkepzo Christmas GM,20,1.000,1,True
Vezerkepzo Christmas IM,20,1.000,1,True
White Rook Cup GM 2023,10,1.000,2,True
7th Gutman Memorial,12,1.000,2,True
27th Bosnjaci Open,83,1.000,1,True
34th Roquetas de Mar Open,93,1.000,1,True
Cape Town Masters IM 2023,10,1.000,2,True
Irish New Year GM 2023,10,1.000,2,True
Irish New Year IM 2023,10,1.000,2,True
3rd Parma City of Culture,19,1.000,1,True
85th Tata Steel Masters,14,1.000,1,True
New York Winter GMA 2023,10,1.000,2,True
New York Winter GMB 2023,10,1.000,2,True
New York Winter IMC 2023,10,1.000,2,True
New York Winter IMD 2023,10,1.000,2,True
21st Marienbad A1 GM 2023,10,1.000,2,True
21st Marienbad A2 GM 2023,10,1.000,2,True
48th Seville Open 2023,48,1.000,1,True
78th ch-ARM w 2023,10,1.000,1,True
89th ch-BLR 2023,10,1.000,1,True
79th ch-BLR w 2023,10,1.000,1,True
Charlotte Open 2023,57,1.000,2,True
Bob Wade Masters 2023,10,1.000,2,True
Hastings W/e Op 2023,47,1.000,2,True
10th Ann. Platja d'Aro CC,10,1.000,2,True
1st Bishan Singh Ji Mem,98,1.000,1,True
Januariturneringen 2023,23,1.000,2,True
85th Tata Steel Qualifier,10,1.000,1,True
77th ch-AZE Final 2023,4,1.000,2,True
SixDays Budapest Jan GM,10,1.000,2,True
SixDays Budapest Jan IMA,10,1.000,2,True
SixDays Budapest Jan IMB,10,1.000,2,True
21st Marienbad B1 IM 2023,10,1.000,2,True
21st Marienbad B2 IM 2023,10,1.000,2,True
Paracin Prestige Open,140,1.000,2,True
Robert Byrne Mem GM 2023,10,1.000,2,True
Robert Byrne Mem IM 2023,10,1.000,2,True
SJCC 1000GM Winter 2023,14,1.000,3,False
29th 4NCL Congress 2023,51,1.000,2,True
Dana Republike Srpske GM,10,1.000,2,True
Lozovatsky Mem A 2023,311,1.000,1,True
Lozovatsky Mem B 2023,146,1.000,1,True
RUDAR 9 Nesic Mem 2023,20,1.000,2,True
Sakha (Yakutia) Cup 2023,35,1.000,1,True
Central Asian Chess Cup,26,1.000,1,True
Oceania Zonal 2023,76,1.000,1,True
Oceania Zonal TB 2023,2,1.000,2,True
Perez Chess Open 2023,46,1.000,1,True
1000GM St Louis GM Jan,12,1.000,2,True
1000GM St Louis IM Jan,12,1.000,2,True
Las Vegas Jan Norm RR,6,1.000,2,True
Munich WGP 2023,12,1.000,1,True
75th ch-MNE 2023,52,1.000,1,True
ch-AZE Women 2023,11,1.000,1,True
RUDAR 10 IM 2023,10,1.000,2,True
80th ch-GEO w 2023,10,1.000,1,True
6th Marcel Duchamp Cup,121,1.000,1,True
74th ch-SGP 2023,72,1.000,1,True
Vergani Cup Masters 2023,48,1.000,2,True
ch-CHN GpB Men 2023,128,1.000,2,True
ch-CHN GpB Women 2023,62,1.000,2,True
Sligo Spring Masters 2023,22,1.000,2,True
TCh-CAT Gp2 2023,293,1.000,1,True
FIDE Disabilities Olym,350,1.000,1,True
CHN League Div A KO,46,1.000,1,True
CHN League Div A RR,21,1.000,1,True
21st Lienz Open 2023,79,1.000,1,True
21st Rochefort Open 2023,33,1.000,1,True
AQ Prime ch-ASEAN 2023,12,1.000,2,True
FSGM February 2023,10,1.000,1,True
FSIM February 2023,10,1.000,1,True
Gligoric Trophy Gp C 2023,4,1.000,6,False
ch-MDA 2023,10,1.000,1,True
ch-PHI 2023,10,1.000,2,True
ch-SRB Semi-Final 2023,27,1.000,2,True
ch-SRB SF Women 2023,15,1.000,1,True
ch-Aarhus Master 1 2023,6,1.000,2,True
Guba Open 2023,34,1.000,1,True
RADNICKICHESS GM Jan 2023,20,1.000,1,True
RADNICKICHESS IM Jan 2023,20,1.000,1,True
Vienna GM 2023,10,1.000,2,True
Vienna WIM 2023,10,1.000,2,True
Vienna Match 2023,2,1.000,1,True
2nd Bundesliga Nord 22-23,279,1.000,1,True
2nd Bundesliga Sud 2223,275,1.000,1,True
42nd TCh-IND 2023,70,1.000,1,True
TCh-IND Women 2023,42,1.000,1,True
WR Chess Masters 2023,10,1.000,1,True
39th Cappelle Open 2023,62,1.000,1,True
8th Noisiel Open 2023,36,1.000,2,True
WWRR IM 2023,10,1.000,2,True
ch-ROU 2023,69,1.000,2,True
ch-ROU Women 2023,30,1.000,2,True
ch-HUN U20 2023,24,1.000,2,True
Cambridge Int Open 2023,103,1.000,2,True
19th Caspian Cup 2023,27,1.000,1,True
Coventry Open 2023,32,1.000,3,False
2nd She Plays To Win 2023,10,1.000,2,True
II Mindsports Masters IMA,10,1.000,2,True
II Mindsports Masters IMB,10,1.000,2,True
59th ch-CUB 2023,12,1.000,1,True
ch-CHI 2023,12,1.000,2,True
ch-CHI Women 2023,12,1.000,2,True
WR Chess Masters TB 2023,3,1.000,3,False
22nd Liberec Open 2023,91,1.000,1,True
Arab Championship 2023,68,1.000,2,True
36th Cannes Open 2023,35,1.000,1,True
Djerba Masters TB 2023,2,1.000,2,True
Vezerkepzo GM Winter 2023,10,1.000,2,True
Vezerkepzo GM Carnival,10,1.000,2,True
Vezerkepzo IM Winter 2023,10,1.000,2,True
Baden-Baden Faschingsopen,163,1.000,1,True
Basel Carnival Open 2023,43,1.000,1,True
ch-CUB w 2023,12,1.000,1,True
Kragero Resort Chess 2023,100,1.000,2,True
Marshall Winter IM 2023,10,1.000,2,True
I Navidad Diagonal Open,132,1.000,2,True
UZB Scheveningen Team,10,1.000,2,True
TCh-CHN League 2022,65,1.000,1,True
TCh-CHN Women League 2022,39,1.000,1,True
TCh-CHN League B 2022,41,1.000,2,True
23rd ch-EUR Indiv 2023,481,1.000,1,True
23rd Mediterranean Flower,10,1.000,2,True
Zonal 2.5 2023,48,1.000,2,True
Zonal 2.5 Women 2023,18,1.000,2,True
Chessemy Open A 2023,83,1.000,1,True
11th Pilsen IM 2023,10,1.000,2,True
11th Pilsen Open 2023,49,1.000,1,True
Graz Open A 2023,3,1.000,1,True
l'Ile de France Jeunes GM,20,1.000,2,True
TCh-LTU 2023,147,1.000,1,True
Saint Louis Super Swiss,32,1.000,2,True
38th ChessOrg Open,117,1.000,1,True
Excelsior March Open 2023,33,1.000,1,True
ch-UZB Women 2023,26,1.000,1,True
1000GM LA GM 2023,12,1.000,2,True
1000GM LA IM GpB 2023,10,1.000,2,True
1000GM LA Inv GpC 2023,10,1.000,2,True
23rd ch-EUR Indiv w 2023,136,1.000,1,True
27th HIT Open 2023,84,1.000,2,True
96th ch-St Petersburg,19,1.000,1,True
91st ch-St Petersburg w,11,1.000,1,True
Arandjelovac Open 2023,48,1.000,2,True
ch-CZE U20 2023,12,1.000,2,True
FSGM March 2023,10,1.000,1,True
FSIM March 2023,10,1.000,1,True
Charlotte Spring GMA 2023,10,1.000,2,True
Charlotte Spring IMB 2023,10,1.000,2,True
Charlotte Spring IMC 2023,10,1.000,2,True
Excelsior March GM 2023,10,1.000,2,True
Festival Primavera 2023,38,1.000,1,True
ch-DOM 2023,67,1.000,1,True
UK vs UKR Solidarity m,2,1.000,1,True
New Delhi WGP 2023,21,1.000,1,True
20th Delhi Open 2023,77,1.000,1,True
Kvisla Invitational 2023,10,1.000,1,True
271st YMCA Winter A 2023,33,1.000,1,True
270th YMCA Winter B 2023,32,1.000,1,True
5th Ivy League Challenge,28,1.000,2,True
Reykjavik Open 2023,731,1.000,2,True
Fagernes GM Open 2023,93,1.000,2,True
52nd Mar Del Plata Open,61,1.000,1,True
93rd ch-URU 2023,24,1.000,2,True
Kasimdzhanov Challengers,10,1.000,5,False
26th Schloss Open 2023,64,1.000,2,True
TCh-SUI SGM 2022-23,32,1.000,1,True
College Final Four 2023,19,1.000,2,True
WCh 2023,2,1.000,1,True
China Zonal 3.5 2023,27,1.000,1,True
China zt 3.5 Women 2023,30,1.000,1,True
Swiss Young Masters 2023,10,1.000,1,True
ch-FIN 2023,17,1.000,1,True
BSV BEM Masters 2023,28,1.000,1,True
1st Paphos Int Open 2023,53,1.000,1,True
67th ch-WLS 2023,19,1.000,2,True
20th Neckar Open 2023,58,1.000,1,True
Southend Masters 2023,10,1.000,2,True
49th La Roda Open 2023,77,1.000,1,True
15th Foxwoods Open,69,1.000,2,True
O2C Doeberl Cup 2023,36,1.000,1,True
VII Semana Santa Alicante,147,1.000,1,True
Basel Easter Master 2023,58,1.000,1,True
15th Montalvo Mem 2023,72,1.000,2,True
2nd Millennium Masters,10,1.000,2,True
43rd San Sebastian Open,60,1.000,1,True
1st Velemajstor CC IM,10,1.000,2,True
LXVIII Mexican Open 2023,51,1.000,1,True
ch-DEN 2023,10,1.000,1,True
ch-FAI 2023,8,1.000,1,True
LA IM Norm Schev Apr 2023,10,1.000,2,True
SixDays Budapest Mar GMA,10,1.000,2,True
SixDays Budapest Mar GMB,10,1.000,2,True
SixDays Budapest Mar IM,10,1.000,2,True
Choc des generations 2023,20,1.000,2,True
PGNiG ch-POL Women 2023,10,1.000,1,True
Mitropa Cup 2023,45,1.000,1,True
Mitropa Cup Women 2023,48,1.000,1,True
Sahibkiran Amir Temur Cup,108,1.000,1,True
II Menorca Open 2023,74,1.000,1,True
FSGM April 2023,10,1.000,1,True
FSIM April 2023,12,1.000,1,True
WALTON International 2023,20,1.000,1,True
Kenya Open 2023,154,1.000,1,True
16th Agzamov Mem 2023,42,1.000,2,True
Canadian Closed 2023,26,1.000,2,True
8th Easter Montesilvano,42,1.000,2,True
ECAM Lyon GM 2023,10,1.000,2,True
ECAM Lyon IM 2023,10,1.000,2,True
ECAM Lyon WIM 2023,10,1.000,2,True
Pobeskydi IM 2023,10,1.000,2,True
Pobeskydi Open Talents,55,1.000,2,True
Grand Pacific Open 2023,35,1.000,1,True
II Villa de Zahara 2023,10,1.000,2,True
46th ch-THA 2023,34,1.000,2,True
Caissa Hotel Akasya Gp,12,1.000,2,True
Dimitrovgrad Spring Vac,12,1.000,2,True
II Sunway Formentera Open,57,1.000,1,True
ch-FRA U20 2023,20,1.000,1,True
ch-POR w 2022-23,16,1.000,2,True
Vezerkepzo GM Easter 2023,10,1.000,1,True
Vezerkepzo IM Easter 2023,10,1.000,1,True
Vezerkepzo IM April 2023,10,1.000,1,True
Martelli Young Talents,10,1.000,1,True
SonFlow Cup Master 2 2023,6,1.000,2,True
Caissa Hotel Kadife Gp,12,1.000,2,True
1000GM Bay Area Schev Apr,14,1.000,2,True
TCh-CAT GpB Final 2023,122,1.000,1,True
33rd ch-SLO 2023,76,1.000,2,True
Sunway Formentera TB 1-4,4,1.000,5,False
Sunway Formentera TB 5-8,8,1.000,4,False
Kazakhstan Chess Cup 2023,73,1.000,1,True
ch-RUS Junior 2023,10,1.000,1,True
ch-RUS Junior TB 2023,2,1.000,3,False
ch-RUS Junior Girls 2023,10,1.000,1,True
Caissa Hotel Yasemin Gp,12,1.000,2,True
2nd Mikis Theodorakis,38,1.000,1,True
3rd Sat Djenovici IM IV,10,1.000,1,True
Excelsior April Open 2023,18,1.000,2,True
RUDAR 11 IM 2023,10,1.000,2,True
Vrindavana MMT Open 2023,91,1.000,1,True
54th Italian Teams GpA,42,1.000,2,True
54th Italian Teams GpB,45,1.000,2,True
54th Italian Teams GpA TB,34,1.000,1,True
54th Italian Teams GpB TB,31,1.000,1,True
TCh-RUS Premier 2023,74,1.000,1,True
IBCA European Teams 2023,59,1.000,1,True
Superbet Classic 2023,10,1.000,1,True
28th Sigeman & Co 2023,8,1.000,1,True
56th Capablanca Mem Elite,10,1.000,1,True
Stepan Avagyan Mem 2023,10,1.000,1,True
Asian Zonal zt 3.2 2023,55,1.000,1,True
Ramat Gan Spring Masters,82,1.000,1,True
Open ch-MKD 2023,69,1.000,2,True
XXIII Foment Martinenc Op,205,1.000,1,True
Dutch Youth U18 2023,29,1.000,1,True
Vezerkepzo GM April 2023,20,1.000,1,True
Vezerkepzo IM2 April 2023,20,1.000,1,True
ch-LAT 2023,38,1.000,2,True
ch-LAT Women 2023,30,1.000,2,True
ch-KGZ 2023,24,1.000,1,True
ch-KGZ Women 2023,24,1.000,1,True
RUDAR 12 IM 2023,20,1.000,2,True
Caissa Hotel Begonvil Gp,24,1.000,2,True
II Rio Chess Open 2023,105,1.000,2,True
English Seniors 50+ 2023,33,1.000,2,True
English Seniors 65+ 2023,34,1.000,2,True
98th ch-ARG Semi-Final,259,1.000,1,True
German Team  Cup 2023,16,1.000,2,True
TCh-MNE Premier 2023,63,1.000,1,True
ch-ISL 2023,12,1.000,1,True
ch-CZE 2023,10,1.000,1,True
56th ch-IRI 2023,14,1.000,2,True
Magistral 70 Panno WCh,10,1.000,2,True
ITT 70 Panno WCh,10,1.000,2,True
Bodensee Open 2023,83,1.000,1,True
ch-Africa 2023,40,1.000,1,True
ch-Africa Women 2023,22,1.000,1,True
Asian Zonal zt 3.3 2023,35,1.000,2,True
Asian Zonal zt 3.3 w 2023,23,1.000,2,True
14th American Cont. Women,23,1.000,1,True
54th Belgrade WGM 2023,10,1.000,2,True
Caissa Hotel Iris Gp,12,1.000,2,True
47th ch-Bangahbandhu TB,2,1.000,2,True
TCh-RUS Women 2023,50,1.000,1,True
TCh-RUS HL 2023,78,1.000,1,True
Croatian Cup 2023,92,1.000,1,True
Nicosia WGP 2023,12,1.000,1,True
16th American Continental,109,1.000,1,True
6th Sharjah Masters 2023,78,1.000,1,True
Vezerkepzo Pentecost GM,10,1.000,1,True
Vezerkepzo Pentecost GM2,10,1.000,1,True
Vezerkepzo Pentecost IM2,10,1.000,1,True
FSGM May 2023,10,1.000,1,True
FSIM May 2023,10,1.000,1,True
1st Pays de Bray IM 2023,10,1.000,2,True
Alejandro Bermejo Mem,31,1.000,1,True
Bundesturnier SUI 2023,39,1.000,1,True
Fredericia IM 2023,10,1.000,2,True
Rudolf Teschner Mem 2023,37,1.000,1,True
Vienna Schev May 2023,12,1.000,2,True
TCh-NOR Club 2023,68,1.000,1,True
TCh-SLO Women 2023,19,1.000,1,True
9th Gligoric Cup 2023,29,1.000,1,True
9th Gligoric Cup Women,20,1.000,1,True
23rd Dubai Open 2023,165,1.000,1,True
ECU Senior +65 2023,126,1.000,1,True
ECU Senior +50 2023,120,1.000,1,True
15th BPB Limburg Open,49,1.000,1,True
ch-MGL 2023,12,1.000,2,True
ch-MGL Women 2023,11,1.000,2,True
ChessKid Cup Div 1 L,7,1.000,3,False
ch-ISL TB 2023,3,1.000,4,False
6th Sharjah Challengers,42,1.000,1,True
English Open 2023,64,1.000,2,True
English Women's 2023,22,1.000,2,True
Tatrafest Tatry Open 2023,19,1.000,1,True
3rd Sat Djenovici IM V,10,1.000,1,True
Vezerkepzo Pentecost IM,10,1.000,1,True
Stuttgart Int Open 2023,54,1.000,1,True
28th Space Coast Open,23,1.000,1,True
Hanoi GMA 2023,12,1.000,2,True
Hanoi IMA 2023,10,1.000,2,True
11th Norway Chess 2023,20,1.000,1,True
3rd Cairns Cup 2023,10,1.000,1,True
20th Asian Continental,87,1.000,2,True
20th Asian Continental w,38,1.000,2,True
2nd Maharashtra GM Open,82,1.000,1,True
Vidit-Svidler Std 2023,2,1.000,1,True
Short-Sadhwani Std 2023,2,1.000,1,True
1st Munich Pfingst-Open A,163,1.000,2,True
37th Voivoda Cup 2023,20,1.000,2,True
UKR-GEO Solidarity 2023,4,1.000,1,True
23rd Dubai Open B 2023,163,1.000,1,True
Zonal 3.1 2023,32,1.000,1,True
Hanoi GMB 2023,24,1.000,2,True
Hanoi IMB 2023,20,1.000,2,True
16th Angers Open 2023,41,1.000,2,True
32nd Chicago Open 2023,90,1.000,1,True
45th Trusts Open 2023,42,1.000,2,True
5th 9 de Julio Open 2023,30,1.000,1,True
Leonid Shamkovich Mem,20,1.000,2,True
SixDays Budapest May GMA,20,1.000,2,True
SixDays Budapest May GMB,20,1.000,2,True
SixDays Budapest May IM,40,1.000,2,True
ch-GER Youth U18 2023,56,1.000,2,True
1000GM NY Mem Day GMA,6,1.000,2,True
1000GM NY Mem Day IMB,12,1.000,2,True
1000GM NY Mem Day IMC,10,1.000,2,True
ch-CHN 2023,12,1.000,1,True
ch-CHN Women 2023,12,1.000,1,True
TCh-FRA Top 16 GpA 2023,90,1.000,1,True
TCh-FRA Top 16 GpB 2023,96,1.000,1,True
CHN Team Men 2023,76,1.000,1,True
CHN Team Women 2023,48,1.000,1,True
14th KIIT Cat A Open 2023,234,1.000,2,True
17th ch-SRB 2023,10,1.000,1,True
17th ch-SRB w 2023,10,1.000,1,True
2nd Colonia de Sant Jordi,10,1.000,1,True
II Colonia Open 2023,35,1.000,1,True
Kortschnoi Memorial 2023,10,1.000,1,True
ch-LTU 2023,10,1.000,2,True
13th Rheinland-Pfalz Open,60,1.000,1,True
CKC Invitational Masters,6,1.000,2,True
CAN Transnational Classic,55,1.000,2,True
Lim Kok Ann Int Open 2023,22,1.000,1,True
ch-Malopolska 2023,64,1.000,2,True
Garesnica Open 2023,30,1.000,1,True
ch-POR Veterans +50 2023,16,1.000,1,True
ch-POR Veterans +65 2023,17,1.000,1,True
TCh-FRA Top 16 Haute 2023,76,1.000,1,True
TCh-FRA Top 16 Basse 2023,80,1.000,1,True
Silver Lake Open A 2023,75,1.000,2,True
35th Pula Open 2023,98,1.000,1,True
Voronezh Open 2023,39,1.000,1,True
II Janos Rigo Mem GM 2023,10,1.000,1,True
II Janos Rigo Mem IM 2023,10,1.000,1,True
Janos Rigo Mem Open 2023,16,1.000,1,True
22nd IPCA WCh 2023,24,1.000,1,True
1000GM Vegas Super TB,2,1.000,2,True
16th Teplice Open 2023,129,1.000,1,True
30th 4NCL Congress 2023,66,1.000,2,True
Caissa Hotel Menekse Gp,10,1.000,1,True
Carolinas Classic 2023,35,1.000,1,True
Excelsior June IM 2023,10,1.000,2,True
FSGM June 2023,10,1.000,1,True
FSIM June 2023,10,1.000,1,True
National Open 2023,105,1.000,2,True
NSW Open 2023,36,1.000,1,True
ch-SACC 2023,9,1.000,2,True
5th Prague Masters 2023,10,1.000,1,True
5th Prague Challengers,10,1.000,1,True
5th Prague Futures,6,1.000,1,True
50th Sparkassen Open A,139,1.000,1,True
50th NRW Cup 2023,20,1.000,1,True
Bydgoszcz GM 2023,6,1.000,1,True
Bydgoszcz WGM 2023,6,1.000,1,True
RADNICKICHESS IM Jun 2023,10,1.000,2,True
GM FISCA Round Robin 2023,10,1.000,2,True
VII SESC Caioba Open 2023,141,1.000,2,True
ch-USA Cadet 2023,8,1.000,2,True
25th Iraklio Open 2023,56,1.000,1,True
HSG Open 2023,59,1.000,1,True
Buenos Aires Masters 2023,72,1.000,2,True
Rain Band 1 2023,12,1.000,1,True
ch-SWE 2023,10,1.000,1,True
ch-SVK GM 2023,10,1.000,1,True
6th Bohumin Open 2023,56,1.000,1,True
6th Solta Open 2023,131,1.000,1,True
13th Vojvodina Open 2023,114,1.000,1,True
23rd Torredembarra Open,40,1.000,1,True
29th Klatovy Open 2023,58,1.000,1,True
III Llinars Int Open 2023,64,1.000,1,True
49th ch-IND w 2023,132,1.000,1,True
51st Annual World Open,206,1.000,1,True
57th Ilmar Raud Mem 2023,29,1.000,1,True
Ceske Budejovice GMA 2023,10,1.000,1,True
Ceske Budejovice GMB 2023,10,1.000,1,True
Ceske Budejovice IM 2023,10,1.000,1,True
Open IRT Sabaneta 2023,76,1.000,2,True
Purtichju Open 2023,40,1.000,1,True
76th ch-RUS HL 2023,86,1.000,1,True
73rd ch-RUS HL w 2023,84,1.000,1,True
Thailand Int Open Asean,71,1.000,2,True
5th Prague Masters TB,2,1.000,2,True
16th Philadelphia Int,87,1.000,1,True
1st Gijon Int Open 2023,46,1.000,1,True
Excelsior June GM 2023,10,1.000,2,True
ITT de la Bandera-Rosario,10,1.000,2,True
Coupe de France 2023,16,1.000,1,True
WCh Women 2023,2,1.000,1,True
4th Valencia Cuna Open,58,1.000,1,True
1000GM NY Summer GMA,20,1.000,2,True
1000GM NY Summer IMB,12,1.000,2,True
1000GM NY Summer IMC,22,1.000,2,True
16th Paracin Open A 2023,126,1.000,1,True
18th South Wales Int 2023,51,1.000,2,True
42nd Benasque Open 2023,86,1.000,1,True
42nd St Veit Open 2023,94,1.000,2,True
Charlotte Super Swiss,70,1.000,2,True
La Plagne Soleil Open,91,1.000,1,True
FSGM July 2023,10,1.000,1,True
FSIM July 2023,14,1.000,1,True
36th Leon GM 2023,4,1.000,4,False
ch-NOR 2023,44,1.000,1,True
128th ch-SCO Open 2023,60,1.000,2,True
3rd Alicante IM Teams,12,1.000,2,True
Gold Coast Open 2023,36,1.000,2,True
Int German Open Women,20,1.000,2,True
Vilnius Elite Open 2023,23,1.000,2,True
TCh-ISR Women 2023,50,1.000,2,True
TCh-TUR Super League 2023,84,1.000,1,True
Montenegro Team Cup 2023,56,1.000,1,True
56th Biel Master Open,99,1.000,1,True
Geza Hetenyi Mem 2023,10,1.000,1,True
ch-USA Junior 2023,10,1.000,1,True
ch-USA Seniors 2023,10,1.000,1,True
ch-USA Girls 2023,10,1.000,1,True
Najdorf Mem Open B 2023,76,1.000,1,True
Science Park Open A 2023,53,1.000,1,True
122nd ch-SUI 2023,10,1.000,1,True
Astana Zhuldyzdary Open A,108,1.000,2,True
44th Ghent Open 2023,14,1.000,1,True
Slovakia Chess Open 2023,74,1.000,1,True
Wood Green Inv 2023,10,1.000,2,True
Issykkul Open 2023,41,1.000,2,True
16th Poti Open 2023,32,1.000,1,True
23rd Sant Marti Open 2023,78,1.000,1,True
Serbia Open 2023,230,1.000,1,True
Charlotte Summer Swiss,23,1.000,1,True
Zadar GM 2023,10,1.000,2,True
Floripa Winter 2023,13,1.000,1,True
ch-Paris IdF 2023,38,1.000,2,True
Japan Chess Classic 2023,19,1.000,1,True
TCh-TUR 2nd League 2023,241,1.000,2,True
44th Portuguese Cup,17,1.000,1,True
TCh-EUR Senior +65 2023,82,1.000,1,True
56th Biel GM 2023,8,1.000,1,True
34th Czech Open E 2023,223,1.000,1,True
34th Czech Open A 2023,198,1.000,1,True
109th ch-GBR 2023,64,1.000,1,True
Uralsk Open 2023,48,1.000,1,True
29th Saint-Affrique Open,28,1.000,1,True
37th Avoine Open 2023,57,1.000,1,True
47th Sitges Open 2023,65,1.000,1,True
Small Land Open 2023,58,1.000,1,True
ch-AUT 2023,72,1.000,1,True
122nd ch-SUI Women 2023,10,1.000,1,True
122nd ch-SUI Senior 2023,8,1.000,1,True
14th Vaujany Open 2023,38,1.000,1,True
19th Moscow Open A 2023,132,1.000,1,True
19th Moscow Women's Open,37,1.000,1,True
3rd Monteolivete Int Open,123,1.000,1,True
31st Heart of Finland Op,62,1.000,1,True
82nd ch-ITA Semi-Final,46,1.000,2,True
Luis Hernandez Mem ITT,25,1.000,2,True
Romania GP Brasov 2023,177,1.000,1,True
Vezerkepzo Summer GM 2023,10,1.000,1,True
Vezerkepzo Summer IM 2023,10,1.000,1,True
Werner-Ott-Open 2023,21,1.000,1,True
Dutch Open 2023,91,1.000,1,True
1000GM July Norm #3 2023,38,1.000,2,True
RADNICKICHESS IM Jul 2023,24,1.000,1,True
10th Famalicao Open 2023,62,1.000,1,True
11th Pontevedra Open 2023,46,1.000,2,True
9th Oviedo Open 2023,50,1.000,1,True
II Kingston Inv 2023,10,1.000,2,True
OBRO CXU Int. 2023,30,1.000,2,True
Paul Keres Classic Open,31,1.000,1,True
I Ciudad de Huelva Closed,10,1.000,2,True
5th Bamberg Open 2023,72,1.000,1,True
3rd La Regina Open 2023,46,1.000,2,True
Prvi IM Round Robin Brcko,20,1.000,2,True
20th Sea Festival A 2023,17,1.000,2,True
Travnik Open 2023,26,1.000,1,True
32nd Pobla De Lillet Open,42,1.000,1,True
32nd Feffernitz Open 2023,46,1.000,1,True
3rd Merida World Heritage,70,1.000,1,True
10th Prague Summer Open,98,1.000,1,True
12th Split Open 2023,116,1.000,1,True
3rd Thessaloniki Int 2023,56,1.000,1,True
La Palma Island Open 2023,66,1.000,1,True
38th Geraardsbergen Open,30,1.000,1,True
7th Irena Warakomska Mem,45,1.000,2,True
7th Sueca Open 2023,60,1.000,2,True
XXX Feria de las Flores,86,1.000,2,True
1st Estival de Marseille,22,1.000,1,True
27th Creon Open 2023,23,1.000,1,True
2nd Leca Chess Open 2023,174,1.000,2,True
1000GM Aug GM 2023,10,1.000,2,True
1000GM Aug IM 2023,10,1.000,2,True
Josino Rezende Mem 2023,80,1.000,1,True
Krefeld Summer Open 2023,105,1.000,2,True
Sadoveanu Mem 2023,60,1.000,1,True
RUDAR 14 IM 2023,20,1.000,2,True
32nd Kavala Open 2023,135,1.000,1,True
25th Wasselonne Open 2023,23,1.000,1,True
SixDays Jul-Aug GMA 2023,20,1.000,2,True
SixDays Jul-Aug GMB 2023,20,1.000,2,True
SixDays Jul-Aug IM 2023,20,1.000,2,True
10th Washington Int 2023,35,1.000,2,True
21st Spilimbergo Open,89,1.000,2,True
56th Mislata Open 2023,29,1.000,2,True
94th ch-GER 2023,36,1.000,2,True
ch-GER Women 2023,22,1.000,2,True
Bruges Masters 2023,63,1.000,1,True
ch-BEL 2023,10,1.000,1,True
I CIT Open 2023,96,1.000,2,True
Open Dutch Women TOP 10,10,1.000,1,True
Ustron Open Masters 2023,53,1.000,2,True
25th HZ Open 2023,82,1.000,1,True
16th Arad Open 2023,158,1.000,1,True
102nd ch-IRL 2023,32,1.000,1,True
SS Manhem IM 2023,10,1.000,2,True
Uppsala Open 2023,24,1.000,1,True
10th Arber Open 2023,44,1.000,1,True
276th YMCA Summer A 2023,12,1.000,1,True
277th YMCA Summer B 2023,13,1.000,1,True
Riga Tech Open A 2023,118,1.000,1,True
Rogachev Norm 2023,12,1.000,2,True
RUDAR 15 IM 2023,10,1.000,2,True
Psyon Chess Masters 2023,10,1.000,2,True
Newcastle-under-Lyme RR,10,1.000,2,True
1st Trophee Imaweb 2023,10,1.000,2,True
1st Dole Open 2023,21,1.000,1,True
35th Kiel Open 2023,137,1.000,1,True
59th Rubinstein Mem GM,10,1.000,1,True
59th Rubinstein Mem Open,65,1.000,1,True
60th ch-IND 2023,120,1.000,1,True
24th Sants Open 2023,117,1.000,1,True
V Villa Constitucion Open,51,1.000,2,True
5th Mutxamel IM 2023,10,1.000,2,True
5th WCh Disabilities 2023,45,1.000,1,True
Rhodes Summer Cup 2023,37,1.000,1,True
24th Olomouc A1 GM 2023,10,1.000,2,True
24th Olomouc A2 GM 2023,10,1.000,2,True
24th Olomouc B1 IM 2023,10,1.000,2,True
24th Olomouc B2 IM 2023,10,1.000,2,True
FSGM August 2023,10,1.000,1,True
FSIM August 2023,10,1.000,1,True
Iuliu Szabo Mem GM 2023,10,1.000,2,True
Iuliu Szabo Mem IM 2023,10,1.000,2,True
Ustron Open A 2023,39,1.000,2,True
Vera Penzina Mem 2023,32,1.000,1,True
6th Baskent University Op,61,1.000,2,True
Grafica Yael ITT 2023,10,1.000,2,True
33rd Panam Youth U18 2023,18,1.000,1,True
2nd Arandjelovac Open,160,1.000,2,True
TCh-ESP Div 1 2023,59,1.000,1,True
TCh-ESP 2nd Div 2023,214,1.000,1,True
100 Jahre 1. SK Ottakring,148,1.000,1,True
5th San Cristobal Open,108,1.000,1,True
Jerusalem Summer Inv 2023,10,1.000,1,True
96th ch-FRA Accession,27,1.000,1,True
BSSZ One Week GM-A 2023,10,1.000,2,True
BSSZ One Week GM-B 2023,10,1.000,2,True
BSSZ One Week IM 2023,10,1.000,2,True
2nd Bautzen Open 2023,17,1.000,1,True
3rd Binhai Cup 2023,38,1.000,2,True
45th Georgi Tringov,47,1.000,1,True
94th ch-Bavaria 2023,47,1.000,2,True
Chess Slovak Open 2023,102,1.000,1,True
Erkenschwick Jubilee 2023,10,1.000,1,True
Maxistral Xiria Carballo,20,1.000,2,True
Int ch-Central SRB 2023,35,1.000,1,True
Queens Chess Festival,10,1.000,2,True
RUDAR 16 IM 2023,10,1.000,1,True
Stare Mesto Open 2023,39,1.000,1,True
41st TCh-GRE Cup Final,35,1.000,1,True
50th TCh-GRE 2023,298,1.000,1,True
Silicon Valley Fall,154,1.000,2,True
Marshall CC Labor Day GM,40,1.000,2,True
Marshall CC Labor Day IM,20,1.000,2,True
ch-POR 2023,10,1.000,2,True
I Open Esphouses 2023,40,1.000,1,True
Maia Chess Open 2023,231,1.000,1,True
Montserrat Open 2023,41,1.000,1,True
Asian Amateur Men 2023,124,1.000,2,True
Asian Amateur Women 2023,45,1.000,2,True
VI Concello de Carballo,38,1.000,1,True
Istanbul Open 2023,69,1.000,1,True
Northumbria GM Pool 2023,12,1.000,2,True
Northumbria IM Pool 2023,12,1.000,2,True
31st TCh-MKD 2023,98,1.000,1,True
Asian Juniors 2023,58,1.000,2,True
Asian Junior Girls 2023,51,1.000,2,True
33rd NATO Chess 2023,107,1.000,2,True
Saint Charbel Cup 2023,10,1.000,2,True
Satka Autumn 2023,62,1.000,1,True
Satka Autumn Women 2023,39,1.000,1,True
III Niteroi Chess Open,118,1.000,2,True
25th Trieste Open 2023,53,1.000,1,True
90 anos Villa del Parque,20,1.000,1,True
Caissa Hotel Lemon 2023,12,1.000,2,True
EtVaS CC Round Robin 2023,6,1.000,2,True
Excelsior Sept Open 2023,15,1.000,2,True
Hull 4NCL Congress 2023,44,1.000,2,True
PNWCC Artist Point #1,10,1.000,2,True
TCh-POL 2nd League 2023,327,1.000,1,True
exe Slovakia Open 2023,91,1.000,1,True
Panchenko Mem Open A 2023,45,1.000,1,True
FSGM September 2023,10,1.000,1,True
FSIM September 2023,10,1.000,1,True
Caissa Hotel Walnut Gp,12,1.000,2,True
18th Malaysian Open 2023,24,1.000,1,True
31st EY Open U18 2023,52,1.000,1,True
31st EY Girls U18 2023,34,1.000,1,True
Barreau de Paris IM 2023,10,1.000,2,True
ITT Comodoro Rivadavia,10,1.000,2,True
Wuerttemberg IMT 2023,10,1.000,1,True
Dutch League 2023-24,719,1.000,1,True
TCh-ESP Div Honor 2023,52,1.000,1,True
39th World Junior Girls,127,1.000,2,True
Mindsports Super Swiss,32,1.000,2,True
ch-PER 2023,169,1.000,2,True
Caissa Hotel Chestnut Gp,12,1.000,2,True
I ch-Sudamericano 2023,99,1.000,1,True
I ch-Sudamericano Women,26,1.000,1,True
PNWCC Artist Point #2,20,1.000,2,True
TCh-POL Ekstraliga 2023,67,1.000,1,True
TCh-POL 1st League 2023,262,1.000,1,True
TCh-SRB Premier 2023,96,1.000,1,True
76th ch-RUS 2023,12,1.000,1,True
73rd ch-RUS w 2023,12,1.000,1,True
1st Arvand Masters 2023,33,1.000,1,True
5th Yerevan Open A 2023,87,1.000,1,True
Moja Open 2023,44,1.000,1,True
30th Panno ProAm 2023,50,1.000,1,True
Vezerkepzo GM Sept 2023,10,1.000,2,True
28th Palermo Open 2023,17,1.000,1,True
Isola del Sole Open 2023,22,1.000,2,True
TCh-ROU Superliga 2023,70,1.000,1,True
TCh-ROU Superliga w 2023,29,1.000,1,True
Asian Games Men Team 2023,118,1.000,1,True
Asian Games Women Team,116,1.000,1,True
ch-USA 2023,12,1.000,1,True
ch-USA w 2023,12,1.000,1,True
45th Arco Open 2023,171,1.000,1,True
4th La Nucia Open 2023,47,1.000,1,True
Neyshekar GM Norm 2023,10,1.000,2,True
40th Muensterland Open,129,1.000,1,True
Varadero Elite 2023,10,1.000,2,True
Varadero Open A 2023,42,1.000,2,True
88th ch-ESP 2023,96,1.000,1,True
Hvar Open 2023,71,1.000,2,True
1st Tamil Nadu IM 2023,10,1.000,2,True
Killer Chess Training Op,39,1.000,1,True
II Manaus Open 2023,79,1.000,2,True
27th Venetian Autumn 2023,6,1.000,2,True
Caissa Hotel Elma 2023,10,1.000,3,False
I Temuco Open 2023,49,1.000,1,True
31st TCh-CRO Div 1a 2023,56,1.000,1,True
TCh-SRB 1st League w 2023,55,1.000,1,True
Portuguese Supercup 2023,8,1.000,1,True
TCh-ISL Kvika 2023-24,167,1.000,2,True
Qatar Masters Open TB,2,1.000,2,True
26th Hoogeveen Open 2023,36,1.000,2,True
Chigorin Memorial 2023,207,1.000,1,True
Vezerkepzo GM Autumn 2023,10,1.000,1,True
Vezerkepzo IM Autumn 2023,10,1.000,1,True
FSGM October 2023,10,1.000,1,True
FSIM October 2023,10,1.000,1,True
Caissa Hotel Kiraz Gp,10,1.000,3,False
Champions Cup 2023,20,1.000,1,True
Gulf Coast October Open,17,1.000,1,True
Wolfgang Uhlmann Inv 2023,10,1.000,1,True
Jonathan Penrose Mem Sim,2,1.000,1,True
Bundesliga 2023-24,835,1.000,1,True
TCh-CZE Extraliga 2023-24,493,1.000,1,True
TCh-BEL 2023-24,848,1.000,1,True
33rd TCh-SLO 2023,156,1.000,1,True
31st TCh-CRO Women 2023,41,1.000,2,True
31st TCh-CRO Div 1b 2023,71,1.000,1,True
FIDE Grand Swiss 2023,228,1.000,1,True
31st World Senior 50+,116,1.000,1,True
31st World Senior 65+,128,1.000,1,True
31st World Senior Women,34,1.000,1,True
98th ch-ARG 2023,24,1.000,1,True
Benidorm Open A 2023,134,1.000,2,True
ch-IRQ 2023,24,1.000,2,True
ITT Cerrado Magistral Nor,10,1.000,2,True
1st Cidade De Lagos Open,74,1.000,1,True
21st Cap D'Agde Open 2023,41,1.000,1,True
26th OIBM 2023,333,1.000,1,True
Rainer Radtke Mem 2023,99,1.000,1,True
17th Deizisau Autumn Open,40,1.000,1,True
1st Amsterdam Chess Open,30,1.000,1,True
2nd Tamil Nadu IM 2023,10,1.000,2,True
Perla del Desierto 2023,49,1.000,2,True
Perla del Desierto TB,2,1.000,2,True
Rooky Int Open 2023,50,1.000,2,True
Scarborough Congress 2023,53,1.000,2,True
32nd White Elephant 2023,40,1.000,2,True
2nd Bundesliga West 23-24,353,1.000,1,True
61st TCh-DEN Ex 2023-24,478,1.000,1,True
TCh-AUT 2nd Ost 2023-24,434,1.000,1,True
TCh-AUT 2nd West 2023-24,402,1.000,1,True
ECF National Club 2023,16,1.000,2,True
TCh-UKR 2023,8,1.000,1,True
Minsk Open 2023,151,1.000,1,True
13th Hradec Kralove Open,48,1.000,1,True
13th ch-Mediterranean,65,1.000,2,True
17th Figueira da Foz Open,76,1.000,1,True
4th Tamil Nadu IM 2023,10,1.000,2,True
4th Tal Memorial 2023,10,1.000,1,True
1000GM Nov GM 2023,10,1.000,2,True
1000GM Nov IM 2023,10,1.000,2,True
ch-LBN 2023,87,1.000,1,True
Pavlodar Open A 2023,63,1.000,1,True
Nottinghamshire Centenary,20,1.000,2,True
3rd Tamil Nadu IM 2023,20,1.000,2,True
Zubieta Baptista Mem 2023,95,1.000,2,True
Vezerkepzo Fall GM 2023,20,1.000,2,True
Vezerkepzo Fall IM 2023,20,1.000,2,True
TCh-AUT 2nd Mitte 2023-24,320,1.000,1,True
TCh-SRB Druga 2023,88,1.000,2,True
ECo-C TCh-SVK 2023-24,556,1.000,1,True
21st Premier League BIH,110,1.000,1,True
TCh-BIH Premier Women,50,1.000,1,True
24th European Teams,186,1.000,1,True
12th Brno Open 2023,51,1.000,1,True
RUDAR 18 IM 2023,12,1.000,2,True
ch-Panamerican U20 2023,33,1.000,2,True
4th Panama Open 2023,61,1.000,2,True
1000GM NY Fall GMA,12,1.000,2,True
1000GM NY Fall IMB,10,1.000,2,True
1000GM NY Fall IMC,10,1.000,2,True
V CADA Mar de Ajo Open 2023,47,1.000,1,True
RUDAR 1 GM 2023,20,1.000,1,True
34th Leuven Open 2023,37,1.000,1,True
IRT Cerrado Magistral,6,1.000,2,True
4NCL 2023-24,512,1.000,1,True
World Youth Open U18 2023,105,1.000,1,True
World Youth Open U16 2023,110,1.000,1,True
World Youth Open U14 2023,128,1.000,1,True
19th Ugra Governor's Cup,48,1.000,1,True
3rd Belt and Road Open,27,1.000,2,True
Copa Mercosur 2023,10,1.000,1,True
Charlotte Fall GMA 2023,10,1.000,2,True
Charlotte Fall GMB Alto,10,1.000,2,True
Charlotte Fall IMC 2023,10,1.000,2,True
Charlotte Fall IMD 2023,10,1.000,2,True
Vezerkepzo GM Nov 2023,10,1.000,1,True
Vezerkepzo IM Nov 2023,10,1.000,1,True
12th Brno IM 2023,10,1.000,2,True
RUDAR 2 GM 2023,12,1.000,2,True
FSGM November 2023,10,1.000,1,True
FSIM November 2023,10,1.000,1,True
5th Almaty Academy IM,10,1.000,2,True
Caissa Hotel Armut Gp,10,1.000,2,True
Che Praggnanandhaa-Sarin,2,1.000,10,False
Edmar Mednis Mem 2023,10,1.000,2,True
GoAudit Open 2023,33,1.000,2,True
Mona Karff Memorial 2023,16,1.000,1,True
Banff Open 2023,39,1.000,2,True
10th Sinquefield Cup,9,1.000,1,True
10th Sinquefield Cup Cancelled,2,1.000,1,True
Tournament of Peace 2023,10,1.000,1,True
9th ch-Iberoamericano,327,1.000,1,True
36th Belgrade Trophy,225,1.000,1,True
7th Tamil Nadu IM 2023,20,1.000,2,True
ITT Torre Blanca 2023,20,1.000,2,True
Is Bank Chess Cup Final,4,1.000,6,False
6th Almaty Academy IM,10,1.000,2,True
5th Tamil Nadu IM 2023,10,1.000,2,True
6th Tamil Nadu IM 2023,10,1.000,2,True
Caissa Hotel Erik Gp,10,1.000,2,True
North Carolina Open 2023,4,1.000,1,True
US Chess Masters 2023,114,1.000,1,True
1000GM Thanksgiving IM2,18,1.000,2,True
21st Turkey Bowl 2023,17,1.000,1,True
TCh-AUT 2023-24,174,1.000,2,True
13th London Classic 2023,10,1.000,1,True
82nd ch-ITA 2023,24,1.000,1,True
82nd ch-ITA Women 2023,8,1.000,1,True
72nd ch-GRE 2023,10,1.000,1,True
45th ch-GRE Women 2023,10,1.000,1,True
ch-TUR 2023,10,1.000,1,True
8th Tamil Nadu IM 2023,10,1.000,2,True
Alef Super Stars Standard,8,1.000,1,True
Al Ain Overseas Int 2023,262,1.000,1,True
Caissa Hotel Mandalina Gp,20,1.000,2,True
Dubrovnik Advent 2023,75,1.000,2,True
Hanoi GM November 2023,20,1.000,2,True
TCh-CHN DivA Finals 2023,69,1.000,1,True
I Russian Team Men's Cup,98,1.000,1,True
91st ch-UKR 2023,42,1.000,1,True
82nd ch-UKR Women 2023,14,1.000,1,True
German Masters 2023,10,1.000,1,True
German Masters Women 2023,10,1.000,1,True
Kamatyas Inv. GM 2023,10,1.000,2,True
Skopje Open 2023,125,1.000,2,True
RADNICKICHESS IM 2023,10,1.000,1,True
ch-POL Semifinal 2023,42,1.000,1,True
5th Rome City Masters,74,1.000,2,True
Riga Christmas Classic,10,1.000,2,True
4th elllobregat Open 2023,417,1.000,1,True
4th elllobregat Open TB,3,1.000,3,False
Chessengland.com GM A,10,1.000,2,True
Chessengland.com GM B,10,1.000,2,True
Chessengland.com IM,12,1.000,2,True
107th Edward Lasker Mem,41,1.000,1,True
I 100 Panaderia Pulido,47,1.000,2,True
La Zubia Open 2023,60,1.000,2,True
RKBN Int Open 2023,44,1.000,1,True
12th Palmanova Open 2023,45,1.000,2,True
ch-CPV 2023,10,1.000,2,True
5th Twickenham Junior U18,12,1.000,2,True
Chennai GMs 2023,8,1.000,1,True
Chartres Noel Match1 2023,2,1.000,1,True
SPICE Cup Open 2023,52,1.000,2,True
St Louis Winter Classical,12,1.000,2,True
Vezerkepzo GM Dec 2023,10,1.000,1,True
10th Sunway Sitges 2023,219,1.000,1,True
71st ch-HUN 2023,30,1.000,1,True
ch-KAZ 2023,14,1.000,2,True
ch-KAZ Women 2023,10,1.000,1,True
89th ch-BRA 2023,52,1.000,1,True
15th Penang Open 2023,93,1.000,2,True
10th Tamil Nadu IM 2023,10,1.000,2,True
1st Meghalaya Int Open,86,1.000,1,True
Portuguese Masters 2023-4,10,1.000,2,True
Besa Masaiti WIM 2023,10,1.000,2,True
Asian Youth U18 2023,30,1.000,2,True
Piraeus IM Dec 2023,10,1.000,1,True
DSAM Qualifier Dusseldorf,13,1.000,1,True
FSGM December 2023,10,1.000,1,True
FSIM December 2023,10,1.000,1,True
9th Tamil Nadu IM 2023,10,1.000,2,True
Mallorca Chess Int 2023,10,1.000,2,True
Malmo Open 2023,66,1.000,1,True
GM ASK 14 2023,10,1.000,2,True
IM ASK 11 2022,10,1.000,2,True
IM ASK 12 2022,10,1.000,2,True
Wiener Advent Open 2023,43,1.000,1,True
ch-CRO 2023,12,1.000,2,True
278th YMCA Autumn A 2023,50,1.000,1,True
Chartres Noel Match2 2023,2,1.000,2,True
Chartres Noel Match3 2023,2,1.000,1,True
59th Groningen Open 2023,66,1.000,1,True
Vezerkepzo IM Dec 2023,10,1.000,1,True
ch-KAZ TB 2023,5,1.000,4,False
GM ASK 15 2023,10,1.000,2,True
IM ASK 13 2022,10,1.000,2,True
Asian Youth Girls U18,31,1.000,2,True
Asian Youth U16 2023,33,1.000,1,True
Asian Youth Girls U16,31,1.000,2,True
Asian Youth U14 2023,31,1.000,1,True
Asian Youth Girls U14,30,1.000,2,True
CHN Nat Open Huhot 2023,39,1.000,2,True
Hanoi GM December 2023,12,1.000,2,True
Hastings Masters 2023-24,194,1.000,1,True
51st Rilton Cup 2023-24,207,1.000,1,True
34th Cracovia Open A,201,1.000,2,True
14th Chennai Open 2023-24,106,1.000,1,True
Chartres Noel Match4 2023,2,1.000,2,True
15th Rouen Open 2023,8,1.000,1,True
1000GM Winter IM 1 2023,18,1.000,2,True
12th Lorca Open 2023,51,1.000,2,True
16th Marseilles Open 2023,27,1.000,2,True
20th Mont de Marsan,33,1.000,1,True
32nd Donau Open 2023,41,1.000,1,True
33rd North American Open,88,1.000,1,True
3rd Athens of the East Op,73,1.000,1,True
3rd Bambuchess Magistral,10,1.000,2,True
41st ch-BAN Junior 2023,26,1.000,1,True
6th Spandau Christmas,37,1.000,1,True
Basel Christmas Open 2023,48,1.000,2,True
II Navidad Diagonal Open,104,1.000,2,True
IV Dama Negra 2023,33,1.000,1,True
Kuwait Chess Festival A,6,1.000,1,True
Obro x CXU New Year 2023,51,1.000,2,True
Hastings Weekend Open,43,1.000,3,False
22nd Prague Open 2024,115,1.000,1,True
28th Bosnjaci Open,89,1.000,1,True
ch-AUS 2024,28,1.000,2,True
131st ch-NZL Open 2024,39,1.000,1,True
Fuad Jafarov Mem GM 2024,10,1.000,2,True
Piraeus GM Jan 2024,10,1.000,1,True
1000GM Winter GM 2 2024,18,1.000,2,True
1000GM Winter IM 2 2024,18,1.000,2,True
20th Vandoeuvre Open 2024,30,1.000,1,True
34th Staufer-Open 2024,154,1.000,2,True
4th Parma City of Culture,20,1.000,1,True
Cape Town Masters 2024,32,1.000,2,True
Irish Int Open 2024,32,1.000,2,True
ch-IRL 50+ 2024,19,1.000,2,True
ch-IRL 65+ 2024,21,1.000,2,True
Lower Saxony Championship,28,1.000,2,True
Marshall Jan Premier 2024,24,1.000,1,True
Tancat MI CE Barcelona,10,1.000,2,True
WALTON Rating 2023,43,1.000,1,True
86th Tata Steel Masters,14,1.000,1,True
84th ch-ARM HL 2024,10,1.000,1,True
90th ch-BLR 2024,10,1.000,1,True
80th ch-BLR w 2024,10,1.000,1,True
AGCA Inv GM 2024,10,1.000,2,True
AGCA Inv IM 2024,10,1.000,2,True
2nd Indore GM Open 2024,63,1.000,1,True
49th Seville Open 2024,82,1.000,1,True
1000GM NY Winter GMA,10,1.000,2,True
1000GM NY Winter GMB,10,1.000,2,True
1000GM NY Winter IMC,18,1.000,2,True
Vezerkepzo GM New Year,10,1.000,1,True
Vezerkepzo IM New Year,11,1.000,2,True
11th Tamil Nadu IM 2024,10,1.000,2,True
12th Tamil Nadu IM 2024,10,1.000,2,True
ch-KOS 2023,17,1.000,1,True
Tata Steel Top Tienkamp,50,1.000,1,True
Dhaka Int Open Jan 2024,39,1.000,1,True
10th Floripa Open 2024,406,1.000,2,True
1st Bangalore Int Open,157,1.000,1,True
22nd Orsha Open A 2024,52,1.000,1,True
ch-ISR Open 2024,95,1.000,1,True
SCC & ChessWork Inv 2024,8,1.000,2,True
Charlotte Open 2024,50,1.000,2,True
22nd Marienbad A1 GM 2024,10,1.000,2,True
22nd Marienbad A2 GM 2024,10,1.000,2,True
22nd Marienbad B1 IM 2024,10,1.000,2,True
22nd Marienbad B2 IM 2024,10,1.000,2,True
31st 4NCL Congress 2024,48,1.000,2,True
13th Tamil Nadu IM 2024,10,1.000,2,True
14th Tamil Nadu IM 2024,10,1.000,2,True
African Zonal 4.4 Open,17,1.000,2,True
1000GM MLK IM 2024,10,1.000,2,True
Tata Steel Masters TB,6,1.000,3,False
1st SOA Int Open 2024,122,1.000,2,True
28th HIT Open 2024,178,1.000,2,True
SixDays Budapest Jan GM A,20,1.000,2,True
SixDays Budapest Jan GM B,20,1.000,2,True
SixDays Budapest Jan IM A,20,1.000,2,True
SixDays Budapest Jan IM B,20,1.000,2,True
1st Jeddah Young Masters,10,1.000,2,True
Arabian Karpov Cup 2024,23,1.000,2,True
2nd Taq-e Bostan Cup 2024,23,1.000,1,True
Caissa Hotel Ananas Gp,10,1.000,2,True
Tashkent Scheveningen Jan,10,1.000,2,True
15th Tamil Nadu IM 2024,10,1.000,2,True
2nd Richard Asibor Mem,20,1.000,2,True
20th Caspian Cup 2024,17,1.000,1,True
7th Marcel Duchamp Cup,125,1.000,1,True
83rd ch-GEO 2024,20,1.000,1,True
ch-SRB Semi-Final 2024,43,1.000,2,True
Basel Carnival Open 2024,42,1.000,1,True
Sampa Chess Open 2024,205,1.000,2,True
16th Tamil Nadu IM 2024,20,1.000,2,True
Bangabandhu Premier 2024,58,1.000,1,True
Portimao Festival 2024,43,1.000,1,True
RUDAR VI GM RR 2024,10,1.000,2,True
RUDAR XXII IM RR 2024,10,1.000,2,True
WWRR IM 2024,10,1.000,2,True
60th ch-CUB 2024,26,1.000,1,True
76th ch-MNE 2024,51,1.000,2,True
ch-AZE Women 2024,15,1.000,1,True
FSGM February 2024,10,1.000,1,True
FSIM February 2024,12,1.000,1,True
17th Tamil Nadu IM 2024,10,1.000,2,True
VN Startsev Mem 2024,50,1.000,1,True
2nd Cambridge Int Open,115,1.000,2,True
Mitropa Cup 2024,46,1.000,1,True
Mitropa Cup Women 2024,48,1.000,1,True
NY GMA President's Day,20,1.000,2,True
NY IMB President's Day,32,1.000,2,True
NY IMC President's Day,28,1.000,2,True
Djerba Masters 2024,8,1.000,2,True
22nd Rochefort Open 2024,30,1.000,1,True
Chinese Youth U20 2024,43,1.000,2,True
12th Pilsen A1 IM 2024,10,1.000,2,True
18th Tamil Nadu IM 2024,10,1.000,2,True
Sligo Masters 2024,22,1.000,2,True
Hali Kupa IM 2024,10,1.000,2,True
L R Global GM Aspirant 1,10,1.000,2,True
81st ch-GEO w 2024,10,1.000,1,True
Bronstein 100 Match 2024,2,1.000,6,False
Eva Moser Mem 2024,20,1.000,2,True
ch-Moscow Open Superfinal,175,1.000,2,True
ch-ROU 2024,111,1.000,2,True
Elegant GM Aspirant 2,10,1.000,2,True
Kragero Resort Chess 2024,77,1.000,2,True
Djerba Open A 2024,25,1.000,2,True
FS2IM February 2024,10,1.000,1,True
Chinese Youth G20 2024,20,1.000,2,True
Chinese Youth U16 2024,41,1.000,2,True
Chinese Youth G16 2024,17,1.000,2,True
Chinese Youth U14 2024,61,1.000,2,True
Chinese Youth G14 2024,33,1.000,2,True
Chinese Youth U12 2024,28,1.000,1,True
Chinese Youth G12 2024,18,1.000,2,True
ch-CHI 2024,55,1.000,1,True
12th Pilsen A2 IM 2024,10,1.000,2,True
37th Cannes Open 2024,28,1.000,1,True
19th Tamil Nadu IM 2024,10,1.000,2,True
6th Prague Masters 2024,20,1.000,1,True
6th Prague Challengers,20,1.000,1,True
6th Prague Futures,20,1.000,1,True
Prague Int Open 2024,135,1.000,1,True
5th Shenzhen Longgang,16,1.000,1,True
Slovakia Open 2024,34,1.000,2,True
24th Mediterranean Flower,10,1.000,2,True
55th Belgrade WGM 2024,10,1.000,1,True
ch-TUR w 2024,43,1.000,2,True
ch-CUB w 2024,26,1.000,1,True
Jubilaeumsturnier 125,24,1.000,1,True
FSGM March 2024,6,1.000,2,True
ch-ROU Women 2024,58,1.000,2,True
GM/IM Fantastico mix 8,40,1.000,2,True
20th Tamil Nadu IM 2024,20,1.000,2,True
GM RR 3rd Sat 188 2024,10,1.000,2,True
Marshall Mar Premier 2024,24,1.000,1,True
GEO-AZE Women Match 2024,20,1.000,1,True
2nd Int Women's Festival,41,1.000,1,True
39th ChessOrg Open,64,1.000,1,True
FSIM March 2024,10,1.000,1,True
40th Cappelle Open 2024,86,1.000,1,True
58th Begonia Open 2024,54,1.000,1,True
Budapest 1 WEEK Feb GM,20,1.000,2,True
Budapest 1 WEEK Feb IMA,20,1.000,2,True
Budapest 1 WEEK Feb IMB,20,1.000,2,True
DCU Open 2024,19,1.000,1,True
Int Open ch-GER Women,30,1.000,2,True
2nd FAOGBA Open 2024,53,1.000,1,True
AICF WGM RR 2024,12,1.000,2,True
ch-Africa 2024,32,1.000,2,True
ch-Africa Women 2024,20,1.000,2,True
Gilberto Garcia Mem Elite,20,1.000,2,True
3rd Sat GM/IM Mix 189,81,1.000,2,True
16th Montalvo Mem 2024,111,1.000,1,True
44th San Sebastian Open,47,1.000,1,True
4NCL Spring GM 2024,10,1.000,2,True
53rd Mar Del Plata Open,65,1.000,1,True
8th Menchik Mem 2024,10,1.000,2,True
Fagernes GM Open 2024,100,1.000,2,True
ch-DEN 2024,10,1.000,1,True
ch-Moscow 2024,22,1.000,1,True
94th ch-URU 2024,11,1.000,2,True
Toshinobu Tasoko Mem 2024,10,1.000,1,True
RADNICKICHESS IM Mar 2024,10,1.000,2,True
RADNICKICHESS IM2 Mar,10,1.000,2,True
ch-HUN U20 2024,10,1.000,1,True
27th Schloss Open 2024,36,1.000,2,True
CCL Winter 2024,10,1.000,2,True
E.M. Primakov Open Cup,10,1.000,2,True
TCh-LTU 2024,169,1.000,1,True
GRENKE Chess Open 2024,444,1.000,1,True
Swiss Young Masters 2024,20,1.000,1,True
ch-FIN 2024,20,1.000,1,True
ch-RSA 2024,24,1.000,2,True
17th Agzamov Mem 2024,74,1.000,1,True
ch-Moscow Women 2024,11,1.000,1,True
Barcelona Holy Week IM,20,1.000,2,True
4NCL Easter Congress 2024,96,1.000,2,True
Charlotte Spring GMA 2024,10,1.000,2,True
Charlotte Spring IMB 2024,10,1.000,2,True
Charlotte Spring IMC 2024,10,1.000,2,True
1000GM NY Spring GMA,10,1.000,2,True
1000GM NY Spring GMB,10,1.000,2,True
1000GM NY Spring IMC,10,1.000,2,True
1000GM NY Spring Schev,18,1.000,2,True
III Villa de Zahara 2024,10,1.000,2,True
LXIX Mexican Open 2024,57,1.000,1,True
O2C Doeberl Cup 2024,49,1.000,1,True
ch-FAI 2024,8,1.000,1,True
50th La Roda Open 2024,82,1.000,1,True
68th ch-WLS 2024,50,1.000,2,True
8th Semana Santa Alicante,171,1.000,1,True
Basel Easter Master 2024,51,1.000,2,True
43rd TCh-IND 2024,81,1.000,1,True
TCh-IND Women 2024,65,1.000,1,True
College Final Four 2024,18,1.000,2,True
FIDE Candidates 2024,8,1.000,1,True
III Menorca Open 2024,151,1.000,1,True
ch-FIN TB 2024,2,1.000,2,True
Canadian Open Zonal 2024,122,1.000,2,True
Canadian Women Zonal 2024,87,1.000,2,True
ch-Berlin 2024,45,1.000,1,True
SixDays Budapest GM March,20,1.000,2,True
SixDays Budapest IM March,20,1.000,2,True
Southend Masters 2024,54,1.000,2,True
CHN Team Men 2024,81,1.000,1,True
CHN Team Women 2024,53,1.000,1,True
3rd Sunway Formentera Op,50,1.000,1,True
21st BCC Open 2024,63,1.000,1,True
Ponte de Lima Open 2024,29,1.000,2,True
RUDAR 23 IM 2024,10,1.000,2,True
12th Int Senioren-Cup,178,1.000,1,True
9th Noisiel Open 2024,47,1.000,2,True
FSIM April 2024,10,1.000,1,True
1000GM Spring Break 1A,10,1.000,2,True
1000GM Spring Break 2 Gp1,10,1.000,2,True
1000GM Spring Break 2 Gp2,10,1.000,2,True
1000GM Spring Break 3 Gp1,10,1.000,2,True
1000GM Spring Break 3 Gp2,10,1.000,2,True
Melbourne Int Open 2024,37,1.000,2,True
Sheffield Int Open 2024,16,1.000,1,True
Sheffield Masters 2024,10,1.000,2,True
ch-RUS Junior 2024,10,1.000,1,True
ch-RUS Junior Girls 2024,10,1.000,1,True
55th Italian Teams GpA,40,1.000,1,True
55th Italian Teams GpB,45,1.000,1,True
55th Italian Teams Final,69,1.000,2,True
Sunway Formentera TB 2-3,2,1.000,2,True
78th ch-AZE Final 2024,4,1.000,5,False
ch-FRA Junior 2024,27,1.000,1,True
SonFlow Cup 2024,12,1.000,2,True
Isle of Wight Open 2024,20,1.000,2,True
TCh-SUI 2024,510,1.000,1,True
20th Iranian Super League,37,1.000,1,True
Asian Cities Teams 2024,67,1.000,1,True
28th Sigeman & Co 2024,16,1.000,1,True
ch-CZE 2024,20,1.000,1,True
14th Asrian Memorial 2024,58,1.000,1,True
Sardinia World Open A,558,1.000,2,True
2nd Paphos Int Open 2024,69,1.000,1,True
Ljubljana Open 2024,163,1.000,2,True
Pertamina Indonesian GM,24,1.000,2,True
Pertamina Indonesian IM,24,1.000,2,True
Piraeus GM Apr 2024,20,1.000,2,True
1000GM April Gp1,10,1.000,2,True
1000GM April Gp2,10,1.000,2,True
1000GM April Gp3,10,1.000,2,True
1000GM April Gp4,10,1.000,2,True
1000GM April Gp5,10,1.000,2,True
2nd Mi Veracruz Open 2024,41,1.000,2,True
TCh-MNE Premier 2024,133,1.000,1,True
28th Sigeman & Co TB1,3,1.000,2,True
28th Sigeman & Co TB2,2,1.000,2,True
57th Capablanca Mem Elite,6,1.000,1,True
ch-CHN 2024,12,1.000,1,True
ch-CHN Women 2024,12,1.000,1,True
Dubai Police Open A 2024,133,1.000,1,True
Bodensee Open 2024,103,1.000,1,True
Scherer Masters 2024,10,1.000,2,True
ch-KGZ 2024,12,1.000,1,True
4th Big Rook Open 2024,49,1.000,1,True
Banjaluka Chess Open 2024,26,1.000,2,True
Dutch Youth U18 2024,26,1.000,1,True
Dutch Youth U18 TB 2024,2,1.000,3,False
Vezerkepzo GM Apr-May,20,1.000,2,True
Vezerkepzo IM Apr-May,20,1.000,2,True
TCh-RUS Premier 2024,74,1.000,1,True
TCh-RUS Women 2024,59,1.000,1,True
Fredericia IM 2024,10,1.000,2,True
Fredericia WIM 2024,10,1.000,2,True
Kronborg Chess GM 1 2024,10,1.000,2,True
Cayman Chess Classic 2024,14,1.000,2,True
ch-JPN 2024,27,1.000,1,True
GMI ECAM Lyon 2024,10,1.000,2,True
MI ECAM Lyon 2024,10,1.000,2,True
TCh-EUR Senior +50 2024,79,1.000,1,True
Belgrade Cup 2024,45,1.000,1,True
7th Sharjah Masters 2024,88,1.000,1,True
7th Sharjah Challengers,62,1.000,1,True
Ontario Open 2024,34,1.000,2,True
SixDays Budapest May GM A,10,1.000,2,True
SixDays Budapest May GM B,10,1.000,2,True
Guillermo Garcia Gp1,10,1.000,2,True
Guillermo Garcia Gp2,10,1.000,2,True
XXIV Foment Martinenc Op,145,1.000,1,True
1000GM May GpA,10,1.000,3,False
1000GM May GpB,10,1.000,3,False
16th BPB Limburg GM 2024,10,1.000,2,True
16th BPB Limburg Open,32,1.000,1,True
1st Ceyreste Cassis Open,45,1.000,1,True
Belgian Youth U20 2024,19,1.000,2,True
36th Geneva Open 2024,23,1.000,1,True
ch-Mexico 2024,32,1.000,2,True
Kronborg Chess M1 2024,8,1.000,2,True
TCh-NOR Club 2024,86,1.000,1,True
TCh-RUS HL 2024,88,1.000,1,True
TCh-SLO Women 2024,19,1.000,1,True
12th Norway Chess 2024,12,1.000,1,True
12th Norway Chess Women,12,1.000,1,True
17th American Continental,634,1.000,2,True
24th Dubai Open A 2024,136,1.000,1,True
81st PGNig ch-POL 2024,10,1.000,1,True
76th ch-POL Women 2024,10,1.000,1,True
English Seniors 50+ 2024,31,1.000,2,True
English Seniors 65+ 2024,38,1.000,2,True
ch-MGL 2024,13,1.000,1,True
ch-MGL Women 2024,13,1.000,1,True
43rd Zalakaros Open 2024,63,1.000,1,True
Tatrafest Tatry Open 2024,32,1.000,1,True
ch-LTU 2024,10,1.000,2,True
TCh-Kosovo Elite 2024,31,1.000,1,True
10th Gligoric Cup 2024,45,1.000,2,True
61st World Juniors 2024,121,1.000,1,True
1000GM Vegas GMA 2024,20,1.000,2,True
1000GM Vegas IMB 2024,20,1.000,2,True
1000GM Vegas IMC 2024,18,1.000,2,True
38th Voivoda Cup 2024,20,1.000,2,True
99th ch-ARG Semi-Final,109,1.000,1,True
76th ch-POL Women TB 2024,2,1.000,2,True
1000GM Memorial Day 2024,59,1.000,2,True
AGCA Spring Inv GM 2024,10,1.000,2,True
AGCA Spring Inv IM 2024,10,1.000,2,True
Budapest Spring Open 2024,98,1.000,1,True
Guillermo Garcia Maestro,10,1.000,2,True
Hanoi GM May 2024,10,1.000,2,True
Hanoi IM May 2024,10,1.000,2,True
14th WLC Weekender 2024,75,1.000,2,True
57th Capablanca Mem Open,144,1.000,1,True
ch-Malopolska 2024,142,1.000,2,True
Quang Ninh GM1 2024,10,1.000,2,True
Quang Ninh GM2 2024,10,1.000,2,True
Quang Ninh IMA 2024,10,1.000,2,True
TCh-FRA Top 16 GpA 2024,159,1.000,1,True
TCh-FRA Top 16 GpB 2024,166,1.000,1,True
UzChess Cup Masters 2024,10,1.000,1,True
UzChess Cup Challengers,30,1.000,1,True
UzChess Cup Futures 2024,10,1.000,1,True
Stepan Avagyan Mem 2024,10,1.000,1,True
VIII ShakkiNet GM 2024,37,1.000,1,True
SixDays Budapest Jun GM A,10,1.000,2,True
SixDays Budapest Jun GM B,10,1.000,2,True
SixDays Budapest Jun IM A,10,1.000,2,True
SixDays Budapest Jun IM B,10,1.000,2,True
Carolinas Classic 2024,35,1.000,1,True
European Schools Open 17,11,1.000,2,True
Vienna Norm Challenge May,10,1.000,2,True
See Chess IM1 2024,20,1.000,2,True
See Chess IM2 2024,10,1.000,2,True
TCh-FRA Top 16 Haute 2024,80,1.000,1,True
TCh-FRA Top 16 Basse 2024,90,1.000,1,True
4th Cairns Cup 2024,10,1.000,1,True
ch-SVK 2024,10,1.000,1,True
ch-SVK Women 2024,10,1.000,1,True
18th ch-SRB 2024,10,1.000,1,True
18th ch-SRB Women 2024,10,1.000,1,True
17th Teplice Open 2024,158,1.000,1,True
Asian Youth U18 2024,26,1.000,1,True
36th Pula Open 2024,96,1.000,1,True
Balkan & Prishtina Open,44,1.000,2,True
III Janos Rigo Mem GM,10,1.000,1,True
III Janos Rigo Mem IM,10,1.000,1,True
Orjan Lindroth Mem 2024,16,1.000,2,True
Madrid Chess Festival A,10,1.000,2,True
Madrid Chess Festival B,10,1.000,2,True
Madrid Chess Fest Open,47,1.000,2,True
15th Dolomiti Open 2024,42,1.000,2,True
ch-Southern California,24,1.000,2,True
Acqui Terme Open 2024,12,1.000,1,True
Acqui Terme Open +50 2024,15,1.000,1,True
German Team  Cup 2024,16,1.000,1,True
10th Cesme Open A 2024,73,1.000,2,True
Krakow International 2024,78,1.000,1,True
14th Vojvodina Open 2024,66,1.000,2,True
48th ch-BAN 2024,28,1.000,1,True
5th ESNA Ind 2024,10,1.000,2,True
Arona Open 2024,63,1.000,1,True
Issykkul Open 2024,37,1.000,2,True
Rhodes Summer Cup 2024,35,1.000,1,True
Silver Lake Open A 2024,17,1.000,2,True
English Open 2024,78,1.000,2,True
English Open TB 2024,2,1.000,2,True
English Women's 2024,21,1.000,2,True
English Women's TB 2024,2,1.000,4,False
Petrovsky Russian Cup,26,1.000,1,True
1000GM #2 Vegas GMA 2024,10,1.000,2,True
1000GM #2 Vegas IMB 2024,10,1.000,2,True
1000GM #2 Vegas IMC 2024,10,1.000,2,True
1000GM Vegas IMD 2024,10,1.000,2,True
HSG Open 2024,60,1.000,1,True
IBCA European Individuals,61,1.000,1,True
287th YMCA Spring B 2024,36,1.000,1,True
Buenos Aires Masters 2024,141,1.000,2,True
Superbet ROM Classic 2024,20,1.000,1,True
24th Torredembarra Open,34,1.000,1,True
7th Bohumin Open 2024,104,1.000,2,True
Baku Open 2024,174,1.000,1,True
Ceske Budejovice GMA 2024,20,1.000,1,True
Ceske Budejovice GMB 2024,20,1.000,1,True
Ceske Budejovice IM 2024,20,1.000,1,True
ch-NOR 2024,36,1.000,1,True
ch-SWE 2024,20,1.000,1,True
20th Baltic Pearl Open A,118,1.000,1,True
5th ESNA Ind Women 2024,9,1.000,2,True
Barcelona June IM 2024,10,1.000,2,True
Golden Prague Senior Open,20,1.000,1,True
Daniel Harrwitz Mem 2024,23,1.000,1,True
FISU World Uni Classical,27,1.000,2,True
FISU World Uni Clas Women,23,1.000,2,True
III Chess Festival Cesis,29,1.000,1,True
ch-USA Cadet 2024,8,1.000,2,True
TCh-EUR Youth U18 2024,47,1.000,1,True
Superbet Classic TB 2024,4,1.000,3,False
ch-BEL 2024,10,1.000,1,True
17th Paracin Open A 2024,127,1.000,2,True
19th South Wales Int 2024,63,1.000,2,True
43rd Benasque Open 2024,250,1.000,1,True
46th Barbera Open 2024,49,1.000,1,True
17th Philadelphia Int,106,1.000,1,True
9th Purtichju Open 2024,60,1.000,1,True
III Sant Joan de Alacant,10,1.000,2,True
Atlantic Chess Ind Day GM,20,1.000,2,True
1000GM Independence Day,10,1.000,2,True
1000GM July GpA 2024,10,1.000,2,True
52nd Annual World Open,135,1.000,1,True
42nd Greek Team Cup,17,1.000,1,True
Najdorf Mem Open A 2024,109,1.000,1,True
35th Czech Open E 2024,209,1.000,1,True
123rd ch-SUI 2024,10,1.000,1,True
Science Park Open A 2024,50,1.000,1,True
Aegean Open 2024,40,1.000,1,True
Serbia Open 2024,138,1.000,1,True
Slovakia Chess Open 2024,92,1.000,1,True
15th Vaujany Open 2024,22,1.000,1,True
24th Sant Marti Open 2024,89,1.000,1,True
37th Sonnenterrasse Open,31,1.000,1,True
Wood Green Inv 2024,10,1.000,2,True
Sydney Chess Championship,47,1.000,1,True
77th ch-RUS HL 2024,94,1.000,1,True
74th ch-RUS HL w 2024,80,1.000,1,True
1000GM Independence Day 2,10,1.000,2,True
1000GM NY Summer GMB,10,1.000,2,True
1000GM NY Summer IMD,10,1.000,2,True
5th Koege GM 2024,10,1.000,2,True
5th Valencia Cuna Open,79,1.000,1,True
Gold Coast Open 2024,47,1.000,2,True
Coupe de France 2024,16,1.000,2,True
57th Biel GM1 Qual 2024,6,1.000,1,True
57th Biel GM2 Qual 2024,6,1.000,1,True
ch-USA Junior 2024,10,1.000,1,True
ch-USA Girls 2024,10,1.000,1,True
ch-USA Seniors 2024,10,1.000,1,True
40th Andorra Open 2024,108,1.000,1,True
45th Ghent Open 2024,73,1.000,1,True
48th Sitges Open 2024,85,1.000,1,True
17th Paleochora Open 2024,81,1.000,1,True
8th Irena Warakomska Mem,40,1.000,2,True
IV Mindsports Int Open,65,1.000,2,True
23rd IPCA WCh 2024,34,1.000,1,True
35th Czech Open A 2024,148,1.000,1,True
123rd ch-SUI TB 2024,2,1.000,2,True
Romania GP Brasov 2024,139,1.000,1,True
20th Moscow Open A 2024,127,1.000,1,True
20th Moscow Women's Open,27,1.000,1,True
34th Panam Youth U18 2024,14,1.000,1,True
Canadian Open 2024,122,1.000,2,True
Chess Day Masters 2024,10,1.000,2,True
Chess Day Challengers,10,1.000,2,True
New York 1924 Centennial,57,1.000,2,True
TCh-TUR 1st League 2024,165,1.000,2,True
TCh-TUR 2nd League 2024,229,1.000,2,True
110th ch-GBR 2024,172,1.000,1,True
57th Biel GM1 Final 2024,4,1.000,1,True
57th Biel GM2 Final 2024,3,1.000,1,True
11th Arber Open 2024,85,1.000,1,True
12th Pontevedra Open 2024,43,1.000,1,True
Belt and Road Int Women,64,1.000,1,True
Dutch Open 2024,98,1.000,1,True
ch-AUT 2024,116,1.000,1,True
RADNICKICHESS IM Jul 2024,10,1.000,1,True
Dmitrii Svetushkin Cup,30,1.000,2,True
OBRO CXU Int. 2024,53,1.000,2,True
11th Famalicao Open 2024,59,1.000,1,True
14th Nordhausen Open 2024,39,1.000,1,True
2nd Dole Open 2024,86,1.000,1,True
Werner-Ott-Open 2024,33,1.000,1,True
Wlodzimierz Schmidt Mem,20,1.000,1,True
5th Paul Keres Open A,32,1.000,1,True
30th Saint-Affrique Open,34,1.000,1,True
RUDAR VII GM RR 2024,10,1.000,2,True
RUDAR 26 IM 2024,10,1.000,2,True
Bronstein 100 Minsk Open,70,1.000,1,True
Genova Int Open A 2024,25,1.000,1,True
Hanoi GMA1 March 2024,10,1.000,2,True
Hanoi GMA2 March 2024,10,1.000,2,True
Hanoi GMB1 March 2024,10,1.000,2,True
Liaocheng Dongchangfu Cup,24,1.000,4,False
Maplewood Inv 2024,10,1.000,2,True
21st Tamil Nadu IM 2024,10,1.000,2,True
Levente Lengyel Mem GM,10,1.000,2,True
Levente Lengyel Mem IM,10,1.000,2,True
3rd Kurt-Pape-Open 2024,56,1.000,2,True
83rd ch-ITA Semi-Final,64,1.000,2,True
ch-CAN Youth U18 2024,16,1.000,2,True
ch-IRI 2024,12,1.000,2,True
ch-IRI TB 2024,2,1.000,6,False
ch-VIE 2024,50,1.000,2,True
Glorney Cup 2024,28,1.000,2,True
Gilbert Cup 2024,12,1.000,2,True
Robinson Cup 2024,28,1.000,2,True
Stokes Cup 2024,27,1.000,2,True
110th ch-GBR TB 2024,2,1.000,4,False
13th Split Open 2024,102,1.000,1,True
3rd Leca Chess Open 2024,183,1.000,1,True
48th Badalona Open 2024,39,1.000,1,True
26th HZ Open 2024,161,1.000,1,True
28th Creon Open 2024,36,1.000,1,True
SixDays July GMA 2024,20,1.000,2,True
SixDays July GMB 2024,20,1.000,2,True
SixDays July IMA 2024,20,1.000,2,True
SixDays July IMB 2024,20,1.000,2,True
22nd Tamil Nadu IM 2024,20,1.000,2,True
Botez Chess Camp 2024,8,1.000,1,True
Travnik Open 2024,21,1.000,1,True
38th Avoine Open 2024,61,1.000,1,True
51st Sparkassen Match,2,1.000,1,True
51st Sparkassen Open B,91,1.000,1,True
22nd Spilimbergo Open,106,1.000,1,True
5th Thessaloniki Int 2024,52,1.000,1,True
Thinkers Publishing GM,10,1.000,2,True
Bruges Masters Open 2024,70,1.000,1,True
Lewis Chess Legends Open,54,1.000,1,True
Ustron Open Masters 2024,39,1.000,1,True
46th Georgi Tringov,43,1.000,1,True
Uppsala Weekend Gp1 2024,6,1.000,2,True
Copenhagen CC GM 2024,10,1.000,2,True
23rd Tamil Nadu IM 2024,10,1.000,2,True
17th Arad Open 2024,149,1.000,1,True
IM SWISS MIX Grocka 1,34,1.000,2,True
Riga Tech Open A 2024,125,1.000,1,True
11th Prague Summer Open,125,1.000,1,True
La Palma Island Open 2024,82,1.000,1,True
FSGM August 2024,10,1.000,2,True
FSIM August 2024,10,1.000,2,True
103rd ch-IRL 2024,50,1.000,1,True
10th Oviedo Open 2024,59,1.000,1,True
290th YMCA Summer A 2024,12,1.000,1,True
Augsburger Friedensfest A,8,1.000,1,True
33rd Pobla De Lillet Open,75,1.000,1,True
36th Kiel Open 2024,93,1.000,1,True
Chess Slovak Open 2024,37,1.000,2,True
Niemann - Giri Classical,2,1.000,2,True
Turkish Cup 2024,307,1.000,1,True
Vanadzor Open 2024,32,1.000,2,True
ch-Paris IdF Masters 2024,18,1.000,2,True
II Aguascalientes Int,72,1.000,1,True
XXXI Feria de las Flores,86,1.000,2,True
60th Rubinstein Mem,10,1.000,1,True
Tbilisi WGP 2024,10,1.000,1,True
61st ch-IND 2024,69,1.000,1,True
77th ch-RUS 2024,12,1.000,1,True
74th ch-RUS w 2024,12,1.000,1,True
95th ch-GER Masters 2024,10,1.000,1,True
ch-GER Women 2024,10,1.000,1,True
97th ch-FRA Accession,27,1.000,1,True
Smuk Skak GM 2024,10,1.000,1,True
3rd Bella Italia Master,52,1.000,2,True
33rd Feffernitz Open 2024,41,1.000,1,True
10th ch-Francophonie 2024,15,1.000,1,True
24th Tamil Nadu IM 2024,10,1.000,2,True
Budapest 1 Week Aug GMA,20,1.000,2,True
Budapest 1 Week Aug GMB,20,1.000,2,True
Budapest 1 Week Aug IMA,30,1.000,2,True
Budapest 1 Week Aug IMB,30,1.000,2,True
Jesenik Open 2024,49,1.000,1,True
Stare Mesto Open 2024,34,1.000,1,True
25th Olomouc A GM 2024,10,1.000,2,True
25th Olomouc B1 IM 2024,10,1.000,2,True
25th Olomouc B2 IM 2024,10,1.000,2,True
Wroclaw Open C 2024,39,1.000,1,True
19th Kesan Open 2024,49,1.000,1,True
57th Mislata Open 2024,28,1.000,2,True
Zonal 4.5 2024,31,1.000,2,True
VI Villa Constitucion Op,49,1.000,1,True
III Kingston Inv 2024,44,1.000,2,True
Harry Lamb Mem 2024,51,1.000,2,True
Newport Open 2024,9,1.000,1,True
RUDAR 27 IM 2024,20,1.000,2,True
RUDAR 28 IM 2024,10,1.000,2,True
RUDAR VIII GM RR 2024,20,1.000,2,True
RUDAR IX GM RR 2024,10,1.000,2,True
Niemann - Vitiugov Class.,2,1.000,2,True
Asian Seniors +50 2024,26,1.000,1,True
Asian Seniors +65 2024,29,1.000,1,True
BSB IM Norm 2024,10,1.000,2,True
TCh-ESP Div 1 2024,55,1.000,1,True
11th Sinquefield Cup,10,1.000,1,True
95th ch-GER Candidates,26,1.000,2,True
25th Sants Open 2024,197,1.000,1,True
32nd EY Open U18 2024,102,1.000,1,True
6th San Cristobal Open,92,1.000,2,True
Schach Tirol Open 2024,43,1.000,2,True
25th Tamil Nadu IM 2024,10,1.000,2,True
Queen's Classic Challenge,10,1.000,2,True
29th Troya Open 2024,16,1.000,1,True
4th Binhai Cup 2024,40,1.000,2,True
6th Mutxamel IM 2024,10,1.000,2,True
Niemann-Bacrot Classical,2,1.000,2,True
IV FIA 2024,35,1.000,2,True
Int ch-Central SRB 2024,45,1.000,1,True
Bydgoszcz Open A 2024,117,1.000,1,True
1000GM Labor Super Swiss,90,1.000,2,True
17th Kalamaria Open 2024,32,1.000,1,True
Akim Cup Karaganda 2024,20,1.000,1,True
Akim Cup Karaganda Women,20,1.000,1,True
26th Trieste Open 2024,65,1.000,1,True
Illinois Open 2024,34,1.000,1,True
Menchik Mem Challengers,20,1.000,2,True
Toronto Open Crown 2024,44,1.000,2,True
ch-POR 2024,20,1.000,1,True
77th ch-RUS TB 2024,2,1.000,2,True
25th Sants Open TB 2024,8,1.000,5,False
32nd EY Girls U18 2024,74,1.000,1,True
32nd EY Open U16 2024,104,1.000,1,True
32nd EY Open U14 2024,107,1.000,1,True
32nd EY Girls U14 2024,90,1.000,1,True
32nd EY Open U12 2024,70,1.000,1,True
32nd EY Girls U12 2024,64,1.000,1,True
32nd EY Open U10 2024,74,1.000,1,True
32nd EY Open U8 2024,49,1.000,1,True
32nd EY Girls U8 2024,11,1.000,1,True
6th Allauch Open 2024,24,1.000,1,True
95th ch-Bavaria 2024,27,1.000,2,True
Piraeus GM Aug 2024,20,1.000,1,True
Montserrat Open 2024,38,1.000,1,True
26th Tamil Nadu IM 2024,20,1.000,2,True
7th Golden Apricot 2024,32,1.000,2,True
IV Niteroi Chess Open,134,1.000,2,True
FSGM September 2024,10,1.000,2,True
FSIM September 2024,10,1.000,2,True
27th Tamil Nadu IM 2024,10,1.000,2,True
Vezerkepzo GM Kluger Mem,20,1.000,2,True
Vezerkepzo IM Aug/Sep,22,1.000,2,True
1st Betav Open 2024,65,1.000,2,True
1st Galdar Open 2024,85,1.000,1,True
Cerrado IM Barcelona Sept,10,1.000,2,True
ch-Commonwealth 2024,55,1.000,1,True
Magnezit Group Cup 2024,76,1.000,1,True
Satka Autumn 2024,40,1.000,1,True
6th Bamberg Open 2024,160,1.000,2,True
22nd Premier League BIH,71,1.000,2,True
exe Slovakia Open 2024,158,1.000,1,True
3rd Taq-e Bostan Cup 2024,29,1.000,1,True
ch-Vienna State 2024,10,1.000,1,True
28th Tamil Nadu IM 2024,10,1.000,2,True
28th Hotel Adriatico 2024,20,1.000,2,True
Marshall CC Labor Day IMB,40,1.000,2,True
Marshall Labor Day SchevC,36,1.000,2,True
Nashville Summer Classic,54,1.000,2,True
PNWCC Artist Point 2024,20,1.000,2,True
TCh-FIN 2024-25,556,1.000,1,True
Vezerkepzo IM Autumn 2024,10,1.000,2,True
Vezerkepzo IM1 Autumn,10,1.000,2,True
ch-Seville Women and U18,68,1.000,1,True
ITT Distrito Capital 2024,28,1.000,2,True
29th Tamil Nadu IM 2024,10,1.000,2,True
19th Malaysian Open 2024,19,1.000,1,True
Montreal Open 2024,50,1.000,2,True
Dutch League 2024-25,811,1.000,1,True
Bundesliga 2024-25,894,1.000,1,True
10th ch-Iberoamericano,178,1.000,2,True
3rd Grado Open 2024,39,1.000,2,True
Northeast Ohio Open 2024,21,1.000,1,True
SixDays Budapest Sept GMA,10,1.000,2,True
SixDays Budapest Sept GMB,10,1.000,2,True
SixDays Budapest Sept GMC,10,1.000,2,True
SixDays Budapest Sept IMA,10,1.000,2,True
SixDays Budapest Sept IMB,10,1.000,2,True
34th TCh-SLO 2024,150,1.000,1,True
TCh-ROU Superliga 2024,149,1.000,1,True
TCh-SRB Women 1st 2024,109,1.000,1,True
50th ch-IND w 2024,81,1.000,1,True
Kstovo Russian Cup 2024,47,1.000,1,True
Tsaghkadzor Open 2024,51,1.000,1,True
SixDays Budapest 2 Yr GMA,20,1.000,2,True
SixDays Budapest 2 Yr GMB,20,1.000,2,True
SixDays Budapest 2 Yr GMC,20,1.000,2,True
SixDays Budapest 2 Yr IMA,20,1.000,2,True
SixDays Budapest 2 Yr IMB,20,1.000,2,True
30th Tamil Nadu IM 2024,20,1.000,2,True
1000GM Oct GpA,10,1.000,2,True
1000GM Oct GpC,10,1.000,2,True
2nd Piacenza Open 2024,28,1.000,2,True
TCh-SRB Premier 2024,169,1.000,1,True
32nd TCh-CRO Div 1a 2024,73,1.000,1,True
32nd TCh-CRO Div 1b 2024,71,1.000,1,True
32nd TCh-CRO Women Div1,45,1.000,2,True
ch-USA 2024,11,1.000,1,True
ch-USA Cancelled 2024,6,1.000,1,True
ch-USA w 2024,12,1.000,1,True
18th SPICE Cup Open 2024,59,1.000,2,True
3rd Hvar Open 2024,102,1.000,1,True
3rd Skyline Open 2024,77,1.000,2,True
41st Muensterland Open,106,1.000,1,True
Asian Juniors 2024,30,1.000,2,True
Asian Juniors Girls,21,1.000,2,True
ITT Raza Antioquia 2024,41,1.000,2,True
Pavlodar Masters 2024,74,1.000,1,True
Weissenhaus Young Masters,10,1.000,2,True
FSGM October 2024,10,1.000,2,True
FSIM October 2024,10,1.000,2,True
Ivi GP Chess 2024,46,1.000,2,True
Saint Charbel Cup II 2024,10,1.000,2,True
Panglima TNI GM 2024,20,1.000,2,True
Panglima TNI WGM 2024,12,1.000,2,True
ch-DEN Women 2024,6,1.000,2,True
Odense Mesterskabs 2024,6,1.000,2,True
Odense Mester 1 2024,6,1.000,2,True
TCh-ESP Div Honor 2024,52,1.000,1,True
TCh-ISL Kvika 2024-25,172,1.000,2,True
39th ECC Open 2024,570,1.000,1,True
28th ECC Women 2024,81,1.000,1,True
Belt and Road Open 2024,39,1.000,2,True
34th NATO Chess 2024,108,1.000,2,True
III Colonia GM 2024,10,1.000,1,True
III Colonia IM 2024,10,1.000,1,True
IPCA Europe Ind 2024,13,1.000,2,True
Mateu Chalmeta Mem 2024,20,1.000,1,True
31st ProAm Copa Clarin Op,84,1.000,1,True
18th SPICE Cup Open TB,2,1.000,1,True
III Manaus Open 2024,93,1.000,2,True
7th Esbjerg Autumn 2024,24,1.000,2,True
7th Kaltern-Trophy 2024,38,1.000,2,True
Larsen Event Group 1 2024,15,1.000,1,True
Varas Open 2024,40,1.000,1,True
Portuguese Supercup 2024,8,1.000,1,True
1st League Cent-SRB 2024,85,1.000,2,True
TCh-AUT 2024-25,184,1.000,1,True
27th Hoogeveen Open 2024,127,1.000,2,True
27th Hoogeveen Crown,8,1.000,1,True
27th OIBM 2024,356,1.000,1,True
2nd Cidade De Lagos Open,66,1.000,1,True
Benidorm Open A 2024,78,1.000,1,True
Chigorin Memorial 2024,227,1.000,1,True
22nd ch-Euro Seniors +50,71,1.000,1,True
22nd ch-Euro Seniors +65,76,1.000,1,True
ch-Euro Seniors Women +50,31,1.000,1,True
22nd Cap D'Agde Open 2024,39,1.000,1,True
Shymkent Cup Masters GM,20,1.000,2,True
Liffre Open 2024,22,1.000,1,True
Rainer Radtke Mem 2024,78,1.000,2,True
1st Kingdom Of Chess Open,90,1.000,1,True
PNWCC IM Norm RR Oct,10,1.000,2,True
Shymkent WGP 2024,20,1.000,1,True
RUDAR 29 IM 2024,20,1.000,2,True
World Youth Open U18 2024,182,1.000,1,True
World Youth Open U16 2024,184,1.000,1,True
Cap D'Agde Express Final,8,1.000,5,False
Oktobarski Berger IM1,10,1.000,2,True
2nd Amsterdam Chess Open,52,1.000,1,True
Charlotte ALTO 2024,22,1.000,1,True
Vezerkepzo IM Oct 2024,6,1.000,2,True
XIII Alfaro Open 2024,40,1.000,1,True
62nd TCh-DEN Ex 2024-25,365,1.000,1,True
TCh-CZE Extraliga 2024-25,535,1.000,1,True
Battle of Generations Cl,2,1.000,1,True
Chennai GM 2024,8,1.000,1,True
Chennai Challengers 2024,8,1.000,1,True
20th Ugra Governor's Cup,36,1.000,1,True
Banff Open 2024,29,1.000,2,True
New York Fall GMB 2024,10,1.000,2,True
New York Fall IMC 2024,10,1.000,2,True
New York Fall IMD 2024,10,1.000,2,True
RUDAR 30 IM 2024,10,1.000,2,True
ch-Arab Indiv Men 2024,47,1.000,2,True
RADNICKICHESS IM Oct 2024,20,1.000,1,True
Vezerkepzo GM Nov 2024,14,1.000,2,True
Vezerkepzo IMA Nov 2024,10,1.000,2,True
Haag Ervin Mem IM 2024,10,1.000,2,True
1st Kyzylorda Masters,10,1.000,2,True
2nd Freundschachts-Open,52,1.000,1,True
35th Leuven Open 2024,38,1.000,1,True
Atina Open 2024,36,1.000,2,True
Guangming Science City,53,1.000,2,True
VI Mar de Ajo Open 2024,57,1.000,1,True
Copa Revolucion 2024,10,1.000,2,True
Copa Revolucion Open 2024,65,1.000,2,True
100 Jahre NSV 2024,24,1.000,2,True
32nd World Senior 50+,57,1.000,1,True
32nd World Senior 65+,65,1.000,1,True
32nd World Senior Women,26,1.000,1,True
World Cadets U12 2024,129,1.000,1,True
18th Figueira da Foz Open,34,1.000,1,True
Lag DM Elit 2024-25,38,1.000,1,True
ch-Arab Indiv Women 2024,26,1.000,2,True
WCh 2024,4,1.000,1,True
37th Belgrade Trophy,130,1.000,1,True
3rd President of UZB 2024,73,1.000,1,True
85th ch-ARM 1st League,24,1.000,1,True
SixDays Budapest Nov IMB,20,1.000,2,True
SixDays Budapest Nov IMC,10,1.000,2,True
Charlotte Fall GM Open,10,1.000,2,True
Charlotte Fall GM Alto,10,1.000,2,True
Charlotte Fall IMA 2024,10,1.000,2,True
Charlotte Fall IMB 2024,10,1.000,2,True
13th Brno IM 2024,10,1.000,2,True
Laszlo Eperjesi Mem GM,10,1.000,1,True
Vezerkepzo All Saints IM,10,1.000,1,True
23rd ch-Republika Srpska,29,1.000,2,True
ECo-C TCh-SVK 2024-25,544,1.000,1,True
4NCL Div 2 2024-25,504,1.000,1,True
14th London Classic Elite,16,1.000,1,True
London Classic Masters,168,1.000,2,True
5th elllobregat Open 2024,231,1.000,1,True
83rd ch-ITA 2024,24,1.000,1,True
83rd ch-ITA Women 2024,8,1.000,1,True
83rd ch-ITA U20 2024,8,1.000,1,True
99th ch-ARG 2024,24,1.000,1,True
Singapore Int Open 2024,95,1.000,1,True
ch-KAZ 2024,14,1.000,2,True
ch-KAZ Women 2024,14,1.000,2,True
SixDays Budapest Nov IMA,20,1.000,2,True
15th American Cont. Women,46,1.000,2,True
28th Venetian Autumn 2024,3,1.000,1,True
4th Belt and Road Open,21,1.000,2,True
PNWCC IM Norm RR Thanks,20,1.000,2,True
RUDAR 31 IM 2024,10,1.000,2,True
RUDAR 11 GM 2024,10,1.000,2,True
RUDAR 12 GM 2024,10,1.000,2,True
US Chess Masters 2024,188,1.000,1,True
II Russian Team Men's Cup,142,1.000,1,True
II Russian Team Women Cup,56,1.000,1,True
Saint Louis Masters 2024,59,1.000,2,True
73rd ch-GRE 2024,10,1.000,1,True
RADNICKICHESS IM Dec 2024,10,1.000,1,True
15th KIIT Cat A Open 2024,112,1.000,1,True
V Duchamp Int Open 2024,87,1.000,2,True
Ivan Farago Mem GM,36,1.000,2,True
Peter Szekely Mem IM,20,1.000,2,True
2nd Vega de San Mateo,91,1.000,1,True
Dubrovnik Advent 2024,71,1.000,1,True
RUDAR 32 IM 2024,10,1.000,2,True
RUDAR 13 GM 2024,10,1.000,2,True
TCh-CHN DivA Finals 2024,69,1.000,1,True
11th Sunway Sitges 2024,176,1.000,1,True
92nd ch-UKR 2024,32,1.000,1,True
83rd ch-UKR Women 2024,9,1.000,1,True
FSGM December 2024,10,1.000,2,True
FSIM December 2024,10,1.000,2,True
Riga Christmas IM,20,1.000,2,True
108th Edward Lasker Mem,51,1.000,2,True
3rd Alamto Cup 2024,15,1.000,1,True
Keith Escott Mem Open,39,1.000,3,False
60th Groningen Open 2024,64,1.000,1,True
Sunway Sitges Open TB 3-8,6,1.000,6,False
Sunway Sitges Open TB 1-2,2,1.000,2,True
ONE SHORT WEEK GMA Dec,10,1.000,2,True
ONE SHORT WEEK GMB Dec,10,1.000,2,True
ONE SHORT WEEK IMA Dec,10,1.000,2,True
ONE SHORT WEEK IMB Dec,10,1.000,2,True
29th Hotel Adriatico 2024,37,1.000,2,True
RUDAR 14 GM 2024,10,1.000,2,True
RUDAR 33 IM 2024,10,1.000,2,True
North American Youth 2024,97,1.000,1,True
Odisha Open Cat.A GM 2024,98,1.000,1,True
Portuguese Masters 2024-5,10,1.000,2,True
294th YMCA Autumn C 2024,56,1.000,1,True
2nd Bundesliga Nord 24-25,569,1.000,1,True
Hastings Masters 2024-25,218,1.000,2,True
52nd Rilton Cup 2024-25,229,1.000,1,True
4th Athens of the East Op,58,1.000,1,True
35th Cracovia Open A,211,1.000,2,True
13th Palmanova Open 2024,85,1.000,1,True
15th Calgary Int 2024,20,1.000,2,True
34th North American Open,81,1.000,1,True
Uhlenkoeper Open 2024,38,1.000,2,True
13th Lorca Open 2024,50,1.000,1,True
21st Vandoeuvre Open 2024,25,1.000,1,True
Barcelona Navidad GM 2024,10,1.000,2,True
Barcelona Navidad IM1,10,1.000,2,True
Barcelona Navidad IM2,10,1.000,2,True
Basel Christmas Open 2024,50,1.000,1,True
III Navidad Diagonal RR A,10,1.000,2,True
III Navidad Diagonal RR B,10,1.000,2,True
III Navidad Diagonal Open,17,1.000,1,True
V Dama Negra 2024,33,1.000,1,True
4th Bambuchess Magistral,10,1.000,2,True
Obro x CXU New Year 2024,52,1.000,2,True
132nd ch-NZL Open 2025,53,1.000,1,True
15th Chennai Open 2025,86,1.000,1,True
1st Kuwait Int Open 2025,38,1.000,1,True
29th Bosnjaci Open,80,1.000,1,True
36th Roquetas de Mar Open,119,1.000,2,True
ch-AUS Open 2024,54,1.000,1,True
54th Citta di Torino 2024,16,1.000,1,True
ch-Lower Saxony 2025,30,1.000,2,True
35th Staufer-Open 2025,91,1.000,1,True
41st Tim Just Winter Open,25,1.000,1,True
23rd Prague Open 2025,95,1.000,1,True
50th Seville Open 2025,109,1.000,1,True
91st ch-BLR 2025,11,1.000,1,True
91st ch-BLR w 2025,10,1.000,1,True
Bob Wade Masters 2025,10,1.000,2,True
Goa Int. Open 2025,102,1.000,1,True
II Temuco Open 2025,144,1.000,1,True
Brena Baja Magica GM 2024,10,1.000,2,True
33rd Donau Open 2025,36,1.000,1,True
Cape Town Masters 2025,43,1.000,2,True
ch-KOS 2025,46,1.000,1,True
87th Tata Steel Masters,28,1.000,1,True
11th Floripa Open 2025,321,1.000,2,True
23rd Marienbad A1 GM 2025,10,1.000,2,True
23rd Marienbad B1 IM 2025,10,1.000,2,True
23rd Marienbad B2 IM 2025,10,1.000,2,True
85th ch-ARM HL 2025,10,1.000,1,True
80th ch-ARM w 2025,10,1.000,1,True
9th Johor Open 2025,35,1.000,1,True
Hanoi GM1 2025,10,1.000,2,True
Hanoi IM1 2025,10,1.000,2,True
Hanoi GM2 2025,10,1.000,2,True
Hanoi IM2 2025,10,1.000,2,True
Brena Baja Magica IM 2024,10,1.000,2,True
32nd 4NCL Congress 2025,58,1.000,2,True
TCh-ISR 2025,277,1.000,1,True
ch-ISR 2024,32,1.000,1,True
29th HIT Open 2025,91,1.000,2,True
Oceania Zonal 2025,45,1.000,1,True
Oceania Zonal Women 2025,23,1.000,1,True
Marienbad D Seniors Open,2,1.000,1,True
76th ch-SGP 2025,15,1.000,1,True
77th ch-MNE 2025,84,1.000,2,True
82nd ch-GEO Women 2025,10,1.000,1,True
II Alexander Alekhine Cup,16,1.000,1,True
Yuri M Nikitin Mem 2025,20,1.000,2,True
SixDays Budapest Jan GM-A,20,1.000,2,True
SixDays Budapest Jan GM-B,20,1.000,2,True
SixDays Budapest Jan IM-A,20,1.000,2,True
SixDays Budapest Jan IM-B,20,1.000,2,True
SixDays Budapest Jan IM-C,10,1.000,2,True
Zonal 2.4 2025,193,1.000,2,True
Sligo Masters 2025,90,1.000,2,True
22nd Lienz Open 2025,67,1.000,1,True
2nd Al-Beruniy Masters,10,1.000,1,True
2nd Al-Beruniy Challenger,10,1.000,1,True
2nd Al-Beruniy Futures,10,1.000,1,True
61st ch-CUB 2025,24,1.000,1,True
Palle Skov Mem GM 2025,10,1.000,2,True
Palle Skov Mem WIM 2025,10,1.000,2,True
Palle Skov Mem Open 2025,13,1.000,1,True
ch-HUN U20 2025,10,1.000,1,True
14th Gora Sw. Anny IM,10,1.000,2,True
1st Cheadle Open 2025,21,1.000,2,True
23rd Orsha Open A 2025,49,1.000,1,True
48th Blackpool Conference,44,1.000,2,True
8th Montevideo Open 2025,178,1.000,1,True
Basel Carnival Open 2025,54,1.000,1,True
FSGM February 2025,10,1.000,2,True
FSIM February 2025,10,1.000,2,True
Hart House m Classical,2,1.000,3,False
RUDAR 34 IM 2025,10,1.000,2,True
RUDAR 35 IM 2025,20,1.000,2,True
RUDAR 15 GM 2025,10,1.000,2,True
RUDAR 16 GM 2025,20,1.000,2,True
ch-UKR Boys U20 2025,29,1.000,1,True
ch-UKR Girls U20 2025,8,1.000,1,True
TCh-CAT Gp1 2025,149,1.000,1,True
TCh-CAT Gp2 2025,150,1.000,1,True
TCh-CAT Gp3 2025,149,1.000,1,True
Djerba Masters 2025,10,1.000,2,True
Djerba Open A 2025,33,1.000,2,True
Esipenko-Rapport m cl,2,1.000,1,True
Hart House Crown 2025,18,1.000,2,True
Sthlm Nth Young Talents,20,1.000,2,True
NY IMD President's Day,10,1.000,2,True
ch-ROU 2025,64,1.000,1,True
ch-ROU Women 2025,24,1.000,1,True
41st Cappelle Open 2025,93,1.000,1,True
2nd Al-Beruniy Match A,4,1.000,1,True
2nd Al-Beruniy Match B,4,1.000,1,True
21st Caspian Sea Cup 2025,23,1.000,1,True
Fantastico GM mix 1 2025,44,1.000,2,True
RUDAR 36 IM 2025,10,1.000,2,True
RUDAR 17 GM 2025,10,1.000,2,True
Monaco WGP 2025,10,1.000,1,True
23rd Rochefort Masters,32,1.000,1,True
I Arche Chess Open 2025,23,1.000,1,True
Fantastico GM RR 1 2025,10,1.000,2,True
Fantastico IM RR 1 2025,10,1.000,2,True
Fantastico GM mix 2 2025,51,1.000,2,True
7th Prague Masters 2025,20,1.000,1,True
7th Prague Challengers,20,1.000,1,True
7th Prague Futures,20,1.000,1,True
Prague Int Open 2025,109,1.000,1,True
62nd World Juniors 2025,290,1.000,1,True
41st World Junior Girls,193,1.000,1,True
25th Mediterranean Flower,10,1.000,2,True
56th Belgrade WGM 2025,10,1.000,1,True
2nd Piccola Fenice 2025,64,1.000,2,True
Perez Chess Open 2025,61,1.000,1,True
RADNICKICHESS IM Feb 2025,20,1.000,1,True
Silves Open 2025,78,1.000,2,True
38th Cannes Open 2025,38,1.000,1,True
8th Vardaris Open 2025,111,1.000,1,True
Berliner Schachverband GM,20,1.000,2,True
Berliner Schachverband IM,20,1.000,2,True
Fantastico IM RR 2 2025,10,1.000,2,True
Indonesia GM Feb 2025,12,1.000,2,True
Indonesia IM Feb 2025,12,1.000,2,True
TCh-CAT Gp1 Title 2025,141,1.000,1,True
TCh-CAT Gp1 Relegation 1,116,1.000,1,True
TCh-CAT Gp1 Relegation 2,139,1.000,1,True
1st Gambit GM Closed 2025,10,1.000,2,True
Zonal 2.5 2025,68,1.000,2,True
Zonal 2.5 Women 2025,14,1.000,2,True
RADNICKICHESS IM Mar 2025,10,1.000,1,True
59th Begonia Open 2025,51,1.000,1,True
Jussupow Weltfrauentag A,27,1.000,2,True
WWRR IM 2025,10,1.000,2,True
Wood Green Inv 2025,10,1.000,2,True
44th TCh-IND 2025,121,1.000,1,True
25th ch-EUR Indiv 2025,374,1.000,1,True
Nikosia WGP 2025,10,1.000,1,True
Magistral Punta del Este,6,1.000,2,True
Asian Zonal zt 3.2 2025,26,1.000,1,True
Ivi GP Chess 2025,54,1.000,2,True
Godinn Chess Club Open,35,1.000,2,True
TCh-LTU 2025,134,1.000,1,True
22nd TCh-IND Women 2025,64,1.000,1,True
40th ChessOrg Open,50,1.000,1,True
13th Pilsen A GM 2025,10,1.000,2,True
13th Pilsen B IM 2025,10,1.000,2,True
Budapest 1 Week Mar GMA,20,1.000,2,True
Budapest 1 Week Mar GMB,20,1.000,2,True
Budapest 1 Week Mar IMA,20,1.000,2,True
Budapest 1 Week Mar IMB,20,1.000,2,True
10th Menchik Mem 2025,10,1.000,2,True
296th YMCA Winter A 2025,36,1.000,1,True
TCh-SUI 2025,442,1.000,1,True
12th ChessMates Int 2025,77,1.000,2,True
New York Spring GMA 2025,10,1.000,2,True
New York Spring IMB 2025,10,1.000,2,True
13th Int Senioren-Cup,309,1.000,1,True
ch-CYP 2025,24,1.000,1,True
SixDays Budapest GMA Mar,10,1.000,2,True
SixDays Budapest GMB Mar,10,1.000,2,True
SixDays Budapest IMA Mar,10,1.000,2,True
SixDays Budapest IMB Mar,10,1.000,2,True
SixDays Budapest IMC Mar,10,1.000,2,True
ch-RUS Junior 2025,10,1.000,1,True
ch-RUS Junior Girls 2025,10,1.000,1,True
ch-RUS Junior Girls TB,2,1.000,2,True
Charlotte Spring Open,17,1.000,1,True
91st Bristol Open 2025,5,1.000,1,True
China Zonal 3.5 2025,46,1.000,1,True
China zt 3.5 Women 2025,31,1.000,1,True
World Schools U17 2025,27,1.000,1,True
WCh Women 2025,2,1.000,1,True
3rd FAOGBA Open 2025,38,1.000,1,True
PNWCC IM Norm RR Apr,10,1.000,2,True
RUDAR 18 GM 2025,20,1.000,2,True
RUDAR 37 IM 2025,20,1.000,2,True
College Final Four 2025,19,1.000,2,True
Pune WGP 2025,10,1.000,1,True
ch-DEN 2025,10,1.000,1,True
94th ch-URU 2025,10,1.000,1,True
22nd BCC Open 2025,110,1.000,1,True
2nd Namma Bengaluru Open,161,1.000,1,True
3rd Paphos Int Open 2025,43,1.000,1,True
ACC Superzonal 2025,10,1.000,2,True
Zonal 3.1 2025,45,1.000,2,True
Melbourne Int Open 2025,27,1.000,2,True
FSGM April 2025,10,1.000,2,True
FSIM April 2025,10,1.000,2,True
Jersey International 2025,16,1.000,2,True
28th Schloss Open 2025,37,1.000,2,True
56th Italian Teams Master,112,1.000,2,True
grenke Chess Open 2025,369,1.000,1,True
Swiss Young Masters 2025,10,1.000,1,True
Trophee Dalkia 2025,10,1.000,2,True
ch-FIN 2025,10,1.000,1,True
4NCL Easter Congress 2025,41,1.000,2,True
69th ch-WLS 2025,27,1.000,2,True
Dublin Easter IM 2025,10,1.000,2,True
Dublin Easter Int Open,42,1.000,2,True
Southend Masters GM 2025,10,1.000,2,True
Southend Masters IM 2025,10,1.000,2,True
9th Semana Santa Alicante,211,1.000,1,True
O2C Doeberl Cup 2025,36,1.000,1,True
ch-FAI 2025,8,1.000,1,True
LXX Mexican Open 2025,89,1.000,2,True
Vezerkepzo IM Easter 2025,10,1.000,2,True
10th Noisiel Open 2025,49,1.000,1,True
45th San Sebastian Open,57,1.000,1,True
51st La Roda Open 2025,84,1.000,1,True
54th Mar Del Plata Open,57,1.000,1,True
Fagernes GM Open 2025,68,1.000,2,True
Piraeus GM Apr 2025,10,1.000,2,True
Princeton Open 2025,31,1.000,1,True
Subzonal 2.3.2 2025,270,1.000,2,True
Charlotte Spring GMA 2025,10,1.000,2,True
Charlotte Spring IMA 2025,10,1.000,2,True
Charlotte Spring IMB 2025,10,1.000,2,True
IV Menorca Open A 2025,144,1.000,1,True
Baku Open 2025,120,1.000,1,True
Asian Zonal zt 3.3 2025,42,1.000,1,True
Asian Zonal zt 3.3 w 2025,45,1.000,1,True
Dutch Youth U18 2025,28,1.000,1,True
2nd Hotel Stockholm N GM,12,1.000,2,True
1st Hotel Stockholm N IM,20,1.000,2,True
English Seniors 50+ 2025,24,1.000,2,True
English Seniors 65+ 2025,41,1.000,2,True
3rd Maharashtra GM Open,134,1.000,1,True
Sydney Int Open 2025,40,1.000,2,True
BSV BEM Masters 2025,32,1.000,1,True
Vezerkepzo GM April 2025,10,1.000,2,True
Vezerkepzo IM April 2025,10,1.000,2,True
ch-UZB 2025,16,1.000,3,False
ch-UZB Women 2025,16,1.000,2,True
ch-FIN 3rd-4th TB 2025,2,1.000,2,True
Cape Gambit Inv 2025,8,1.000,2,True
Guildford FIDE Open 2025,29,1.000,2,True
RUDAR 38 IM 2025,10,1.000,2,True
RUDAR 39 IM 2025,10,1.000,2,True
RUDAR 19 GM 2025,10,1.000,2,True
TCh-RUS Premier 2025,148,1.000,1,True
TCh-RUS HL 2025,170,1.000,1,True
CHN Team Men 2025,146,1.000,1,True
CHN Team Women 2025,95,1.000,1,True
TCh-BAN Premier 2025,96,1.000,1,True
Principado de Asturias,20,1.000,2,True
ch-LAT 2025,43,1.000,1,True
ch-LAT Women 2025,27,1.000,1,True
3rd Hotel Stockholm North,6,1.000,2,True
2nd Hotel Stockholm N IM,10,1.000,2,True
Karshi Open III 2025,35,1.000,2,True
4th Sunway Formentera Op,52,1.000,1,True
KCA International 2025,128,1.000,1,True
XXV Foment Martinenc Op,150,1.000,1,True
SonFlow Cup 2025,12,1.000,2,True
Dutch Youth U18 TB 2025,3,1.000,2,True
Ljubljana Open 2025,154,1.000,1,True
4th Mikis Theodorakis,36,1.000,2,True
Superbet ROM Classic 2025,10,1.000,1,True
Grosslobming WGP 2025,10,1.000,1,True
58th Capablanca Mem Elite,5,1.000,1,True
58th Capablanca Mem Open,116,1.000,1,True
Asian Individual 2025,154,1.000,1,True
16th KIIT Cat A Open 2025,91,1.000,1,True
5th Big Rook Open 2025,28,1.000,1,True
82nd PGE ch-POL 2025,10,1.000,1,True
76th ch-POL Women 2025,10,1.000,1,True
Hovhannes Danielyan Mem,10,1.000,2,True
Peter Long Memorial 2025,30,1.000,2,True
ch-JPN 2025,26,1.000,1,True
ch-SRB Semi-Final 2025,42,1.000,2,True
ch-SRB Semi-Final Women,16,1.000,2,True
Grand Prix Bucharest TB,2,1.000,1,True
Superbet Classic TB 2025,3,1.000,2,True
96th ch-GER Masters 2025,10,1.000,1,True
ch-GER Women 2025,10,1.000,1,True
96th ch-GER Candidates,32,1.000,2,True
ch-Africa 2025,54,1.000,2,True
SixDays Budapest May GM,10,1.000,2,True
SixDays Budapest May IMA,10,1.000,2,True
SixDays Budapest May IMB,10,1.000,2,True
14th Salento Open 2025,11,1.000,1,True
Churchie Int 2025,27,1.000,1,True
Thess-Chalk Team Final 4,20,1.000,1,True
Mitropa Cup 2025,47,1.000,1,True
Mitropa Cup Women 2025,47,1.000,1,True
13th Norway Chess 2025,12,1.000,1,True
13th Norway Chess Women,12,1.000,1,True
30th Sigeman & Co 2025,8,1.000,1,True
8th Sharjah Masters B,70,1.000,1,True
1st Sofia Spring 2025,72,1.000,2,True
34th Chicago Open 2025,77,1.000,2,True
44th Zalakaros Open 2025,65,1.000,1,True
Bodensee Open 2025,134,1.000,1,True
39th Voivoda Cup 2025,10,1.000,2,True
Match of Two Capitals,2,1.000,2,True
ch-KAZ 2025,28,1.000,2,True
ch-KAZ Women 2025,28,1.000,2,True
ch-GER Women TB 2025,2,1.000,2,True
ch-Africa Women 2025,25,1.000,2,True
RADNICKICHESS IM 1 May,10,1.000,1,True
82nd PGE ch-POL TB 2025,2,1.000,2,True
TCh-FRA Top 16 GpA 2025,88,1.000,1,True
TCh-FRA Top 16 GpB 2025,84,1.000,1,True
11th Gligoric Cup 2025,79,1.000,2,True
Stepan Avagyan Mem 2025,20,1.000,1,True
25th Dubai Open A 2025,161,1.000,1,True
Namangan Open 2025,78,1.000,2,True
Prishtina Int Open 2015,150,1.000,2,True
19th ch-SRB 2025,20,1.000,1,True
19th ch-SRB Women 2025,20,1.000,1,True
Norway Chess Open GM 2025,176,1.000,2,True
BSB IM A Norm 2025,20,1.000,2,True
BSB IM B Norm 2025,20,1.000,2,True
Marshall Mem Day Inv GM A,10,1.000,2,True
Marshall Mem Day Inv IM B,10,1.000,2,True
Marshall Mem Day Inv IM C,10,1.000,2,True
Thomson Masters Drogheda,44,1.000,2,True
Tatrafest Tatry Open 2025,23,1.000,1,True
2nd Ceyreste Cassis Open,54,1.000,1,True
3rd Munich Open A,57,1.000,1,True
Fredericia IM 2025,20,1.000,2,True
Itzehoe Open 2025,166,1.000,2,True
Kronborg Chess GM 1 2025,20,1.000,2,True
Kronborg Chess Master 1,16,1.000,2,True
Kronborg Chess Master 2,14,1.000,2,True
Netanya Closed IM 2025,20,1.000,1,True
Rudolf Teschner Mem 2025,45,1.000,1,True
ch-KAZ TB 2025,2,1.000,5,False
TCh-FRA Top 16 Haute 2025,144,1.000,1,True
TCh-FRA Top 16 Basse 2025,140,1.000,1,True
TCh-NOR Club 2025,133,1.000,1,True
TCh-ISR Women's Elite,69,1.000,2,True
TCh-POL Ekstraliga 2025,69,1.000,1,True
21st Delhi Open 2025,105,1.000,1,True
16th Dolomiti Open 2025,33,1.000,2,True
2nd Quang Ninh GM1 2025,10,1.000,2,True
2nd Quang Ninh IM1 2025,10,1.000,2,True
3rd Hotel Stockholm N IM,10,1.000,2,True
4th Hotel Stockholm North,10,1.000,2,True
RADNICKICHESS IM 2 May,20,1.000,1,True
3rd Munich Whitsun Open A,119,1.000,1,True
17th BPB Limburg IM/GM RR,10,1.000,2,True
17th BPB Limburg Open,62,1.000,1,True
2nd Gambit GM Closed 2025,20,1.000,2,True
37th Geneva Open 2025,25,1.000,1,True
National Open 2025,94,1.000,1,True
NSW Open 2025,42,1.000,1,True
5th Cairns Cup 2025,10,1.000,1,True
Aurionpro Mumbai IGM Open,121,1.000,1,True
Aurionpro Mumbai Junior,88,1.000,1,True
Icelandic Open 100yr 2025,38,1.000,2,True
18th Teplice Open 2025,88,1.000,1,True
37th Pula Open 2025,104,1.000,1,True
Zupanja Celebrates GM1,10,1.000,2,True
Zupanja Celebrates IM1,10,1.000,2,True
Zupanja Celebrates GM2,10,1.000,2,True
Zupanja Celebrates IM2,10,1.000,2,True
2nd Quang Ninh GM2 2025,6,1.000,2,True
AGCA Spring Inv GM 2025,10,1.000,2,True
AGCA Spring Inv IM 2025,10,1.000,2,True
Carolinas Classic 2025,35,1.000,1,True
Smyslov Cup Masters 2025,10,1.000,1,True
Guillermo Garcia Maestros,10,1.000,1,True
ACF World Cup Qual Phase2,2,1.000,8,False
ACF World Cup Qual Phase3,2,1.000,1,True
ch-GER Youth U18 2025,30,1.000,2,True
ChessKid Youth U16 GpA TB,2,1.000,2,True
2nd UzChess Cup Masters,10,1.000,1,True
2nd UzChess Cup Futures,10,1.000,1,True
ch-CHN 2025,120,1.000,1,True
ch-CHN Women 2025,68,1.000,1,True
IV Janos Rigo Mem GMA,10,1.000,2,True
IV Janos Rigo Mem IMB,10,1.000,2,True
Isola del Sole Open 2025,23,1.000,2,True
Sheki Open A 2025,44,1.000,2,True
8th Ann. Real Chess Club,10,1.000,2,True
Hanoi GM June 2025,10,1.000,2,True
Hanoi IM June 2025,6,1.000,2,True
15th Rheinland-Pfalz Open,118,1.000,1,True
5th Rebecca Cup 2025,26,1.000,2,True
HSG Open 2025,60,1.000,1,True
Shukhman-Balabayeva 2025,2,1.000,1,True
ch-Panamerican U20 2025,40,1.000,2,True
ch-Panamerican U20 Girls,20,1.000,2,True
ch-USA Cadet 2025,8,1.000,2,True
James Altucher Int 1 2025,34,1.000,1,True
FSGM June 2025,10,1.000,2,True
FSIM June 2025,10,1.000,2,True
Asian CCCL 2025,39,1.000,1,True
17th IBCA Chess Olympiad,81,1.000,1,True
UzChess Cup Masters TB1,3,1.000,4,False
UzChess Cup Masters TB2,3,1.000,2,True
77th ch-RUS HL 2025,92,1.000,1,True
74th ch-RUS HL w 2025,82,1.000,1,True
15th Vojvodina Open 2025,79,1.000,2,True
18th Philadelphia Int,48,1.000,1,True
Shamakhi Open 2025,52,1.000,2,True
8th Solta Open 2025,116,1.000,1,True
Asian Juniors 2025,47,1.000,1,True
Asian Junior Girls 2025,47,1.000,1,True
IX SESC Caioba Open,191,1.000,1,True
Lince Andujar Chess Open,178,1.000,1,True
IV Janos Rigo Mem GMB,10,1.000,2,True
IV Janos Rigo Mem IMA,10,1.000,2,True
11th Cesme Open A 2025,160,1.000,2,True
DAV-Go Checkmate IM,10,1.000,2,True
8th Crewe Congress 2025,55,1.000,2,True
Coupe de France 2025,16,1.000,1,True
CHN YanChen GM Classical,2,1.000,1,True
1st Bangkok Summer Open,41,1.000,1,True
20th South Wales Int 2025,70,1.000,2,True
21st Baltic Pearl Open A,97,1.000,1,True
44th Benasque Open 2025,73,1.000,1,True
6th Valencia Cuna Open,62,1.000,1,True
FSGM July 2025,10,1.000,2,True
FSIM July 2025,10,1.000,2,True
ch-NOR 2025,18,1.000,1,True
Grand Hotel Kielce Open,114,1.000,2,True
IM RR SPENS 1 2025,10,1.000,2,True
IV Sant Joan de Alacant,20,1.000,2,True
Atlantic Chess Ind Day IM,20,1.000,2,True
53rd Annual World Open,71,1.000,1,True
8th Bohumin Open 2025,78,1.000,2,True
Cerrado GM Barcelona June,10,1.000,2,True
Cerrado IM Barcelona June,10,1.000,2,True
Cerrado IM2 Barcelona Jun,10,1.000,2,True
Ceske Budejovice GMA 2025,20,1.000,1,True
Ceske Budejovice GMB 2025,20,1.000,1,True
Ceske Budejovice IM 2025,20,1.000,1,True
43rd Greek Team Cup,17,1.000,1,True
25th Sant Marti Open 2025,92,1.000,1,True
124th ch-SUI 2024,10,1.000,1,True
Minsk Open 2025,70,1.000,1,True
Rhodes Summer Cup 2025,24,1.000,1,True
Slovakia Chess Open 2025,58,1.000,1,True
ch-SVK 2025,10,1.000,1,True
ch-SVK Women 2025,10,1.000,1,True
Aegean Open 2025,39,1.000,1,True
Science Park Open A 2025,58,1.000,1,True
Mukhitdinov Memorial 2025,10,1.000,2,True
Kayumov Memorial 2025,10,1.000,2,True
25th Torredembarra Open,30,1.000,1,True
47th Barbera Open 2025,45,1.000,1,True
GM Zia Memorial 2025,66,1.000,2,True
Marshall Summer Inv GMA,20,1.000,2,True
Marshall Summer Inv GMB,10,1.000,2,True
Marshall Summer Inv IMC,20,1.000,2,True
Marshall Summer Inv IMD,10,1.000,2,True
Marshall Summer Inv IME,10,1.000,2,True
Pamukkale Int. Open 2025,82,1.000,2,True
Scottish Int Open 2025,52,1.000,2,True
Vilnius Open A 2025,29,1.000,2,True
Zadar GM July 2025,10,1.000,2,True
Zadar IM July 2025,10,1.000,2,True
a3Ds Chess-Masters 2025,10,1.000,2,True
10th Purtichju Open 2025,69,1.000,1,True
TCh-EUR Youth U18 2025,84,1.000,1,True
ch-USA Junior 2025,10,1.000,1,True
ch-USA Girls 2025,10,1.000,1,True
ch-USA Seniors 2025,10,1.000,1,True
58th Biel GM1 Qual 2025,6,1.000,1,True
58th Biel GM2 Qual 2025,6,1.000,1,True
58th Biel Master Open,112,1.000,1,True
58th Biel ATO 2025,97,1.000,1,True
22nd Karpov Int.,10,1.000,1,True
Serbia Open 2025,200,1.000,1,True
36th Czech Open E 2025,180,1.000,1,True
41st Andorra Open 2025,107,1.000,1,True
TP Chess Masters 2025,10,1.000,2,True
46th Ghent Open 2025,83,1.000,1,True
3rd Dole Open 2025,95,1.000,1,True
Bydgoszcz Open A 2025,52,1.000,1,True
Guba Open 2025,48,1.000,2,True
English Open 2025,84,1.000,2,True
English Open TB 2025,2,1.000,4,False
English Women's 2025,10,1.000,2,True
English Women's TB,2,1.000,2,True
33rd Heart of Finland Op,70,1.000,1,True
Grushevskiy Memorial 2025,10,1.000,2,True
13th NY Int. Super Swiss,57,1.000,2,True
ch-Paris IdF Masters 2025,60,1.000,1,True
ch-USA Seniors TB 2025,3,1.000,2,True
58th Biel GM1 Final 2025,4,1.000,1,True
58th Biel GM2 Final 2025,4,1.000,1,True
22nd Karpov Int. TB,4,1.000,3,False
36th Czech Open A 2025,187,1.000,1,True
Clash of Generations 2,2,1.000,1,True
12th Pontevedra Open 2025,49,1.000,1,True
24th IPCA WCh 2025,77,1.000,2,True
49th Sitges Open 2025,74,1.000,1,True
RUDAR 40 IM 2025,10,1.000,2,True
RUDAR 21 GM 2025,10,1.000,2,True
Romania GP Brasov 2025,171,1.000,2,True
3rd Dole Open TB 2025,2,1.000,2,True
Vezerkepzo Summer GM 2025,10,1.000,2,True
Vezerkepzo Summer IM 2025,10,1.000,2,True
Vezerkepzo Summer IM2,10,1.000,2,True
IM RR SPENS 2 2025,10,1.000,2,True
12th Famalicao Open 2025,56,1.000,1,True
Copenhagen CC GM 2025,10,1.000,2,True
Nusantara GM 2025,10,1.000,2,True
V Llinars Int Open 2025,103,1.000,1,True
ACF Wild Card Match 2025,2,1.000,1,True
ch-AUT 2025,10,1.000,1,True
China National Chess Open,84,1.000,1,True
TCh-TUR 2nd League 2025,192,1.000,2,True
111th ch-GBR 2025,100,1.000,1,True
52nd Sparkassen Open A,92,1.000,1,True
52nd Sparkassen Open B,93,1.000,1,True
52nd Dortmund Women's Int,4,1.000,1,True
Wild Card Bartel-Oro 2025,2,1.000,1,True
18th Arad Open 2025,119,1.000,1,True
27th HZ Open 2025,86,1.000,1,True
38th Sonnenterassen Open,37,1.000,1,True
40th Geraardsbergen Open,35,1.000,1,True
47th Georgi Tringov,34,1.000,2,True
49th Badalona Open 2025,39,1.000,1,True
4th Leca Chess Open 2025,189,1.000,1,True
Lira Vendrellenca IM 2025,10,1.000,2,True
Ustron Open Masters 2025,47,1.000,2,True
FSGM August 2025,10,1.000,2,True
Grafica Yael ITT 2025,20,1.000,2,True
13th Pontevedra Open 2025,28,1.000,1,True
34th Kavala Open 2025,201,1.000,1,True
Marco Marino Mem 2025,65,1.000,1,True
Werner-Ott-Open 2025,50,1.000,1,True
35th Panam Youth U18 2025,42,1.000,1,True
7th Boyi Cup 2025,42,1.000,2,True
Chess Hub MCF 1st GM IM,52,1.000,2,True
Granada Chess Open 2025,188,1.000,1,True
SixDays July GMA 2025,20,1.000,2,True
SixDays July GMB 2025,20,1.000,2,True
SixDays July GMC 2025,20,1.000,2,True
SixDays July IMA 2025,20,1.000,2,True
SixDays July IMB 2025,20,1.000,2,True
TCh-TUR Super League 2025,137,1.000,2,True
Glorney Cup 2025,28,1.000,2,True
Gilbert Cup 2025,13,1.000,2,True
Stokes Cup 2025,31,1.000,2,True
111th ch-GBR TB 2025,3,1.000,2,True
111th ch-GBR Major Open,129,1.000,1,True
Quantbox Chennai GM 2025,10,1.000,1,True
Chennai Challengers 2025,10,1.000,1,True
12th Prague Summer Open,111,1.000,1,True
12th Washington Int 2025,79,1.000,2,True
Bruges Masters Open 2025,50,1.000,1,True
Grafica Yael GM 2025,10,1.000,2,True
La Palma Island Open 2025,85,1.000,1,True
FSIM August 2025,10,1.000,2,True
104th ch-IRL TB RR 2025,3,1.000,4,False
104th ch-IRL TB Final,2,1.000,4,False
RUDAR 41 IM 2025,20,1.000,2,True
Marble Chess Classical,2,1.000,1,True
TCh-ESP Div 1 2025,51,1.000,1,True
TCh-ESP Div Honor 2025,52,1.000,1,True
33rd TCh-MKD 2025,58,1.000,2,True
TCh-CHN League B 2025,125,1.000,2,True
12th Sinquefield Cup,10,1.000,1,True
61st Rubinstein ALREH,10,1.000,1,True
4th Bella Italia Master,60,1.000,2,True
98th ch-FRA Accession,28,1.000,1,True
Brasschaat Open 2025,58,1.000,1,True
Panevezys Open A 2025,10,1.000,2,True
Sh.Safin Memorial 2025,10,1.000,2,True
Smuk Skak GM 2025,10,1.000,1,True
Reti Mem GM 2025,10,1.000,1,True
23rd Spilimbergo Open,121,1.000,1,True
Budapest 1 Week Aug GM,10,1.000,2,True
Budapest 1 Week Aug IMC,10,1.000,2,True
Iuliu Szabo Mem GM 2025,6,1.000,2,True
Iuliu Szabo Mem IM 2025,10,1.000,2,True
Uppsala IM 2025,10,1.000,2,True
Royal City Masters 2025,38,1.000,2,True
18th Poti Open 2025,46,1.000,1,True
20th Kesan Open 2025,65,1.000,2,True
6th Paul Keres Open A,51,1.000,1,True
7th SKG Open 2025,89,1.000,2,True
Belt and Road China Int,72,1.000,2,True
IV Kingston Inv 2025,10,1.000,2,True
Rogachev Masters 2025,10,1.000,2,True
Stare Mesto Open 2025,36,1.000,1,True
V Mindsports Int Open,107,1.000,2,True
304th YMCA Summer A 2025,16,1.000,1,True
305th YMCA Summer B 2025,16,1.000,1,True
Fujairah Global Superstar,80,1.000,2,True
96th ch-Bavaria 2025,32,1.000,2,True
Chess Slovak Open 2025,54,1.000,1,True
G.Borisenko Mem 2025,10,1.000,2,True
Greco Memorial 2025,20,1.000,1,True
Maia Chess Open 2025,136,1.000,1,True
Schach Tirol Open 2025,48,1.000,1,True
Korchnoi Mem Open 2025,76,1.000,1,True
26th Olomouc A GM 2025,10,1.000,2,True
26th Olomouc B1 IM 2025,10,1.000,2,True
26th Olomouc B2 IM 2025,10,1.000,2,True
35th NATO Chess 2025,103,1.000,2,True
Belt and Road Aksu A Open,40,1.000,2,True
Belt and Road Aksu B Open,26,1.000,1,True
2nd Viktor Kortschnoi Mem,10,1.000,2,True
Kapadokya Int. Open 2025,60,1.000,2,True
Gavin Wall Mem IM 2025,10,1.000,2,True
35th ch-SLO 2025,57,1.000,2,True
12th Sinquefield Cup TB,3,1.000,2,True
Fujairah Global Masters,368,1.000,2,True
CCCSA Labor Day GM 2025,20,1.000,2,True
CCCSA Labor Day IM 2025,20,1.000,2,True
27th Trieste Open 2025,135,1.000,1,True
Marshall CC Labor Day GMA,20,1.000,2,True
Marshall Labor Day MixC,20,1.000,2,True
Toronto Open Crown 2025,59,1.000,2,True
ch-POR 2025,20,1.000,2,True
26th Sants Open TB 2025,6,1.000,4,False
18th Avicenna Open 2025,44,1.000,1,True
1st Burhaniye Oren Open,56,1.000,2,True
Montserrat Open 2025,29,1.000,1,True
RUDAR 40 IM B 2025,10,1.000,2,True
RUDAR 41 IM B 2025,20,1.000,2,True
RUDAR 22 GM 2025,20,1.000,2,True
RUDAR 23 GM 2025,10,1.000,2,True
Sussex University Inv IM,10,1.000,2,True
Berserkers GM Round Robin,10,1.000,2,True
ch-CZE 2025,10,1.000,1,True
CHN League Division A Pt1,212,1.000,1,True
FIDE Grand Swiss 2025,116,1.000,1,True
FIDE Women's Grand Swiss,56,1.000,1,True
58th Iranian Men 1404,10,1.000,2,True
Golden Horse GM 2025,10,1.000,2,True
Golden Horse IM 2025,10,1.000,2,True
I Rio Chess Masters 2025,24,1.000,2,True
Rubi IM Closed 2025,10,1.000,2,True
ch-MGL 2025,12,1.000,1,True
32nd Nikaia Open 2025,48,1.000,1,True
30th Hotel Adriatico 2025,31,1.000,2,True
Reykjavik CC Autumn 2025,10,1.000,1,True
76th ch-ARG w 2025,28,1.000,1,True
76th ch-ARG w TB 2025,2,1.000,2,True
2nd Corsica CC 2025,20,1.000,2,True
16th Calgary Int 2025,42,1.000,2,True
Illinois Open 2025,41,1.000,1,True
Louisiana State 2025,8,1.000,1,True
TCh-BUL 2025,39,1.000,1,True
TCh-POL 1st League 2025,145,1.000,1,True
SixDays Budapest Sept,58,1.000,2,True
7th Bamberg Open 2025,72,1.000,1,True
Atyrau Chess Masters IM,10,1.000,1,True
Atyrau Chess Masters WIM,10,1.000,1,True
Wuerttemberg WEM-M 2025,20,1.000,2,True
Marshall Sept Premier,43,1.000,1,True
70th Iowa Open 2025,6,1.000,1,True
TCh-FIN 2025-26,504,1.000,1,True
23rd Premier League BIH,71,1.000,2,True
62nd ch-IND 2025,291,1.000,1,True
3rd Gambit GM Closed 2025,10,1.000,2,True
49th ch-BAN 2025,28,1.000,1,True
Caissa Hotel Piano 2025,10,1.000,2,True
Tsaghkadzor Open 2025,34,1.000,1,True
World Cadets U12 2025,132,1.000,1,True
ch-Vienna State 2025,10,1.000,1,True
XIV Copa Independencia,54,1.000,2,True
XL Open Basque Country,41,1.000,1,True
ch-BEL 2025,10,1.000,1,True
ch-BEL Open 2025,72,1.000,1,True
ch-SWE 2025,20,1.000,1,True
ch-SWE TB 2025,3,1.000,4,False
20th Malaysian Open 2025,53,1.000,1,True
Caissa Hotel Violin 2025,10,1.000,2,True
Dutch League 2025-26,729,1.000,1,True
TCh-ITA Women 2025,32,1.000,1,True
TCh-ROU Superliga 2025,71,1.000,1,True
TCh-SRB Premier 2025,88,1.000,1,True
GCT Finals 2025,8,1.000,6,False
Caissa Hotel Trumpet 2025,6,1.000,2,True
White Horse GM 2025,20,1.000,2,True
White Horse IM 2025,20,1.000,2,True
SixDays Budapest 3 Yr GMA,10,1.000,2,True
SixDays Budapest 3 Yr GMB,10,1.000,2,True
SixDays Budapest 3 Yr IMA,10,1.000,2,True
SixDays Budapest 3 Yr IMB,10,1.000,2,True
SixDays Budapest 3 Yr IMC,10,1.000,2,True
4th Hotel Stockholm N IM,10,1.000,2,True
5th Hotel Stockholm North,10,1.000,2,True
Charlotte Fall Open 2025,30,1.000,1,True
Edeleny Chess Meeting,29,1.000,2,True
III Mallorca Int. Masters,10,1.000,2,True
Independence Day UZB 2025,10,1.000,2,True
Japan Open 2025,35,1.000,2,True
Frauenbundesliga 2025-26,395,1.000,1,True
Lag DM Elit 2025-26,102,1.000,1,True
TCh-ROU Superliga w 2025,34,1.000,1,True
TCh-ROU Men DivA 2025,61,1.000,1,True
15th Nat PRC KO Women,4,1.000,3,False
Giri-Oro ICC Match 2025,2,1.000,4,False
25th European Teams,197,1.000,1,True
25th European Teams Women,179,1.000,1,True
World Youth Open U18 2025,75,1.000,1,True
World Youth Open U16 2025,68,1.000,1,True
World Youth Open U14 2025,68,1.000,1,True
31st Tamil Nadu IM 2025,10,1.000,2,True
CHN Nat Open Suzhou 2025,78,1.000,2,True
IV Mallorca Int. Masters,20,1.000,2,True
23rd ch-Euro Seniors +50,63,1.000,1,True
23rd ch-Euro Seniors +65,77,1.000,1,True
Dragomanov Fit Masters,40,1.000,2,True
Maurizzi-Grebnev m 2025,4,1.000,1,True
Oer-Erkenschwick GM 2025,20,1.000,2,True
Oer-Erkenschwick IM 2025,20,1.000,2,True
German Youth Teams 2025,150,1.000,2,True
CHN League Division A Pt2,78,1.000,1,True
1st Liga Central SRB 2025,85,1.000,2,True
Giri-Martinez ICC Match,2,1.000,4,False
ch-USA 2025,12,1.000,1,True
ch-USA w 2025,12,1.000,1,True
78th ch-RUS 2025,12,1.000,1,True
IPCA Europe Ind 2025,37,1.000,2,True
Maritime Chess Open 2025,17,1.000,1,True
Texas Norm Super Swiss,27,1.000,2,True
32nd Tamil Nadu IM 2025,10,1.000,2,True
FSGM October 2025,10,1.000,2,True
FSIM October 2025,10,1.000,2,True
Odense Mesterskabsgruppen,6,1.000,2,True
Odense Mester 1 2025,6,1.000,2,True
Odense Mester 2 2025,6,1.000,2,True
Saint Charbel Cup 3 2025,10,1.000,2,True
BA Chess Title IM 2025,10,1.000,1,True
TCh-CRO II Liga 2025,2,1.000,1,True
40th ECC Open 2025,463,1.000,1,True
29th ECC Women 2025,80,1.000,1,True
28th Hoogeveen Crown,4,1.000,1,True
28th Hoogeveen Open 2025,69,1.000,2,True
3rd Annemasse Open 2025,42,1.000,1,True
49th Guernsey Open 2025,19,1.000,1,True
La Nucia RR 2025,10,1.000,2,True
ch-POL U20 2025,38,1.000,2,True
ch-POL U20 Women 2025,15,1.000,2,True
8th Kaltern-Trophy 2025,46,1.000,2,True
Faaborg CC 100th Ann GM,10,1.000,2,True
Portuguese Supercup 2025,8,1.000,1,True
23rd Cap D'Agde Open 2025,37,1.000,1,True
33rd World Senior w 50+,34,1.000,1,True
33rd World Senior w 65+,32,1.000,1,True
Benidorm Open A 2025,151,1.000,2,True
Coventry Int. Open 2025,77,1.000,2,True
Chigorin Memorial 2025,89,1.000,1,True
Zonal 4.5 2025,15,1.000,2,True
4th Hvar Open 2025,94,1.000,1,True
3rd Amsterdam Chess Open,53,1.000,1,True
Charlotte ALTO 2025,33,1.000,2,True
ITT Fortuna Investimento,10,1.000,2,True
NJ Int. GM Inv 2025,10,1.000,2,True
Scarborough Congress 2025,60,1.000,2,True
Tanger Gambit 2025,10,1.000,2,True
33rd Tamil Nadu IM 2025,10,1.000,2,True
28th OIBM 2025,213,1.000,1,True
33rd EY Open U18 2025,96,1.000,1,True
33rd EY Girls U18 2025,89,1.000,1,True
34th Tamil Nadu IM 2025,20,1.000,2,True
3rd Cidade De Lagos Open,43,1.000,1,True
GXA Alekhine Mem 2025,20,1.000,2,True
Perla del Desierto 2025,56,1.000,1,True
Stockholm Grand Prix 2025,129,1.000,2,True
4NCL 2025-26,508,1.000,1,True
TCh-NOR Elite 2025-26,270,1.000,1,True
36th Leuven Open 2025,31,1.000,1,True
Tournament of Peace 2025,10,1.000,1,True
32nd ProAm Copa Clarin Op,106,1.000,1,True
SixDays Budapest Nov GMA,10,1.000,2,True
RUDAR 43 IM 2025,10,1.000,2,True
RUDAR 24 GM 2025,10,1.000,2,True
ch-Commonwealth 2025,57,1.000,1,True
19th Figueira da Foz Open,49,1.000,1,True
33rd EY Open U16 2025,80,1.000,1,True
33rd EY Girls U16 2025,75,1.000,1,True
33rd EY Open U14 2025,75,1.000,1,True
33rd EY Girls U14 2025,75,1.000,1,True
33rd EY Open U12 2025,81,1.000,1,True
33rd EY Girls U12 2025,79,1.000,1,True
33rd EY Open U10 2025,69,1.000,1,True
33rd EY Girls U10 2025,62,1.000,1,True
33rd EY Girls U8 2025,3,1.000,1,True
35th Tamil Nadu IM 2025,10,1.000,2,True
3rd Freundschachts-Open,47,1.000,1,True
RUDAR 42 IM 2025,10,1.000,2,True
4th Skyline Open 2025,55,1.000,1,True
Tournament of Peace 2024,10,1.000,1,True
1st Washington Dulles,12,1.000,1,True
21st Moscow Open A 2025,186,1.000,2,True
8th Golden Apricot 2025,42,1.000,2,True
7th Mutxamel IM 2025,10,1.000,2,True
3rd Leonine GM 2025,10,1.000,1,True
Dubna IM 2025,10,1.000,2,True
Goris Open 2025,28,1.000,1,True
Copa Revolucion Open 2025,40,1.000,2,True
ch-Arab Indiv Men 2025,36,1.000,1,True
14th Brno IM 2025,10,1.000,2,True
SixDays Budapest Nov GMB,10,1.000,2,True
36th Tamil Nadu IM 2025,10,1.000,2,True
Turkish Cup TB 2025,2,1.000,2,True
34th TCh-CRO Div 1a 2025,71,1.000,1,True
34th TCh-CRO Div 1b 2025,71,1.000,1,True
34th TCh-CRO Women Div1,38,1.000,1,True
Mareco-Oro Copa Protegen,2,1.000,3,False
19th SPICE Cup Open 2025,38,1.000,2,True
38th Belgrade Trophy,62,1.000,1,True
86th ch-ARM 1st League,24,1.000,1,True
CCCSA Fall GMA 2025,10,1.000,2,True
CCCSA Fall GMB 2025,10,1.000,2,True
CCCSA Fall IMC 2025,10,1.000,2,True
CCCSA Fall IMD 2025,10,1.000,2,True
KazChess Masters 2025,10,1.000,1,True
37th Tamil Nadu IM 2025,10,1.000,2,True
ch-HUN Qualification 2025,8,1.000,4,False
The path to mastery 2025,17,1.000,2,True
World Women's Team Pool A,33,1.000,2,True
World Women's Team Pool B,32,1.000,2,True
World Women's Team Final,40,1.000,2,True
15th London Classic Elite,20,1.000,1,True
15th London Classic Open,234,1.000,2,True
100th ch-ARG 2025,24,1.000,1,True
6th elllobregat Open 2025,242,1.000,1,True
84th ch-ITA 2025,23,1.000,1,True
84th ch-ITA Women 2025,20,1.000,1,True
84th ch-ITA U20 2025,20,1.000,1,True
38th Tamil Nadu IM 2025,20,1.000,2,True
21st Ugra Governor's Cup,30,1.000,1,True
23rd Turkey Bowl 2025,18,1.000,1,True
American Open 2025,29,1.000,1,True
Shirvan Open 2025,83,1.000,2,True
US Chess Masters 2025,143,1.000,2,True
US Chess Masters TB 2025,2,1.000,2,True
III Russian Team Cup 2025,45,1.000,1,True
III RUS Team Cup Women,26,1.000,1,True
11th ch-Francophonie 2025,44,1.000,1,True
3rd Vega de San Mateo,61,1.000,2,True
4th UZB President Masters,10,1.000,1,True
4th UZB President Open A,112,1.000,1,True
74th ch-GRE 2024,10,1.000,1,True
7th Yerevan Open A 2025,58,1.000,1,True
Kazakhstan Cup Final 2025,12,1.000,1,True
6th elllobregat Open TB,2,1.000,2,True
84th ch-ITA 4th-6th TB,3,1.000,2,True
1st Irun Open 2025,33,1.000,1,True
Clash of Generations II,2,1.000,1,True
RUDAR 44 IM 2025,10,1.000,1,True
RUDAR 45 IM 2025,20,1.000,2,True
RUDAR 25 GM 2025,10,1.000,2,True
RUDAR 26 GM 2025,20,1.000,2,True
Vezerkepzo Santa Claus GM,20,1.000,2,True
Vezerkepzo Santa Claus IM,20,1.000,2,True
Semifinals ch-POL 2025,108,1.000,1,True
Semifinals ch-POL w 2025,54,1.000,1,True
TCh-CZE Extraliga 2025-26,532,1.000,1,True
Szmetan-Giardelli GM,10,1.000,1,True
12th Sunway Sitges 2025,113,1.000,1,True
72nd ch-HUN 2025,10,1.000,1,True
72nd ch-HUN w 2025,10,1.000,1,True
90th ch-ESP 2025,99,1.000,1,True
Crikvenica Open 2025,38,1.000,1,True
MTB International Masters,10,1.000,1,True
RADNICKICHESS IM 2 Dec,10,1.000,1,True
FSGM December 2025,10,1.000,2,True
FSIM December 2025,10,1.000,2,True
RUDAR 46 IM 2025,10,1.000,2,True
RUDAR 27 GM 2025,10,1.000,2,True
39th Tamil Nadu IM 2025,10,1.000,2,True
51st ch-IND w 2025,50,1.000,1,True
TCh-AUT 2025-26,174,1.000,2,True
TCh-AUT Frauen 2025-26,137,1.000,1,True
1st TSCCA 2025,16,1.000,1,True
Sunway Sitges Open TB 1st-2nd,2,1.000,2,True
Sunway Sitges Open TB 3rd-8th,6,1.000,5,False
61st Groningen Open 2025,62,1.000,1,True
93rd ch-UKR 2025,42,1.000,1,True
Botvinnik Cup Masters,10,1.000,1,True
17th Penang Open 2025,94,1.000,2,True
Portuguese Masters 2025-6,10,1.000,2,True
Vienna GM 2025,10,1.000,2,True
Forintos Gyozo Mem GM-A,10,1.000,1,True
Forintos Gyozo Mem GM-B,10,1.000,1,True
Forintos Gyozo Mem GM-C,10,1.000,1,True
Forintos Gyozo Mem IM,10,1.000,1,True
ch-Vilnius City 2025,39,1.000,1,True
109th Edward Lasker Mem,65,1.000,2,True
31st Hotel Adriatico 2025,44,1.000,2,True
40th Tamil Nadu IM 2025,10,1.000,2,True
COL Olympiad Team Select,12,1.000,2,True
Dubrovnik Advent 2025,68,1.000,2,True
Sant Andreu Tancats 2025,20,1.000,2,True
Hastings Masters 2025-26,214,1.000,2,True
53rd Rilton Cup 2025-26,152,1.000,1,True
10th Johor Open 2025,48,1.000,2,True
14th Palmanova Open 2025,98,1.000,1,True
22nd Vandoeuvre Open 2025,26,1.000,1,True
35th North American Open,66,1.000,2,True
5th Athens of the East Op,74,1.000,1,True
Bambuchess Masters A 2025,10,1.000,2,True
Bambuchess Masters B 2025,10,1.000,2,True
Barcelona Christmas GM 1,10,1.000,2,True
Barcelona Christmas GM 2,10,1.000,2,True
Basel Christmas Open 2025,53,1.000,1,True
Cornerstone Holidays GM,10,1.000,2,True
Cornerstone Holidays IMA,10,1.000,2,True
Cornerstone Holidays IMB,10,1.000,2,True
ch-IRQ 2025,12,1.000,2,True
Obro x CXU New Year 2025,58,1.000,2,True
1st Ninh Binh GM 2025,10,1.000,2,True
1st Ninh Binh IM 2025,6,1.000,2,True
Hong Kong Open 2025,129,1.000,2,True
133rd ch-NZL Open 2026,29,1.000,1,True
16th Chennai Open 2026,71,1.000,1,True
30th Bosnjaci Open,88,1.000,1,True
36th Staufer-Open 2025,136,1.000,2,True
37th Roquetas de Mar Open,101,1.000,2,True
ch-HUN U20 2026,10,1.000,1,True
Cornerstone Holiday #2 GM,20,1.000,2,True
Cornerstone Hols #2 IMA,20,1.000,2,True
Cornerstone Hols #2 IMB,20,1.000,2,True
Cornerstone NY Swiss 2026,31,1.000,2,True
10th Hanoi Chess GM 2026,20,1.000,2,True
10th Hanoi Chess IM 2026,20,1.000,2,True
Brazil Chess Series - SP,39,1.000,2,True
GM-Turnier im Atomis 2025,10,1.000,2,True
IM-Turnier im Atomis 2025,10,1.000,2,True
Irish New Year IM 2026,20,1.000,2,True
ch-Lower Saxony 2026,24,1.000,2,True
24th Prague Open 2026,65,1.000,1,True
41st Tamil Nadu IM 2026,10,1.000,2,True
42nd Tamil Nadu IM 2026,10,1.000,2,True
51st Seville Open 2026,89,1.000,1,True
92nd ch-BLR 2026,10,1.000,1,True
92nd ch-BLR w 2026,10,1.000,1,True
Fantastico GM Mix 11 2026,60,1.000,2,True
46th White Tower Open A,27,1.000,2,True
5th Hotel Stockholm N IM,10,1.000,2,True
6th Hotel Stockholm North,10,1.000,2,True
6th Parma City of Culture,44,1.000,2,True
7th GM Young Talents 2026,6,1.000,3,False
7th Hotel Stockholm North,6,1.000,2,True
TCh-ISR GpA 2026,116,1.000,1,True
TCh-ISR GpB 2026,110,1.000,1,True
Arab Clubs 2026,49,1.000,2,True
TCh-CHN DivA Finals 2025,20,1.000,1,True
88th Tata Steel Masters,28,1.000,1,True
86th ch-ARM HL 2026,10,1.000,1,True
81st ch-ARM w 2026,10,1.000,1,True
Bob Wade Masters 2026,10,1.000,2,True
Muscat Nights Int. 2026,78,1.000,2,True
Charlotte Open 2026,46,1.000,1,True
NY Marshall Winter GM A,10,1.000,2,True
NY Marshall Winter GM B,10,1.000,2,True
NY Marshall Winter IM C,10,1.000,2,True
NY Marshall Winter IM D,10,1.000,2,True
Odisha Open Cat.A 2026,109,1.000,1,True
Gotham vs. Song Classical,2,1.000,1,True
43rd Tamil Nadu IM 2026,10,1.000,2,True
44th Tamil Nadu IM 2026,10,1.000,2,True
Fantastico GM Mix 12 2026,64,1.000,2,True
XVIII Premium Budapest,44,1.000,3,False
ch-ISR Open 2026,72,1.000,1,True
NCFP Selection Men 2026,14,1.000,2,True
NCFP Selection Women 2026,12,1.000,2,True
Budapest 1 Week Jan GMA,10,1.000,2,True
Budapest 1 Week Jan GMB,10,1.000,2,True
Budapest 1 Week Jan IMA,10,1.000,2,True
Budapest 1 Week Jan IMB,10,1.000,2,True
Tigran Nalbandyan Mem,10,1.000,2,True
Orsha Masters 2026,10,1.000,2,True
Orsha Masters 2 2026,10,1.000,2,True
Orsha Open 2026,43,1.000,1,True
24th Marienbad A1 GM 2026,10,1.000,2,True
24th Marienbad B1 IM 2026,10,1.000,2,True
XLVI Metropolitano Int,39,1.000,2,True
15th Gora Sw Anny IM 2026,10,1.000,2,True
9th Montevideo Open 2026,155,1.000,1,True
ch-CRC 2016,24,1.000,2,True
85th ch-GEO 2026,20,1.000,1,True
83rd ch-GEO Women 2026,20,1.000,1,True
IM2 Bijeljina 2026,10,1.000,2,True
RUDAR 47 IM 2026,10,1.000,2,True
RUDAR 28 GM 2026,10,1.000,2,True
SixDays Budapest Jan GM-C,10,1.000,2,True
Fantastico GM Mix 13 2026,58,1.000,2,True
New Zagreb Classic 2026,65,1.000,1,True
Hotel Putnik GM 2026,10,1.000,2,True
Hotel Putnik IM1 2026,10,1.000,2,True
Hotel Putnik IM2 2026,10,1.000,2,True
TCh-CHN DivA Rel 2025,22,1.000,1,True
1st Chola Chess GM 2026,10,1.000,1,True
Battle of Minds Classical,2,1.000,1,True
Djerba Open A 2026,20,1.000,2,True
2nd Erno Dede Mem 2026,63,1.000,2,True
4NCL Bradford Congress,47,1.000,2,True
4NCL Bradford U2000,44,1.000,2,True
TCh-CAT Gp1 2026,227,1.000,1,True
3rd Al-Beruniy Masters,10,1.000,1,True
3rd Al-Beruniy Challenger,10,1.000,1,True
3rd Al-Beruniy Futures,10,1.000,1,True
78th ch-MNE 2026,59,1.000,2,True
Gurel-Van Foreest Match,2,1.000,1,True
Graz Open A 2026,132,1.000,1,True
Isle of Wight Masters,109,1.000,2,True
NY IMA President's Day,10,1.000,2,True
Pepe Leuza Memorial 2026,64,1.000,2,True
V Perez Chess Open 2026,26,1.000,1,True
ch-ROU 2026,56,1.000,1,True
24th Rochefort Masters,33,1.000,1,True
17th Southwest Class 2026,59,1.000,1,True
FSGM February 2026,10,1.000,2,True
FSIM February 2026,10,1.000,2,True
ch-CRC 2026,24,1.000,2,True
49th Blackpool Conference,41,1.000,2,True
62nd ch-CUB 2026,28,1.000,1,True
2nd Doppelbauer Kiel IM,10,1.000,2,True
Russian Chess Crown A,158,1.000,2,True
42nd Cappelle Open 2026,91,1.000,1,True
Apolonii Litwinskiej Mem,8,1.000,7,False
Radnicki CC IM 1 2026,10,1.000,2,True
85th Noteboom Open,34,1.000,1,True
RUDAR 48 IM A 2026,20,1.000,2,True
RUDAR 48 IM B 2026,20,1.000,2,True
RUDAR 49 IM 2026,10,1.000,2,True
RUDAR 30 GM 2026,10,1.000,2,True
8th Prague Masters 2026,20,1.000,1,True
8th Prague Challengers,20,1.000,1,True
8th Prague Futures,20,1.000,1,True
Prague Int Open 2026,132,1.000,1,True
Saint Louis Masters 2026,134,1.000,2,True
Aeroflot Open A 2026,337,1.000,2,True
Budapest Spring Open 2026,206,1.000,1,True
Madaminov-McShane Match,4,1.000,1,True
3rd Kumania GM 2026,10,1.000,2,True
3rd Kumania IM 2026,10,1.000,2,True
39th Cannes Open 2026,36,1.000,1,True
9th Vardaris Open 2026,87,1.000,1,True
Grand-Open Galeria 2026,48,1.000,1,True
Jersey International 2026,14,1.000,2,True
Radnicki CC IM 2 2026,10,1.000,2,True
Uzbek Stars vs World Team,4,1.000,2,True
26th Mediterranean Flower,10,1.000,2,True
57th Belgrade WGM 2026,10,1.000,1,True
4th Gambit GM Closed 2026,10,1.000,2,True
Aeroflot Open Legends,9,1.000,1,True
Radnicki CC IM 3 2026,10,1.000,2,True
3rd Korchnoi Mem 2026,10,1.000,2,True
2nd Women's Day Int. 2026,21,1.000,2,True
60th Begonia Open 2026,51,1.000,1,True
Isle of Wight Weekend,19,1.000,2,True
Texas Grand Circuit Int,33,1.000,1,True
IV Women's Masters 2026,10,1.000,2,True
6th Hotel Stockholm N IM,10,1.000,2,True
8th Hotel Stockholm North,10,1.000,2,True
Bled Chess Festival 2026,68,1.000,2,True
Nakamura-Liang Classical,2,1.000,1,True
WWRR GM 2026,10,1.000,2,True
19th Agzamov Mem 2026,58,1.000,1,True
83rd ch-POL 2026,10,1.000,1,True
78th ch-POL Women 2026,10,1.000,1,True
KazChess Masters RR 2025,10,1.000,1,True
SixDays Budapest GM-A Mar,10,1.000,2,True
SixDays Budapest GM-B Mar,10,1.000,2,True
SixDays Budapest IM-A Mar,10,1.000,2,True
SixDays Budapest IM-B Mar,10,1.000,2,True
SixDays Budapest IM-C Mar,10,1.000,2,True
Kopavogur Int. 2026,10,1.000,1,True
3rd Katerini Open 2026,48,1.000,1,True
Charlotte Spring GMA 2026,10,1.000,2,True
Charlotte Spring IMB 2026,10,1.000,2,True
Mavens Open 2026,102,1.000,2,True
Arctic Chess NGP 2026,48,1.000,2,True
TCh-LTU 2026,178,1.000,1,True
TCh-SUI 2026,414,1.000,1,True
College Final Four 2026,18,1.000,2,True
College Final Four Women,17,1.000,2,True
45th TCh-IND 2026,91,1.000,1,True
57th TCh-ITA Abruzzo 2026,28,1.000,2,True
FIDE Candidates 2026,16,1.000,1,True
FIDE Women Candidates,16,1.000,1,True
Tashkent GM 2026,20,1.000,2,True
Tashkent IM 2026,20,1.000,2,True
ch-DEN 2026,20,1.000,1,True
Fagernes GM Open 2026,116,1.000,2,True
RUDAR 50 IM 2026,10,1.000,2,True
Mauricie Open 2026,32,1.000,2,True
ch-UKR Boys U20 2026,26,1.000,1,True
ch-UKR Girls U20 2026,12,1.000,1,True
grenke Chess Open 2026,444,1.000,1,True
FSGM April 2026,6,1.000,2,True
Swiss Young Masters 2026,20,1.000,1,True
ch-FIN 2026,10,1.000,1,True
ch-DEN TB 2026,2,1.000,2,True
52nd La Roda Open 2026,135,1.000,1,True
4NCL Easter GM 2026,10,1.000,2,True
4NCL Easter IM 2026,10,1.000,2,True
4NCL Easter Congress 2026,49,1.000,2,True
Atlantic City Open 2026,59,1.000,1,True
O2C Doeberl Cup 2026,31,1.000,2,True
Pardinyes Setmana GM 2026,20,1.000,2,True
Pardinyes Setmana IM 2026,20,1.000,2,True
RUDAR 51 IM 2026,20,1.000,2,True
V Magistral Villa de Zaha,10,1.000,2,True
95th ch-URU 2026,20,1.000,2,True
ch-URU Women 2026,16,1.000,1,True
18th Montalvo Mem 2026,275,1.000,1,True
Clash of Generations III,2,1.000,1,True
II Rio Chess Masters 2026,22,1.000,2,True
Niemann-Liang Match 2026,2,1.000,2,True
23rd BCC Open 2026,120,1.000,1,True
FSIM April 2026,10,1.000,2,True
ch-FIN TB 2026,2,1.000,2,True
ch-FIN Women 2026,10,1.000,1,True
5th Mikis Theodorakis,24,1.000,1,True
70th ch-WLS 2026,27,1.000,2,True
Bratislava Norm Week 2026,10,1.000,2,True
Guildford FIDE Open 2026,45,1.000,2,True
Trophee ADIM 2026,10,1.000,2,True
V Menorca Open A 2026,172,1.000,1,True
Sydney Int Open 2026,32,1.000,2,True
6th Rebecca Cup 2026,42,1.000,2,True
Melbourne Int Open 2026,24,1.000,2,True
SonFlow Cup 2026,12,1.000,2,True
CHN Team Men 2026,70,1.000,1,True
CHN Team Women 2026,41,1.000,2,True
Dutch Youth U18 2026,36,1.000,1,True
2nd Mesir Int Open 2026,36,1.000,2,True
57th Italian Teams Gp A,69,1.000,2,True
57th Italian Teams Gp B,62,1.000,2,True
31st Sigeman & Co 2026,8,1.000,1,True
Baku Open 2026,200,1.000,1,True
ch-KAZ 2026,14,1.000,2,True
ch-KAZ Women 2026,14,1.000,2,True
ch-KGZ 2026,49,1.000,1,True
Churchie Int 2026,34,1.000,2,True
Ljubljana Open 2026,128,1.000,2,True
Mega Big Norms Warsaw IM,10,1.000,2,True
Mitropa Cup 2026,46,1.000,1,True
Mitropa Cup Women 2026,48,1.000,1,True
TCh-RUS Premier 2026,132,1.000,1,True
TCh-RUS Women 2026,124,1.000,1,True
TCh-RUS HL 2026,95,1.000,1,True
57th Italian Teams Final,118,1.000,1,True
TCh-MNE Premier 2026,82,1.000,1,True
31st Sigeman & Co TB,2,1.000,3,False
ch-CHN 2026,65,1.000,1,True
ch-CHN Women 2026,38,1.000,1,True
ch-CZE 2026,10,1.000,1,True
Fuad Jafarov Mem GM 2026,10,1.000,2,True
Fuad Jafarov Mem IM 2026,10,1.000,2,True
40th Voivoda Cup GM 2026,10,1.000,2,True
40th Voivoda Cup IM 2026,10,1.000,2,True
Caissa Hotel Clarinet,6,1.000,2,True
ch-LAT 2026,10,1.000,2,True
ch-MDA 2026,10,1.000,2,True
ch-ISL 2026,10,1.000,1,True
16th WLC Weekender 2026,46,1.000,3,False
BSB GM Norm 2026,10,1.000,2,True
BSB IM Norm 2026,10,1.000,2,True
GCT Super ROM Classic,10,1.000,1,True
ch-Commonwealth 2026,48,1.000,1,True
XXVI Foment Martinenc Op,160,1.000,1,True
ch-SRB Semi-Final 2026,48,1.000,2,True
1st Lecci Open 2026,48,1.000,1,True
23rd Karpov Int.,10,1.000,2,True
2nd Pays de Bray IM 2023,10,1.000,2,True
51st OKU 2026,56,1.000,1,True
Rudolf Teschner Mem 2026,36,1.000,1,True
Turkic Team 2026,34,1.000,2,True
Turkic Women's Team 2026,35,1.000,2,True
TCh-NOR Club 2026,108,1.000,1,True
Croatian Cup 2026,148,1.000,2,True
14th Norway Chess 2026,12,1.000,1,True
14th Norway Chess Women,12,1.000,1,True
Norway Chess Open May,49,1.000,1,True
26th ch-EUR Indiv w 2026,326,1.000,1,True
17th KIIT Cat A Open 2026,143,1.000,1,True
35th Chicago Open 2026,69,1.000,1,True
45th Zalakaros Open 2026,47,1.000,1,True
4th Buenos Aires Open,129,1.000,1,True
4th Munich GM1 2026,10,1.000,2,True
4th Munich Whitsun Open A,102,1.000,2,True
Caissa Hotel Guitar 2026,10,1.000,2,True
Caissa Hotel Drum 2026,10,1.000,2,True
SixDays Budapest May GM-A,10,1.000,2,True
SixDays Budapest May GM-B,10,1.000,2,True
18th BPB Limburg Open,86,1.000,2,True
18th BPB Limburg Match,2,1.000,1,True
5th Karshi Open 2026,41,1.000,1,True
7th Hotel Stockholm N IM,10,1.000,2,True
9th Hotel Stockholm N GM,10,1.000,2,True
SS4 Springare JGP Match,2,1.000,2,True
TCh-POL Junior 2026,68,1.000,1,True
12th Gligoric Cup 2026,48,1.000,1,True
75th Ann. Karpov TB 2026,2,1.000,3,False
ch-NED Qualification TB,2,1.000,4,False
Norway Chess Open June,47,1.000,1,True
Asian Individual 2026,278,1.000,1,True
5th Gambit GM Closed 2026,18,1.000,2,True
Stepan Avagyan Mem 2026,20,1.000,1,True
4th Munich GM2 2026,10,1.000,2,True
4th Munich IM1 2026,10,1.000,2,True
4th Munich IM2 2026,10,1.000,2,True
Radnicki CC IM 4 2026,10,1.000,2,True
Niemann-Nepomniachtchi m,4,1.000,2,True
German Team Cup 2026,16,1.000,1,True
3rd UzChess Cup Masters,10,1.000,1,True
3rd UzChess Cup Futures,10,1.000,2,True
25th IPCA WCh 2026,24,1.000,1,True
Navara - Blohberger Match,2,1.000,1,True
4th Gujarat Open 2026,125,1.000,1,True
Battle of Minds Challengers,10,1.000,2,True
ITT de la Bandera 2026,10,1.000,2,True
ch-Malopolska 2026,76,1.000,2,True
TCh-FRA Top 16 GpA 2026,88,1.000,1,True
TCh-FRA Top 16 GpB 2026,82,1.000,1,True
UzChess Cup Masters TB,2,1.000,2,True
3rd UzChess Cup Open,53,1.000,1,True
19th Teplice Open 2026,26,1.000,1,True
20th ch-SRB 2026,10,1.000,1,True
360 One Masters 2026,55,1.000,1,True
38th Pula Open 2026,116,1.000,1,True
Prishtina Int Open 2026,49,1.000,2,True
ch-SVK 2026,10,1.000,1,True
ECU Senior +50 Women 2026,11,1.000,1,True
ECU Senior +65 Women 2026,11,1.000,1,True
AGCA Spring Inv IM 2026,10,1.000,2,True
Carolinas Classic 2026,65,1.000,2,True
FSGM June 2026,10,1.000,2,True
FSIMA June 2026,10,1.000,2,True
FSIMB June 2026,10,1.000,2,True
Marshall Premier Jun 2026,38,1.000,1,True
Victorian Open 2026,32,1.000,1,True
TCh-FRA Top 16 Haute 2026,77,1.000,1,True
TCh-FRA Top 16 Basse 2026,87,1.000,1,True
Belgrade GM Swiss 2026,33,1.000,1,True
V Janos Rigo Mem GMA,10,1.000,2,True
V Janos Rigo Mem GMB,10,1.000,2,True
V Janos Rigo Mem IMA,10,1.000,2,True
V Janos Rigo Mem IMB,10,1.000,2,True
World Youth Open U16 2026,149,1.000,1,True
World Youth Open U14 2026,144,1.000,1,True
HSG Open 2026,53,1.000,1,True
Silver Lake Open A 2026,15,1.000,2,True
V Chess Festival Cesis,17,1.000,1,True
TCh-ISR Top Play-off 2026,59,1.000,2,True
TCh-ISR Bottom Play-off,57,1.000,1,True
TCh-POL Ekstraliga 2026,74,1.000,1,True
Najdorf Mem Open A 2026,147,1.000,1,True
78th ch-RUS HL 2026,54,1.000,1,True
75th ch-RUS HL w 2026,50,1.000,1,True
ch-SWE 2026,20,1.000,1,True
31st Klatovy Open A 2026,105,1.000,1,True
4th Vojvodina Open 2026,83,1.000,2,True
9th Solta Open 2026,60,1.000,1,True
DC International 2026,94,1.000,2,True
Kasparov CF Open 2026,71,1.000,2,True
22nd Baltic Pearl Open A,110,1.000,1,True
ch-Africa 2026,59,1.000,1,True
ch-Africa Women 2026,41,1.000,1,True
9th Crewe Congress 2026,57,1.000,2,True
Coupe de France 2026,16,1.000,1,True
GCT Super CRO Arm TB,2,1.000,1,True
KazChess Masters 2026,20,1.000,1,True
ch-NOR 2026,22,1.000,1,True
45th Benasque Open 2026,171,1.000,1,True
19th Paracin Open A 2026,74,1.000,1,True
Ceske Budejovice GM 2026,20,1.000,1,True
Ceske Budejovice Open A,125,1.000,1,True
26th Torredembarra Open,28,1.000,1,True
Pune IGM RR 2026,20,1.000,1,True
Scottish Int Open 2026,65,1.000,2,True
ch-SWE TB 2026,2,1.000,2,True
11th Marina Viva Open,105,1.000,2,True
12th Cesme Open A 2026,257,1.000,2,True
54th Annual World Open,156,1.000,1,True
54th Annual World Open TB,2,1.000,1,True
X SESC Caioba Open,263,1.000,1,True
ch-PHI 2026,28,1.000,2,True
ch-PHI Women 2026,16,1.000,2,True
44th Greek Team Cup,20,1.000,1,True
53rd TCh-GRE 2026,297,1.000,1,True
125th ch-SUI 2026,10,1.000,1,True
19th Poti Open 2026,44,1.000,1,True
400 Coups Festival 2026,21,1.000,1,True
Aegean Open 2026,40,1.000,1,True
Minsk Open 2026,75,1.000,1,True
FSGM July 2026,10,1.000,2,True
FSIM July 2026,10,1.000,2,True
Montenegro Open 2026,122,1.000,2,True
Sheffield IM 2026,10,1.000,2,True
73rd ch-HUN Women 2026,10,1.000,1,True
ch-BEL 2026,10,1.000,1,True
ch-BEL Women 2026,10,1.000,1,True
ch-BEL Open 2026,49,1.000,1,True
21st South Wales Int 2026,52,1.000,2,True
2nd Chola Chess GM 2026,10,1.000,1,True
2nd Chola Chess IM 2026,10,1.000,1,True
30th J-C Loubatiere Open,42,1.000,1,True
Quang Ninh Masters 2026,22,1.000,1,True
48th Barbera Open 2026,41,1.000,1,True
7th Valencia Cuna Open,60,1.000,1,True
9th Bohumin Open 2026,44,1.000,2,True
Aslanov Memorial GM 2026,10,1.000,2,True
Aslanov Memorial IM 2026,10,1.000,2,True
Summer Sarajevo GM Mix,56,1.000,2,True
DAV-Go Checkmate IM 2026,10,1.000,2,True
Marshall Summer Inv IMB,10,1.000,2,True
VI Llinars Int Open 2026,126,1.000,1,True
VI Llinars IM 2026,20,1.000,1,True
Vilnius Open 2026,42,1.000,2,True
Vilnius IM 2026,10,1.000,2,True
XLV Nyirseg Torna 2026,22,1.000,2,True
4th MartonVal Open 2026,37,1.000,2,True
59th Biel GMT Classical,6,1.000,1,True
59th Biel INV Classical,6,1.000,1,True
ch-USA Junior 2026,10,1.000,1,True
ch-USA Girls 2026,10,1.000,1,True
ch-USA Seniors 2026,10,1.000,1,True
ch-USA Senior Women 2026,9,1.000,1,True
ch-USA Senior Women Cancelled 2026,2,1.000,1,True
Wood Green Inv 2026,10,1.000,2,True
Quantbox Chennai GM 2026,8,1.000,1,True
26th Sant Marti Open 2026,117,1.000,1,True
97th DEM 2026,10,1.000,1,True
97th DFEM 2026,10,1.000,1,True
Serbia Open 2026,239,1.000,1,True
37th Czech Open E 2026,229,1.000,1,True
42nd Andorra Open 2026,117,1.000,1,True
47th Ghent Open 2026,124,1.000,1,True
4th Dole Open 2026,128,1.000,1,True
Asian Youth U18 2026,37,1.000,1,True
125th ch-SUI TB 2026,2,1.000,3,False
34th Heart of Finland Op,74,1.000,1,True
6th Monteolivete Int Open,43,1.000,1,True
14th New York Int 2026,54,1.000,2,True
58th Iranian Men 1405,24,1.000,1,True
36th Iranian Women 1405,16,1.000,1,True
I Fuxan Os Ventos 2026,40,1.000,1,True
59th Biel GMT Cl Final,4,1.000,1,True
59th Biel INV Cl Final,3,1.000,1,True
ch-USA Seniors TB 2026,2,1.000,4,False
37th Czech Open A 2026,242,1.000,1,True
14th Pontevedra Open 2026,49,1.000,1,True
Peru Independence Cup,10,1.000,2,True
50th Sitges Open 2026,58,1.000,1,True
Romania GP Brasov 2026,127,1.000,1,True
40th Avoine Open 2026,58,1.000,1,True
12th Oviedo Open 2026,45,1.000,1,True
13th Famalicao Open 2026,60,1.000,2,True
19th Paleochora Open 2026,89,1.000,1,True
Stockholm Summer Nights,72,1.000,1,True
3rd Lehrter Comitec IM,10,1.000,2,True
Chess Summer Sarajevo GM3,10,1.000,2,True
Fuby Akademi Norm 4 GM,10,1.000,2,True
Fuby Akademi Norm 4 IM,10,1.000,2,True
Vezerkepzo July IM-A,10,1.000,2,True
Vezerkepzo July IM-B,10,1.000,2,True
La Proa de Fiesta - ITT,10,1.000,2,True
OBRO CXU Int. 2026,47,1.000,2,True
Sussex University Masters,62,1.000,2,True
112th ch-GBR Major Open,165,1.000,1,True
53rd Sparkassen Open A,94,1.000,1,True
35th Kavala Open 2026,179,1.000,1,True
Scheldemond Open 2026,133,1.000,1,True
Utrecht Masters 2026,10,1.000,2,True
Werner-Ott-Open 2026,40,1.000,1,True
Znojmo Open 2026,30,1.000,1,True
30th Battle of Senta Open,38,1.000,1,True
RUDAR 53 IM 2026,10,1.000,2,True
RUDAR 34 GM 2026,10,1.000,2,True
30th Creon Open 2026,6,1.000,1,True
SixDays Budapest July GMA,20,1.000,2,True
SixDays Budapest July GMB,20,1.000,2,True
SixDays Budapest July IMA,20,1.000,2,True
SixDays Budapest July IMB,20,1.000,2,True
SixDays Budapest July IMC,18,1.000,2,True
7th Paul Keres Open A,64,1.000,2,True
13th Washington Int 2026,43,1.000,1,True
2nd Bangkok Summer Open,89,1.000,1,True
Copenhagen CC GM 2026,20,1.000,2,True
Copenhagen CC IM 2026,20,1.000,2,True
Granada Chess Open 2026,273,1.000,1,True
RADNICKICHESS IM Jul 2026,10,1.000,1,True
Rogachev Masters 2026,20,1.000,2,True
Glorney Cup 2026,30,1.000,2,True
Robinson Cup 2026,33,1.000,2,True
Stokes Cup 2026,30,1.000,2,True
TCh-CHN League B 2026,153,1.000,1,True
112th ch-GBR w TB 2026,2,1.000,2,True
Int. Frauenturnier,4,1.000,1,True
Int. Frauenturnier TB,4,1.000,6,False
13th Prague Summer Open,103,1.000,1,True
15th Split Open 2026,81,1.000,1,True
24th Spilimbergo Open,134,1.000,1,True
48th Georgi Tringov,25,1.000,2,True
99th ch-FRA Accession,32,1.000,1,True
9th SKG Open 2026,49,1.000,2,True
Belt and Road Kuqa Open A,35,1.000,2,True
European Juniors 2026,68,1.000,1,True
European Girls 2026,43,1.000,1,True
Grafica Yael ITT 2026,10,1.000,2,True
Stare Mesto Open 2026,39,1.000,1,True
ch-Quebec 2026,10,1.000,2,True
50th Badalona Open 2026,31,1.000,1,True
2nd MCF GM Inv 2026,20,1.000,2,True
2nd MCF IM Inv 2026,20,1.000,2,True
2nd MCF Masters Inv 2026,18,1.000,2,True
2nd MCF Women Inv 2026,18,1.000,2,True
39th Sonnenterassen Open,38,1.000,1,True
41st Geraardsbergen Open,31,1.000,1,True
5th Leca Chess Open 2026,168,1.000,1,True
FSGM August 2026,10,1.000,2,True
FSIMA August 2026,10,1.000,2,True
FSIMB August 2026,10,1.000,2,True
29th Pannonia Cup 2026,117,1.000,2,True
318th YMCA Summer A 2026,12,1.000,1,True
RUDAR 54 IM 2026,20,1.000,2,True
RUDAR 54A IM 2026,20,1.000,2,True
RUDAR 35 GM 2026,20,1.000,2,True
RUDAR 35A GM 2026,20,1.000,2,True
TCh-TUR 2nd League 2026,171,1.000,1,True
FIDE World Uni Teams A,15,1.000,2,True
FIDE World Uni Teams C,19,1.000,2,True
FIDE World Uni Teams D,18,1.000,2,True
FIDE World Uni Teams KO,38,1.000,2,True
13th Sinquefield Cup,10,1.000,1,True
6th Cairns Cup 2026,10,1.000,1,True
62nd Rubinstein ALREH GM,10,1.000,1,True
36th ch-SLO 2026,37,1.000,1,True
Brasschaat Open 2026,56,1.000,1,True
Smuk Skak GM 2026,10,1.000,1,True
ch-AUT 2026,10,1.000,1,True
75th ch-Warsaw 2026,20,1.000,1,True
RUDAR 36 GM 2026,10,1.000,2,True
RUDAR 36A GM 2026,10,1.000,2,True
35th Pobla De Lillet Open,44,1.000,1,True
La Palma Island Open 2026,85,1.000,1,True
77th ch-ARG w 2026,16,1.000,1,True
ch-CRO w 2026,11,1.000,1,True
13th Sinquefield Cup TB,2,1.000,3,False
91st ch-ESP 2026,136,1.000,1,True
Asian Junior Girls 2026,66,1.000,2,True
Schach Tirol Open 2026,49,1.000,1,True
11th Ideon Andron Op 2026,20,1.000,1,True
27th Olomouc A GM 2026,10,1.000,2,True
27th Olomouc B1 IM 2026,10,1.000,2,True
27th Olomouc B2 IM 2026,10,1.000,2,True
27th Olomouc B3 IM 2026,10,1.000,2,True
Kapadokya Int. Open 2026,76,1.000,2,True
Wuerttemberg WEM-M 2026,10,1.000,2,True
Battle of Minds 2 Cl.,2,1.000,1,True
V Kingston Inv 2026,75,1.000,2,True
Zadar Open A 2026,17,1.000,2,True
11th Menchik Mem 2026,10,1.000,2,True
VI Mindsports Int Open,78,1.000,2,True
Ricany Open A 2026,80,1.000,2,True
Korchnoi Mem Open 2026,67,1.000,1,True
7th San Cristobal Open,99,1.000,1,True
97th ch-Bavaria 2026,30,1.000,2,True
9th Golden Apricot 2026,44,1.000,1,True
1st League Rep Srpska,51,1.000,1,True
MyInvestor Casablanca GM,0,not rated yet,2,True
MyInvestor Casablanca IM,0,not rated yet,2,True
MyInvestor Casablanca Op,0,not rated yet,1,True
CCCSA Labor Day GM-A 2026,0,not rated yet,2,True
CCCSA Labor Day GM-B 2026,0,not rated yet,2,True
CCCSA Labor Day IM-C 2026,0,not rated yet,2,True
CCCSA Fall Southeastern,0,not rated yet,1,True
CEE Match 1 2026,0,not rated yet,1,True
CEE Match 2 2026,0,not rated yet,1,True
Guba Open 2026,0,not rated yet,2,True
Marshall CC Labor Day IMQ,0,not rated yet,2,True
Muelheimer 5 Tagesnorm GM,0,not rated yet,2,True
Muelheimer 5 Tagesnorm IM,0,not rated yet,2,True
Saint Charbel Cup 4 2026,0,not rated yet,2,True
Southern California Open,0,not rated yet,2,True
Toronto Open Crown 2026,0,not rated yet,2,True
ch-USA Cadet 2026,0,not rated yet,3,False
Legends and Prodigies II,0,not rated yet,2,True
Legends and Prodigies IIB,0,not rated yet,2,True
Radnicki CC IM 6 2026,0,not rated yet,2,True
8th Bamberg Open 2026,0,not rated yet,1,True
Pall Mall FIDE Open 2026,0,not rated yet,2,True
TCh-POL 1st League 2026,0,not rated yet,1,True
37th TCh-IRQ 2026,0,not rated yet,1,True
1st Medugorje Open 2026,0,not rated yet,2,True
Bratislava Nm Wk Sep IM-A,0,not rated yet,2,True
Bratislava Nm Wk Sep IM-B,0,not rated yet,2,True
Montreal Open 2026,0,not rated yet,2,True
ch-USA Cadet TB 2026,0,not rated yet,2,True
32nd Hotel Adriatico 2026,0,not rated yet,2,True
Radnicki CC IM 7 2026,0,not rated yet,2,True
Berjaya Global Masters,0,not rated yet,2,True
Berjaya Global Challenger,0,not rated yet,1,True
20th Werner-Obermeyer,0,not rated yet,1,True
41st Ezkerraldea Open,0,not rated yet,1,True
TCh-BUL 2026,0,not rated yet,1,True
TCh-SLO Div 1 East 2026,0,not rated yet,1,True
NK Snelschaken Final A,0,not rated yet,11,False
NK Snelschaken Final B,0,not rated yet,11,False
46th Olympiad 2026,0,not rated yet,1,True
46th Olympiad Women 2026,0,not rated yet,1,True
8th Krunoslav Hulak Mem,0,not rated yet,1,True
II Tesoro di San Gennaro,0,not rated yet,2,True
Reykjavik CC Autumn 2026,0,not rated yet,1,True
24th Premier League BIH,0,not rated yet,2,True
Dutch League 2026-27,0,not rated yet,1,True
Lag DM Elit 2026-27,0,not rated yet,1,True
8th Oldrich Kycla Mem A,0,not rated yet,9,False
POLSCA Baltic Chess Open,0,not rated yet,2,True
6th Gambit GM Closed 2026,0,not rated yet,2,True
Volyn Championship 2026,0,not rated yet,2,True
SixDays Sept Open 2026,0,not rated yet,2,True
Hull 4NCL Congress 2026,0,not rated yet,2,True
TCh-FIN 2026-27,0,not rated yet,1,True
TCh-BEL 2026-27,0,not rated yet,1,True
